set,file_name,gt_pct,pct,confidence,width,height,abs_error,px
eval33 (primary),70_RAW.jpg,2.932,3.09,0.96,530,742,0.16,393260
eval33 (primary),61_MG.jpg,16.648,0.76,0.762,285,240,15.89,68400
eval33 (primary),74_RKO.jpg,15.831,0.0,0.969,1103,316,15.83,348548
eval33 (primary),97_HELA.jpg,6.416,4.88,0.96,744,162,1.54,120528
eval33 (primary),48_HT29.jpg,51.602,29.35,0.266,444,416,22.25,184704
eval33 (primary),91_Caki.jpg,15.348,0.01,0.911,436,477,15.34,207972
eval33 (primary),90_ACHN.jpg,11.274,9.12,0.673,264,144,2.15,38016
eval33 (primary),100_SKBR.jpg,17.346,13.37,0.919,164,85,3.98,13940
eval33 (primary),32_FADU.jpg,58.611,55.85,0.645,330,324,2.76,106920
eval33 (primary),84_T47D.jpg,19.134,16.25,0.906,356,222,2.88,79032
eval33 (primary),88_786O.jpg,8.86,0.98,0.864,409,316,7.88,129244
eval33 (primary),83_SW480.jpg,6.398,3.09,0.923,140,376,3.31,52640
eval33 (primary),10_C2C12.jpg,33.976,23.59,0.338,338,275,10.39,92950
eval33 (primary),21_CHO.jpg,16.284,7.7,0.912,335,310,8.58,103850
eval33 (primary),2_769p.jpg,19.972,6.6,0.529,387,794,13.37,307278
eval33 (primary),35_HCT.jpg,26.603,24.13,0.896,226,186,2.47,42036
eval33 (primary),64_NIH.jpg,10.66,5.17,0.865,948,510,5.49,483480
eval33 (primary),34_HCT116.jpg,26.665,11.44,0.425,312,318,15.22,99216
eval33 (primary),54_MCF.jpg,8.052,8.38,0.879,706,578,0.33,408068
eval33 (primary),25_DLD.jpg,30.074,10.0,0.0,264,250,20.07,66000
eval33 (primary),98_HT1080.jpg,4.819,3.34,0.96,596,579,1.48,345084
eval33 (primary),36_HEL299.jpg,11.364,9.04,0.892,718,544,2.32,390592
eval33 (primary),58_MDAMB.jpg,7.988,3.21,0.861,337,188,4.78,63356
eval33 (primary),78_SH-SY5Y.jpg,6.237,5.2,0.936,283,367,1.04,103861
eval33 (primary),66_PC3.jpg,5.499,5.13,0.969,506,412,0.37,208472
eval33 (primary),23_Colo.jpg,22.349,14.95,0.899,80,83,7.4,6640
eval33 (primary),52_MCC.jpg,12.292,0.0,1.0,272,285,12.29,77520
eval33 (primary),6_786O.jpg,34.875,22.91,0.56,420,432,11.96,181440
eval33 (primary),14_Caco-2.jpg,54.865,31.47,0.836,69,42,23.4,2898
eval33 (primary),51_LNCaP.jpg,19.374,0.0,1.0,220,178,19.37,39160
eval33 (primary),41_HELA.jpg,21.429,16.87,0.783,332,262,4.56,86984
eval33 (primary),29_DU.jpg,17.497,3.8,0.896,336,274,13.7,92064
eval33 (primary),73_RKO.jpg,17.912,15.05,0.926,127,199,2.86,25273
calib65 (secondary),11_C2C12.jpg,19.008,4.56,0.902,1680,1132,14.45,1901760
calib65 (secondary),12_C2C12.jpg,24.741,0.0,0.942,596,588,24.74,350448
calib65 (secondary),13_Caco-2.jpg,13.046,6.21,0.737,548,466,6.84,255368
calib65 (secondary),15_Caco-2.jpg,65.115,0.0,1.0,324,315,65.11,102060
calib65 (secondary),16_Caki.jpg,22.856,0.03,0.891,384,398,22.83,152832
calib65 (secondary),17_Caki.jpg,7.59,4.64,0.914,1827,882,2.95,1611414
calib65 (secondary),18_Caki.jpg,27.628,21.09,0.739,606,706,6.54,427836
calib65 (secondary),19_CHO.jpg,17.433,8.3,0.662,1000,928,9.13,928000
calib65 (secondary),1_769p.jpg,13.231,7.63,0.807,420,372,5.6,156240
calib65 (secondary),20_CHO.jpg,19.041,16.6,0.898,1318,1034,2.44,1362812
calib65 (secondary),22_Colo.jpg,26.607,24.58,0.834,67,75,2.03,5025
calib65 (secondary),24_DLD.jpg,50.903,42.76,0.496,449,429,8.14,192621
calib65 (secondary),27_DU.jpg,23.419,1.89,0.859,1156,920,21.53,1063520
calib65 (secondary),28_DU.jpg,9.802,9.06,0.963,776,826,0.74,640976
calib65 (secondary),30_FADU.jpg,30.063,26.04,0.849,372,304,4.02,113088
calib65 (secondary),31_FADU.jpg,21.312,19.08,0.899,444,228,2.23,101232
calib65 (secondary),33_HCT116.jpg,37.9,13.89,0.414,596,504,24.01,300384
calib65 (secondary),37_HEL299.jpg,21.32,0.06,0.94,508,382,21.26,194056
calib65 (secondary),38_HEL299.jpg,15.614,19.04,0.23,1188,716,3.43,850608
calib65 (secondary),39_HELA.jpg,19.799,3.32,0.766,442,413,16.48,182546
calib65 (secondary),3_769p.jpg,5.924,0.0,1.0,395,284,5.92,112180
calib65 (secondary),40_HELA.jpg,34.582,1.01,0.987,1360,1476,33.57,2007360
calib65 (secondary),42_hMSC.jpg,15.291,13.57,0.722,928,1052,1.72,976256
calib65 (secondary),43_hMSC.jpg,18.555,1.42,0.969,606,620,17.13,375720
calib65 (secondary),44_HT1080.jpg,8.543,0.9,0.968,1796,1728,7.64,3103488
calib65 (secondary),45_HT1080.jpg,9.361,1.3,0.829,599,542,8.06,324658
calib65 (secondary),46_HT1080.jpg,11.679,1.7,0.948,491,390,9.98,191490
calib65 (secondary),47_HT29.jpg,6.101,5.65,0.939,439,395,0.45,173405
calib65 (secondary),49_HT29.jpg,57.56,18.48,0.806,93,81,39.08,7533
calib65 (secondary),4_786O.jpg,12.338,0.0,1.0,379,291,12.34,110289
calib65 (secondary),50_LNCaP.jpg,9.022,7.45,0.943,930,618,1.57,574740
calib65 (secondary),53_MCC.jpg,15.332,11.16,0.814,774,720,4.17,557280
calib65 (secondary),55_MCF.jpg,2.241,2.22,0.991,486,1620,0.02,787320
calib65 (secondary),56_MCF.jpg,15.204,0.11,0.92,848,816,15.09,691968
calib65 (secondary),57_MDAMB.jpg,9.684,2.42,0.878,876,840,7.26,735840
calib65 (secondary),59_MDAMB.jpg,12.874,6.45,0.899,396,344,6.42,136224
calib65 (secondary),5_786O.jpg,26.387,10.54,0.693,928,1108,15.85,1028224
calib65 (secondary),60_MG.jpg,29.76,0.0,0.961,832,688,29.76,572416
calib65 (secondary),62_MG.jpg,10.298,3.36,0.799,916,860,6.94,787760
calib65 (secondary),63_NIH.jpg,1.315,0.96,0.985,2160,2160,0.36,4665600
calib65 (secondary),65_NIH.jpg,10.419,6.89,0.889,152,270,3.53,41040
calib65 (secondary),67_PC3.jpg,17.792,8.66,0.811,864,1292,9.13,1116288
calib65 (secondary),68_PC3.jpg,24.805,8.97,0.501,291,292,15.84,84972
calib65 (secondary),69_RAW.jpg,7.359,6.56,0.955,716,990,0.8,708840
calib65 (secondary),71_RAW.jpg,5.038,1.43,0.959,2088,1408,3.61,2939904
calib65 (secondary),72_RAW.jpg,8.078,4.91,0.884,400,446,3.17,178400
calib65 (secondary),75_RKO.jpg,26.171,12.56,0.336,224,416,13.61,93184
calib65 (secondary),76_SH-SY5Y.jpg,3.284,2.99,0.959,248,1034,0.29,256432
calib65 (secondary),77_SH-SY5Y.jpg,19.119,5.17,0.668,940,900,13.95,846000
calib65 (secondary),79_SKBR.jpg,27.001,5.99,0.962,226,189,21.01,42714
calib65 (secondary),7_ACHN.jpg,28.414,18.1,0.776,223,273,10.31,60879
calib65 (secondary),80_SKBR.jpg,3.367,2.64,0.978,538,1024,0.73,550912
calib65 (secondary),81_SW480.jpg,2.366,2.25,0.99,1238,1024,0.12,1267712
calib65 (secondary),82_SW480.jpg,5.625,5.26,0.964,944,584,0.37,551296
calib65 (secondary),85_T47D.jpg,34.771,28.65,0.805,279,169,6.12,47151
calib65 (secondary),87_769p.jpg,3.629,3.14,0.94,746,678,0.49,505788
calib65 (secondary),89_786O.jpg,18.723,16.01,0.877,205,241,2.71,49405
calib65 (secondary),8_ACHN.jpg,10.297,8.46,0.869,216,248,1.84,53568
calib65 (secondary),92_CHO.jpg,7.88,2.92,0.924,534,682,4.96,364188
calib65 (secondary),93_FADU.jpg,12.479,8.96,0.929,558,656,3.52,366048
calib65 (secondary),94_FADU.jpg,9.746,7.28,0.865,487,343,2.47,167041
calib65 (secondary),95_HCT116.jpg,11.143,2.37,0.808,544,520,8.77,282880
calib65 (secondary),96_HELA.jpg,17.208,2.19,0.864,1192,752,15.02,896384
calib65 (secondary),99_HT29.jpg,25.254,22.07,0.895,468,420,3.18,196560
calib65 (secondary),9_ACHN.jpg,32.043,0.0,1.0,672,372,32.04,249984
