file_name,split,tier,gt_pct,pct_cut0,conf_cut0,pct_cut-3.5,conf_cut-3.5
100_SKBR.jpg,eval33,medium,17.346,13.36,0.921,16.65,0.913
10_C2C12.jpg,eval33,easy,33.976,23.57,0.338,37.95,0.756
11_C2C12.jpg,calib65,medium,19.008,4.56,0.902,15.32,0.552
12_C2C12.jpg,calib65,difficult,24.741,0.0,0.942,6.89,0.777
13_Caco-2.jpg,calib65,difficult,13.046,6.21,0.737,13.59,0.934
14_Caco-2.jpg,eval33,medium,54.865,31.5,0.834,40.58,0.728
15_Caco-2.jpg,calib65,medium,65.115,0.0,1.0,2.14,0.671
16_Caki.jpg,calib65,difficult,22.856,0.03,0.891,10.56,0.527
17_Caki.jpg,calib65,difficult,7.59,4.64,0.914,7.75,0.911
18_Caki.jpg,calib65,medium,27.628,21.09,0.739,28.24,0.809
19_CHO.jpg,calib65,easy,17.433,8.3,0.662,17.01,0.888
1_769p.jpg,calib65,easy,13.231,7.63,0.807,12.89,0.916
20_CHO.jpg,calib65,easy,19.041,16.6,0.898,21.1,0.898
21_CHO.jpg,eval33,medium,16.284,7.69,0.912,13.61,0.809
22_Colo.jpg,calib65,medium,26.607,24.58,0.834,29.43,0.906
23_Colo.jpg,eval33,medium,22.349,14.92,0.901,19.13,0.892
24_DLD.jpg,calib65,difficult,50.903,42.76,0.496,66.94,0.227
25_DLD.jpg,eval33,medium,30.074,9.89,0.0,32.09,0.857
27_DU.jpg,calib65,medium,23.419,1.89,0.859,15.37,0.195
28_DU.jpg,calib65,easy,9.802,9.06,0.963,10.69,0.704
29_DU.jpg,eval33,medium,17.497,3.79,0.9,14.71,0.748
2_769p.jpg,eval33,difficult,19.972,6.6,0.507,37.64,0.544
30_FADU.jpg,calib65,easy,30.063,26.04,0.849,33.0,0.83
31_FADU.jpg,calib65,medium,21.312,19.08,0.899,22.61,0.92
32_FADU.jpg,eval33,difficult,58.611,55.83,0.644,66.96,0.677
33_HCT116.jpg,calib65,medium,37.9,13.89,0.414,35.45,0.74
34_HCT116.jpg,eval33,difficult,26.665,11.31,0.423,29.29,0.806
35_HCT.jpg,eval33,easy,26.603,24.12,0.896,29.5,0.86
36_HEL299.jpg,eval33,easy,11.364,9.04,0.892,14.79,0.831
37_HEL299.jpg,calib65,difficult,21.32,0.06,0.94,60.57,0.048
38_HEL299.jpg,calib65,medium,15.614,19.04,0.23,52.85,0.525
39_HELA.jpg,calib65,difficult,19.799,3.32,0.766,15.41,0.656
3_769p.jpg,calib65,difficult,5.924,0.0,1.0,2.19,0.836
40_HELA.jpg,calib65,difficult,34.582,1.01,0.987,2.77,0.9
41_HELA.jpg,eval33,easy,21.429,16.89,0.784,24.73,0.826
42_hMSC.jpg,calib65,medium,15.291,13.57,0.722,22.16,0.743
43_hMSC.jpg,calib65,difficult,18.555,1.42,0.969,23.67,0.232
44_HT1080.jpg,calib65,difficult,8.543,0.9,0.968,3.81,0.857
45_HT1080.jpg,calib65,difficult,9.361,1.3,0.829,18.88,0.484
46_HT1080.jpg,calib65,medium,11.679,1.7,0.948,5.93,0.816
47_HT29.jpg,calib65,easy,6.101,5.65,0.939,8.62,0.932
48_HT29.jpg,eval33,medium,51.602,29.3,0.265,52.91,0.829
49_HT29.jpg,calib65,difficult,57.56,18.48,0.806,45.37,0.0
4_786O.jpg,calib65,medium,12.338,0.0,1.0,10.77,0.789
50_LNCaP.jpg,calib65,medium,9.022,7.45,0.943,9.73,0.919
51_LNCaP.jpg,eval33,difficult,19.374,0.0,1.0,14.41,0.464
52_MCC.jpg,eval33,difficult,12.292,0.0,1.0,16.2,0.126
53_MCC.jpg,calib65,medium,15.332,11.16,0.814,16.89,0.879
54_MCF.jpg,eval33,easy,8.052,8.39,0.878,20.75,0.466
55_MCF.jpg,calib65,easy,2.241,2.22,0.991,3.2,0.959
56_MCF.jpg,calib65,medium,15.204,0.11,0.92,5.27,0.779
57_MDAMB.jpg,calib65,medium,9.684,2.42,0.878,8.78,0.848
58_MDAMB.jpg,eval33,medium,7.988,3.2,0.863,8.87,0.921
59_MDAMB.jpg,calib65,easy,12.874,6.45,0.899,10.62,0.804
5_786O.jpg,calib65,medium,26.387,10.54,0.693,26.77,0.414
60_MG.jpg,calib65,medium,29.76,0.0,0.961,5.32,0.659
61_MG.jpg,eval33,medium,16.648,0.81,0.762,13.78,0.772
62_MG.jpg,calib65,easy,10.298,3.36,0.799,10.53,0.901
63_NIH.jpg,calib65,easy,1.315,0.96,0.985,2.16,0.972
64_NIH.jpg,eval33,medium,10.66,5.17,0.865,11.71,0.859
65_NIH.jpg,calib65,medium,10.419,6.89,0.889,12.5,0.83
66_PC3.jpg,eval33,easy,5.499,5.13,0.969,6.6,0.966
67_PC3.jpg,calib65,easy,17.792,8.66,0.811,13.86,0.921
68_PC3.jpg,calib65,difficult,24.805,8.97,0.501,22.99,0.78
69_RAW.jpg,calib65,easy,7.359,6.56,0.955,8.32,0.954
6_786O.jpg,eval33,easy,34.875,22.91,0.561,38.45,0.772
70_RAW.jpg,eval33,easy,2.932,3.09,0.961,10.02,0.557
71_RAW.jpg,calib65,medium,5.038,1.43,0.959,4.78,0.898
72_RAW.jpg,calib65,difficult,8.078,4.91,0.884,9.88,0.914
73_RKO.jpg,eval33,easy,17.912,15.05,0.926,18.72,0.901
74_RKO.jpg,eval33,difficult,15.831,0.0,0.97,14.88,0.506
75_RKO.jpg,calib65,difficult,26.171,12.56,0.336,32.87,0.754
76_SH-SY5Y.jpg,calib65,easy,3.284,2.99,0.959,5.69,0.89
77_SH-SY5Y.jpg,calib65,difficult,19.119,5.17,0.668,28.14,0.272
78_SH-SY5Y.jpg,eval33,difficult,6.237,5.2,0.936,8.44,0.808
79_SKBR.jpg,calib65,easy,27.001,5.99,0.962,7.95,0.944
7_ACHN.jpg,calib65,medium,28.414,18.1,0.776,26.28,0.782
80_SKBR.jpg,calib65,easy,3.367,2.64,0.978,4.44,0.876
81_SW480.jpg,calib65,easy,2.366,2.25,0.99,2.75,0.985
82_SW480.jpg,calib65,easy,5.625,5.26,0.964,7.07,0.916
83_SW480.jpg,eval33,difficult,6.398,3.09,0.924,6.27,0.884
84_T47D.jpg,eval33,easy,19.134,16.25,0.907,20.26,0.906
85_T47D.jpg,calib65,difficult,34.771,28.65,0.805,36.92,0.798
87_769p.jpg,calib65,easy,3.629,3.14,0.94,4.62,0.833
88_786O.jpg,eval33,medium,8.86,0.99,0.864,9.44,0.91
89_786O.jpg,calib65,easy,18.723,16.01,0.877,20.68,0.893
8_ACHN.jpg,calib65,difficult,10.297,8.46,0.869,13.95,0.869
90_ACHN.jpg,eval33,easy,11.274,9.1,0.665,12.9,0.912
91_Caki.jpg,eval33,difficult,15.348,0.01,0.911,12.47,0.551
92_CHO.jpg,calib65,medium,7.88,2.92,0.924,7.07,0.776
93_FADU.jpg,calib65,easy,12.479,8.96,0.929,11.58,0.92
94_FADU.jpg,calib65,medium,9.746,7.28,0.865,10.21,0.941
95_HCT116.jpg,calib65,difficult,11.143,2.37,0.808,11.85,0.885
96_HELA.jpg,calib65,difficult,17.208,2.19,0.864,6.26,0.877
97_HELA.jpg,eval33,easy,6.416,4.88,0.961,6.61,0.961
98_HT1080.jpg,eval33,difficult,4.819,3.33,0.96,11.71,0.383
99_HT29.jpg,calib65,easy,25.254,22.07,0.895,26.74,0.888
9_ACHN.jpg,calib65,difficult,32.043,0.0,1.0,0.0,1.0
