setup,name,unit,gt_pct,pct_cut0,conf_cut0,test_cutoff,pct_test,band_pp
evican,100_SKBR.jpg,100_SKBR.jpg,17.346,13.36,0.921,-3.5,16.65,29.404
evican,10_C2C12.jpg,10_C2C12.jpg,33.976,23.57,0.338,-3.5,37.95,29.404
evican,14_Caco-2.jpg,14_Caco-2.jpg,54.865,31.5,0.834,-3.5,40.58,29.404
evican,21_CHO.jpg,21_CHO.jpg,16.284,7.69,0.912,-3.5,13.61,29.404
evican,23_Colo.jpg,23_Colo.jpg,22.349,14.92,0.901,-3.5,19.13,29.404
evican,25_DLD.jpg,25_DLD.jpg,30.074,9.89,0.0,-3.5,32.09,29.404
evican,29_DU.jpg,29_DU.jpg,17.497,3.79,0.9,-3.5,14.71,29.404
evican,2_769p.jpg,2_769p.jpg,19.972,6.6,0.507,-3.5,37.64,29.404
evican,32_FADU.jpg,32_FADU.jpg,58.611,55.83,0.644,-3.5,66.96,29.404
evican,34_HCT116.jpg,34_HCT116.jpg,26.665,11.31,0.423,-3.5,29.29,29.404
evican,35_HCT.jpg,35_HCT.jpg,26.603,24.12,0.896,-3.5,29.5,29.404
evican,36_HEL299.jpg,36_HEL299.jpg,11.364,9.04,0.892,-3.5,14.79,29.404
evican,41_HELA.jpg,41_HELA.jpg,21.429,16.89,0.784,-3.5,24.73,29.404
evican,48_HT29.jpg,48_HT29.jpg,51.602,29.3,0.265,-3.5,52.91,29.404
evican,51_LNCaP.jpg,51_LNCaP.jpg,19.374,0.0,1.0,-3.5,14.41,29.404
evican,52_MCC.jpg,52_MCC.jpg,12.292,0.0,1.0,-3.5,16.2,29.404
evican,54_MCF.jpg,54_MCF.jpg,8.052,8.39,0.878,-3.5,20.75,29.404
evican,58_MDAMB.jpg,58_MDAMB.jpg,7.988,3.2,0.863,-3.5,8.87,29.404
evican,61_MG.jpg,61_MG.jpg,16.648,0.81,0.762,-3.5,13.78,29.404
evican,64_NIH.jpg,64_NIH.jpg,10.66,5.17,0.865,-3.5,11.71,29.404
evican,66_PC3.jpg,66_PC3.jpg,5.499,5.13,0.969,-3.5,6.6,29.404
evican,6_786O.jpg,6_786O.jpg,34.875,22.91,0.561,-3.5,38.45,29.404
evican,70_RAW.jpg,70_RAW.jpg,2.932,3.09,0.961,-3.5,10.02,29.404
evican,73_RKO.jpg,73_RKO.jpg,17.912,15.05,0.926,-3.5,18.72,29.404
evican,74_RKO.jpg,74_RKO.jpg,15.831,0.0,0.97,-3.5,14.88,29.404
evican,78_SH-SY5Y.jpg,78_SH-SY5Y.jpg,6.237,5.2,0.936,-3.5,8.44,29.404
evican,83_SW480.jpg,83_SW480.jpg,6.398,3.09,0.924,-3.5,6.27,29.404
evican,84_T47D.jpg,84_T47D.jpg,19.134,16.25,0.907,-3.5,20.26,29.404
evican,88_786O.jpg,88_786O.jpg,8.86,0.99,0.864,-3.5,9.44,29.404
evican,90_ACHN.jpg,90_ACHN.jpg,11.274,9.1,0.665,-3.5,12.9,29.404
evican,91_Caki.jpg,91_Caki.jpg,15.348,0.01,0.911,-3.5,12.47,29.404
evican,97_HELA.jpg,97_HELA.jpg,6.416,4.88,0.961,-3.5,6.61,29.404
evican,98_HT1080.jpg,98_HT1080.jpg,4.819,3.33,0.96,-3.5,11.71,29.404
livecell,A172_Phase_C7_2_00d00h00m_1.tif,A172_C7_2,11.876,11.19,0.936,-0.5,11.6,5.994
livecell,A172_Phase_C7_2_00d00h00m_2.tif,A172_C7_2,13.821,12.98,0.925,-0.5,13.46,5.994
livecell,A172_Phase_C7_2_00d00h00m_3.tif,A172_C7_2,13.065,12.3,0.932,-0.5,12.71,5.994
livecell,A172_Phase_C7_2_00d00h00m_4.tif,A172_C7_2,10.33,9.52,0.949,-0.5,9.85,5.994
livecell,A172_Phase_C7_2_00d04h00m_1.tif,A172_C7_2,16.952,16.59,0.918,-0.5,17.08,5.994
livecell,A172_Phase_C7_2_00d04h00m_2.tif,A172_C7_2,19.305,18.28,0.904,-0.5,18.91,5.994
livecell,A172_Phase_C7_2_00d04h00m_3.tif,A172_C7_2,19.86,19.06,0.911,-0.5,19.61,5.994
livecell,A172_Phase_C7_2_00d04h00m_4.tif,A172_C7_2,13.49,12.93,0.932,-0.5,13.34,5.994
livecell,A172_Phase_C7_2_00d08h00m_1.tif,A172_C7_2,22.084,21.53,0.9,-0.5,22.12,5.994
livecell,A172_Phase_C7_2_00d08h00m_2.tif,A172_C7_2,23.17,23.02,0.883,-0.5,23.78,5.994
livecell,A172_Phase_C7_2_00d08h00m_3.tif,A172_C7_2,25.969,25.44,0.89,-0.5,26.09,5.994
livecell,A172_Phase_C7_2_00d08h00m_4.tif,A172_C7_2,16.611,16.43,0.922,-0.5,16.91,5.994
livecell,A172_Phase_C7_2_00d12h00m_1.tif,A172_C7_2,28.593,27.96,0.889,-0.5,28.61,5.994
livecell,A172_Phase_C7_2_00d12h00m_2.tif,A172_C7_2,30.384,29.37,0.862,-0.5,30.27,5.994
livecell,A172_Phase_C7_2_00d12h00m_3.tif,A172_C7_2,33.87,30.94,0.884,-0.5,31.64,5.994
livecell,A172_Phase_C7_2_00d12h00m_4.tif,A172_C7_2,24.263,22.09,0.908,-0.5,22.64,5.994
livecell,A172_Phase_C7_2_00d16h00m_1.tif,A172_C7_2,38.116,35.15,0.872,-0.5,35.9,5.994
livecell,A172_Phase_C7_2_00d16h00m_2.tif,A172_C7_2,45.823,41.89,0.848,-0.5,42.8,5.994
livecell,A172_Phase_C7_2_00d16h00m_3.tif,A172_C7_2,42.819,39.52,0.874,-0.5,40.29,5.994
livecell,A172_Phase_C7_2_00d16h00m_4.tif,A172_C7_2,30.782,28.37,0.9,-0.5,28.98,5.994
livecell,A172_Phase_C7_2_00d20h00m_1.tif,A172_C7_2,48.375,43.66,0.858,-0.5,44.5,5.994
livecell,A172_Phase_C7_2_00d20h00m_2.tif,A172_C7_2,53.247,48.1,0.837,-0.5,49.06,5.994
livecell,A172_Phase_C7_2_00d20h00m_3.tif,A172_C7_2,49.466,44.56,0.864,-0.5,45.38,5.994
livecell,A172_Phase_C7_2_00d20h00m_4.tif,A172_C7_2,37.144,33.14,0.897,-0.5,33.77,5.994
livecell,A172_Phase_C7_2_01d00h00m_1.tif,A172_C7_2,51.169,45.82,0.843,-0.5,46.71,5.994
livecell,A172_Phase_C7_2_01d00h00m_2.tif,A172_C7_2,55.74,50.23,0.839,-0.5,51.17,5.994
livecell,A172_Phase_C7_2_01d00h00m_3.tif,A172_C7_2,52.251,46.95,0.846,-0.5,47.87,5.994
livecell,A172_Phase_C7_2_01d00h00m_4.tif,A172_C7_2,36.488,32.15,0.877,-0.5,32.87,5.994
livecell,A172_Phase_C7_2_01d04h00m_1.tif,A172_C7_2,52.782,46.24,0.824,-0.5,47.32,5.994
livecell,A172_Phase_C7_2_01d04h00m_2.tif,A172_C7_2,55.093,49.2,0.822,-0.5,50.22,5.994
livecell,A172_Phase_C7_2_01d04h00m_3.tif,A172_C7_2,47.051,44.76,0.825,-0.5,45.8,5.994
livecell,A172_Phase_C7_2_01d04h00m_4.tif,A172_C7_2,36.099,34.13,0.872,-0.5,34.89,5.994
livecell,A172_Phase_C7_2_01d08h00m_1.tif,A172_C7_2,57.103,54.49,0.818,-0.5,55.52,5.994
livecell,A172_Phase_C7_2_01d08h00m_2.tif,A172_C7_2,54.804,52.64,0.81,-0.5,53.75,5.994
livecell,A172_Phase_C7_2_01d08h00m_3.tif,A172_C7_2,51.08,48.63,0.819,-0.5,49.68,5.994
livecell,A172_Phase_C7_2_01d08h00m_4.tif,A172_C7_2,41.959,39.66,0.849,-0.5,40.58,5.994
livecell,A172_Phase_C7_2_01d12h00m_1.tif,A172_C7_2,65.567,63.78,0.815,-0.5,64.8,5.994
livecell,A172_Phase_C7_2_01d12h00m_2.tif,A172_C7_2,62.176,60.26,0.806,-0.5,61.37,5.994
livecell,A172_Phase_C7_2_01d12h00m_3.tif,A172_C7_2,60.567,57.87,0.8,-0.5,59.01,5.994
livecell,A172_Phase_C7_2_01d12h00m_4.tif,A172_C7_2,47.287,45.08,0.845,-0.5,46.01,5.994
livecell,A172_Phase_C7_2_01d16h00m_1.tif,A172_C7_2,68.762,69.33,0.811,-0.5,70.37,5.994
livecell,A172_Phase_C7_2_01d16h00m_2.tif,A172_C7_2,70.16,70.65,0.808,-0.5,71.71,5.994
livecell,A172_Phase_C7_2_01d16h00m_3.tif,A172_C7_2,63.621,62.3,0.808,-0.5,63.38,5.994
livecell,A172_Phase_C7_2_01d16h00m_4.tif,A172_C7_2,46.659,47.44,0.831,-0.5,48.45,5.994
livecell,A172_Phase_C7_2_01d20h00m_1.tif,A172_C7_2,70.158,73.82,0.783,-0.5,75.03,5.994
livecell,A172_Phase_C7_2_01d20h00m_2.tif,A172_C7_2,72.246,75.41,0.803,-0.5,76.53,5.994
livecell,A172_Phase_C7_2_01d20h00m_3.tif,A172_C7_2,64.011,70.93,0.789,-0.5,72.13,5.994
livecell,A172_Phase_C7_2_01d20h00m_4.tif,A172_C7_2,48.766,52.98,0.822,-0.5,54.0,5.994
livecell,A172_Phase_C7_2_02d00h00m_1.tif,A172_C7_2,72.264,81.27,0.803,-0.5,82.29,5.994
livecell,A172_Phase_C7_2_02d00h00m_2.tif,A172_C7_2,81.021,78.1,0.8,-0.5,79.17,5.994
livecell,A172_Phase_C7_2_02d00h00m_3.tif,A172_C7_2,79.392,76.23,0.817,-0.5,77.22,5.994
livecell,A172_Phase_C7_2_02d00h00m_4.tif,A172_C7_2,62.44,59.31,0.83,-0.5,60.3,5.994
livecell,A172_Phase_C7_2_02d04h00m_1.tif,A172_C7_2,88.572,86.62,0.82,-0.5,87.56,5.994
livecell,A172_Phase_C7_2_02d04h00m_2.tif,A172_C7_2,87.868,86.06,0.825,-0.5,87.03,5.994
livecell,A172_Phase_C7_2_02d04h00m_3.tif,A172_C7_2,85.207,82.93,0.826,-0.5,83.84,5.994
livecell,A172_Phase_C7_2_02d04h00m_4.tif,A172_C7_2,71.023,68.71,0.825,-0.5,69.68,5.994
livecell,A172_Phase_C7_2_02d08h00m_1.tif,A172_C7_2,93.673,92.77,0.868,-0.5,93.45,5.994
livecell,A172_Phase_C7_2_02d08h00m_2.tif,A172_C7_2,93.514,92.86,0.866,-0.5,93.55,5.994
livecell,A172_Phase_C7_2_02d08h00m_3.tif,A172_C7_2,92.368,90.69,0.843,-0.5,91.48,5.994
livecell,A172_Phase_C7_2_02d08h00m_4.tif,A172_C7_2,74.073,76.81,0.839,-0.5,77.7,5.994
livecell,A172_Phase_C7_2_02d12h00m_1.tif,A172_C7_2,93.999,96.24,0.895,-0.5,96.73,5.994
livecell,A172_Phase_C7_2_02d12h00m_2.tif,A172_C7_2,91.45,94.88,0.868,-0.5,95.54,5.994
livecell,A172_Phase_C7_2_02d12h00m_3.tif,A172_C7_2,93.818,97.43,0.915,-0.5,97.85,5.994
livecell,A172_Phase_C7_2_02d12h00m_4.tif,A172_C7_2,82.64,83.53,0.835,-0.5,84.43,5.994
livecell,A172_Phase_C7_2_02d16h00m_1.tif,A172_C7_2,97.636,97.61,0.903,-0.5,98.04,5.994
livecell,A172_Phase_C7_2_02d16h00m_2.tif,A172_C7_2,91.673,96.02,0.878,-0.5,96.58,5.994
livecell,A172_Phase_C7_2_02d16h00m_3.tif,A172_C7_2,94.677,97.36,0.907,-0.5,97.81,5.994
livecell,A172_Phase_C7_2_02d16h00m_4.tif,A172_C7_2,85.732,87.96,0.851,-0.5,88.77,5.994
livecell,A172_Phase_C7_2_02d20h00m_1.tif,A172_C7_2,95.843,98.53,0.905,-0.5,98.95,5.994
livecell,A172_Phase_C7_2_02d20h00m_2.tif,A172_C7_2,98.158,97.43,0.903,-0.5,97.92,5.994
livecell,A172_Phase_C7_2_02d20h00m_3.tif,A172_C7_2,99.201,98.66,0.923,-0.5,98.98,5.994
livecell,A172_Phase_C7_2_02d20h00m_4.tif,A172_C7_2,95.181,93.19,0.881,-0.5,93.82,5.994
livecell,A172_Phase_C7_2_03d00h00m_1.tif,A172_C7_2,99.492,99.04,0.91,-0.5,99.42,5.994
livecell,A172_Phase_C7_2_03d00h00m_2.tif,A172_C7_2,99.017,98.07,0.9,-0.5,98.51,5.994
livecell,A172_Phase_C7_2_03d00h00m_3.tif,A172_C7_2,99.145,98.29,0.91,-0.5,98.76,5.994
livecell,A172_Phase_C7_2_03d00h00m_4.tif,A172_C7_2,95.997,94.14,0.878,-0.5,94.8,5.994
livecell,BT474_Phase_D3_2_00d00h00m_1.tif,BT474_D3_2,12.931,12.23,0.928,-0.5,12.67,5.994
livecell,BT474_Phase_D3_2_00d00h00m_2.tif,BT474_D3_2,9.292,8.37,0.95,-0.5,8.71,5.994
livecell,BT474_Phase_D3_2_00d00h00m_3.tif,BT474_D3_2,10.866,9.57,0.945,-0.5,9.93,5.994
livecell,BT474_Phase_D3_2_00d00h00m_4.tif,BT474_D3_2,11.053,10.32,0.938,-0.5,10.71,5.994
livecell,BT474_Phase_D3_2_00d04h00m_1.tif,BT474_D3_2,15.465,14.66,0.905,-0.5,15.2,5.994
livecell,BT474_Phase_D3_2_00d04h00m_2.tif,BT474_D3_2,12.204,10.13,0.92,-0.5,10.83,5.994
livecell,BT474_Phase_D3_2_00d04h00m_3.tif,BT474_D3_2,13.836,11.84,0.931,-0.5,12.27,5.994
livecell,BT474_Phase_D3_2_00d04h00m_4.tif,BT474_D3_2,13.553,12.09,0.915,-0.5,12.66,5.994
livecell,BT474_Phase_D3_2_00d12h00m_1.tif,BT474_D3_2,18.813,17.09,0.827,-0.5,18.09,5.994
livecell,BT474_Phase_D3_2_00d12h00m_2.tif,BT474_D3_2,13.138,12.59,0.886,-0.5,13.32,5.994
livecell,BT474_Phase_D3_2_00d12h00m_3.tif,BT474_D3_2,15.497,14.31,0.897,-0.5,15.08,5.994
livecell,BT474_Phase_D3_2_00d12h00m_4.tif,BT474_D3_2,16.262,14.52,0.862,-0.5,15.41,5.994
livecell,BT474_Phase_D3_2_00d16h00m_1.tif,BT474_D3_2,20.173,18.55,0.803,-0.5,19.5,5.994
livecell,BT474_Phase_D3_2_00d16h00m_2.tif,BT474_D3_2,17.031,15.34,0.846,-0.5,16.21,5.994
livecell,BT474_Phase_D3_2_00d16h00m_3.tif,BT474_D3_2,17.355,15.38,0.9,-0.5,15.94,5.994
livecell,BT474_Phase_D3_2_00d16h00m_4.tif,BT474_D3_2,18.253,16.25,0.83,-0.5,17.38,5.994
livecell,BT474_Phase_D3_2_01d00h00m_1.tif,BT474_D3_2,21.352,20.74,0.831,-0.5,21.55,5.994
livecell,BT474_Phase_D3_2_01d00h00m_2.tif,BT474_D3_2,19.699,17.93,0.842,-0.5,19.21,5.994
livecell,BT474_Phase_D3_2_01d00h00m_3.tif,BT474_D3_2,18.524,17.57,0.861,-0.5,18.14,5.994
livecell,BT474_Phase_D3_2_01d00h00m_4.tif,BT474_D3_2,20.561,19.21,0.797,-0.5,20.26,5.994
livecell,BT474_Phase_D3_2_01d04h00m_1.tif,BT474_D3_2,22.929,21.9,0.767,-0.5,23.14,5.994
livecell,BT474_Phase_D3_2_01d04h00m_2.tif,BT474_D3_2,19.421,19.14,0.832,-0.5,20.34,5.994
livecell,BT474_Phase_D3_2_01d04h00m_3.tif,BT474_D3_2,17.934,18.25,0.851,-0.5,19.13,5.994
livecell,BT474_Phase_D3_2_01d04h00m_4.tif,BT474_D3_2,18.38,20.28,0.826,-0.5,21.73,5.994
livecell,BT474_Phase_D3_2_01d12h00m_1.tif,BT474_D3_2,25.698,24.59,0.761,-0.5,26.21,5.994
livecell,BT474_Phase_D3_2_01d12h00m_2.tif,BT474_D3_2,19.37,20.28,0.812,-0.5,21.44,5.994
livecell,BT474_Phase_D3_2_01d12h00m_3.tif,BT474_D3_2,21.758,20.33,0.826,-0.5,21.28,5.994
livecell,BT474_Phase_D3_2_01d12h00m_4.tif,BT474_D3_2,20.89,22.76,0.769,-0.5,24.07,5.994
livecell,BT474_Phase_D3_2_01d16h00m_1.tif,BT474_D3_2,28.929,26.38,0.781,-0.5,27.71,5.994
livecell,BT474_Phase_D3_2_01d16h00m_2.tif,BT474_D3_2,23.35,22.63,0.84,-0.5,23.4,5.994
livecell,BT474_Phase_D3_2_01d16h00m_3.tif,BT474_D3_2,23.277,21.58,0.802,-0.5,22.43,5.994
livecell,BT474_Phase_D3_2_01d16h00m_4.tif,BT474_D3_2,25.611,22.45,0.766,-0.5,24.03,5.994
livecell,BT474_Phase_D3_2_02d00h00m_1.tif,BT474_D3_2,26.613,26.15,0.71,-0.5,28.0,5.994
livecell,BT474_Phase_D3_2_02d00h00m_2.tif,BT474_D3_2,25.009,23.67,0.806,-0.5,25.04,5.994
livecell,BT474_Phase_D3_2_02d00h00m_3.tif,BT474_D3_2,24.99,23.27,0.818,-0.5,24.14,5.994
livecell,BT474_Phase_D3_2_02d00h00m_4.tif,BT474_D3_2,27.697,24.75,0.768,-0.5,26.51,5.994
livecell,BT474_Phase_D3_2_02d04h00m_1.tif,BT474_D3_2,28.322,27.95,0.676,-0.5,29.68,5.994
livecell,BT474_Phase_D3_2_02d04h00m_2.tif,BT474_D3_2,22.411,21.65,0.762,-0.5,22.91,5.994
livecell,BT474_Phase_D3_2_02d04h00m_3.tif,BT474_D3_2,25.465,25.61,0.783,-0.5,26.9,5.994
livecell,BT474_Phase_D3_2_02d04h00m_4.tif,BT474_D3_2,22.87,26.0,0.745,-0.5,27.28,5.994
livecell,BT474_Phase_D3_2_02d12h00m_1.tif,BT474_D3_2,26.343,29.39,0.603,-0.5,32.05,5.994
livecell,BT474_Phase_D3_2_02d12h00m_2.tif,BT474_D3_2,21.123,23.41,0.834,-0.5,24.28,5.994
livecell,BT474_Phase_D3_2_02d12h00m_3.tif,BT474_D3_2,23.379,26.45,0.797,-0.5,27.83,5.994
livecell,BT474_Phase_D3_2_02d12h00m_4.tif,BT474_D3_2,27.047,28.27,0.752,-0.5,29.65,5.994
livecell,BT474_Phase_D3_2_02d16h00m_1.tif,BT474_D3_2,26.04,30.74,0.683,-0.5,32.98,5.994
livecell,BT474_Phase_D3_2_02d16h00m_2.tif,BT474_D3_2,22.652,24.11,0.854,-0.5,25.17,5.994
livecell,BT474_Phase_D3_2_02d16h00m_3.tif,BT474_D3_2,24.582,27.98,0.803,-0.5,29.15,5.994
livecell,BT474_Phase_D3_2_02d16h00m_4.tif,BT474_D3_2,28.345,28.88,0.767,-0.5,30.32,5.994
livecell,BT474_Phase_D3_2_03d00h00m_1.tif,BT474_D3_2,35.552,32.85,0.674,-0.5,34.36,5.994
livecell,BT474_Phase_D3_2_03d00h00m_2.tif,BT474_D3_2,28.037,26.26,0.796,-0.5,27.46,5.994
livecell,BT474_Phase_D3_2_03d00h00m_3.tif,BT474_D3_2,32.678,29.07,0.719,-0.5,30.38,5.994
livecell,BT474_Phase_D3_2_03d00h00m_4.tif,BT474_D3_2,29.442,28.31,0.712,-0.5,30.08,5.994
livecell,BT474_Phase_D3_2_03d04h00m_1.tif,BT474_D3_2,31.571,34.41,0.678,-0.5,36.14,5.994
livecell,BT474_Phase_D3_2_03d04h00m_2.tif,BT474_D3_2,22.967,24.23,0.762,-0.5,25.66,5.994
livecell,BT474_Phase_D3_2_03d04h00m_3.tif,BT474_D3_2,31.773,30.22,0.734,-0.5,31.84,5.994
livecell,BT474_Phase_D3_2_03d04h00m_4.tif,BT474_D3_2,27.731,29.75,0.686,-0.5,31.33,5.994
livecell,BT474_Phase_D3_2_03d12h00m_1.tif,BT474_D3_2,32.507,33.38,0.632,-0.5,35.31,5.994
livecell,BT474_Phase_D3_2_03d12h00m_2.tif,BT474_D3_2,26.937,25.05,0.721,-0.5,27.1,5.994
livecell,BT474_Phase_D3_2_03d12h00m_3.tif,BT474_D3_2,31.376,31.91,0.682,-0.5,33.89,5.994
livecell,BT474_Phase_D3_2_03d12h00m_4.tif,BT474_D3_2,29.527,27.5,0.611,-0.5,29.84,5.994
livecell,BT474_Phase_D3_2_03d16h00m_1.tif,BT474_D3_2,37.311,34.04,0.62,-0.5,36.63,5.994
livecell,BT474_Phase_D3_2_03d16h00m_2.tif,BT474_D3_2,26.777,24.93,0.708,-0.5,26.82,5.994
livecell,BT474_Phase_D3_2_03d16h00m_3.tif,BT474_D3_2,34.948,31.56,0.67,-0.5,34.12,5.994
livecell,BT474_Phase_D3_2_03d16h00m_4.tif,BT474_D3_2,28.106,28.97,0.621,-0.5,31.07,5.994
livecell,BT474_Phase_D3_2_04d00h00m_1.tif,BT474_D3_2,32.807,36.07,0.553,-0.5,38.63,5.994
livecell,BT474_Phase_D3_2_04d00h00m_2.tif,BT474_D3_2,27.16,25.36,0.645,-0.5,27.05,5.994
livecell,BT474_Phase_D3_2_04d00h00m_3.tif,BT474_D3_2,32.622,32.12,0.581,-0.5,34.39,5.994
livecell,BT474_Phase_D3_2_04d00h00m_4.tif,BT474_D3_2,31.604,30.44,0.527,-0.5,32.59,5.994
livecell,BT474_Phase_D3_2_04d04h00m_1.tif,BT474_D3_2,36.215,38.0,0.57,-0.5,39.97,5.994
livecell,BT474_Phase_D3_2_04d04h00m_2.tif,BT474_D3_2,26.514,26.46,0.632,-0.5,28.5,5.994
livecell,BT474_Phase_D3_2_04d04h00m_3.tif,BT474_D3_2,35.469,33.21,0.582,-0.5,35.7,5.994
livecell,BT474_Phase_D3_2_04d04h00m_4.tif,BT474_D3_2,31.172,30.61,0.577,-0.5,32.86,5.994
livecell,BT474_Phase_D3_2_04d12h00m_1.tif,BT474_D3_2,31.661,39.44,0.634,-0.5,41.72,5.994
livecell,BT474_Phase_D3_2_04d12h00m_2.tif,BT474_D3_2,24.993,26.93,0.639,-0.5,29.0,5.994
livecell,BT474_Phase_D3_2_04d12h00m_3.tif,BT474_D3_2,33.002,36.34,0.618,-0.5,38.28,5.994
livecell,BT474_Phase_D3_2_04d12h00m_4.tif,BT474_D3_2,28.062,29.56,0.5,-0.5,32.97,5.994
livecell,BT474_Phase_D3_2_04d16h00m_1.tif,BT474_D3_2,35.555,40.22,0.549,-0.5,42.58,5.994
livecell,BT474_Phase_D3_2_04d16h00m_2.tif,BT474_D3_2,20.294,26.96,0.545,-0.5,29.53,5.994
livecell,BT474_Phase_D3_2_04d16h00m_3.tif,BT474_D3_2,27.711,32.69,0.485,-0.5,35.78,5.994
livecell,BT474_Phase_D3_2_04d16h00m_4.tif,BT474_D3_2,23.176,28.41,0.51,-0.5,31.31,5.994
livecell,BT474_Phase_D3_2_05d00h00m_1.tif,BT474_D3_2,41.987,45.07,0.58,-0.5,46.94,5.994
livecell,BT474_Phase_D3_2_05d00h00m_2.tif,BT474_D3_2,24.859,29.35,0.618,-0.5,31.34,5.994
livecell,BT474_Phase_D3_2_05d00h00m_3.tif,BT474_D3_2,33.247,37.09,0.45,-0.5,40.0,5.994
livecell,BT474_Phase_D3_2_05d00h00m_4.tif,BT474_D3_2,23.621,33.23,0.456,-0.5,36.33,5.994
livecell,BV2_Phase_A4_2_00d00h00m_1.tif,BV2_A4_2,0.114,3.08,0.975,-0.5,3.24,5.994
livecell,BV2_Phase_A4_2_00d00h00m_2.tif,BV2_A4_2,2.506,2.17,0.98,-0.5,2.3,5.994
livecell,BV2_Phase_A4_2_00d00h00m_3.tif,BV2_A4_2,3.418,2.8,0.975,-0.5,2.96,5.994
livecell,BV2_Phase_A4_2_00d00h00m_4.tif,BV2_A4_2,2.463,2.08,0.981,-0.5,2.2,5.994
livecell,BV2_Phase_A4_2_00d04h00m_1.tif,BV2_A4_2,4.895,3.99,0.969,-0.5,4.19,5.994
livecell,BV2_Phase_A4_2_00d04h00m_2.tif,BV2_A4_2,2.949,2.45,0.98,-0.5,2.58,5.994
livecell,BV2_Phase_A4_2_00d04h00m_3.tif,BV2_A4_2,3.249,2.59,0.975,-0.5,2.74,5.994
livecell,BV2_Phase_A4_2_00d04h00m_4.tif,BV2_A4_2,3.101,2.77,0.974,-0.5,2.93,5.994
livecell,BV2_Phase_A4_2_00d08h00m_1.tif,BV2_A4_2,5.756,5.11,0.965,-0.5,5.34,5.994
livecell,BV2_Phase_A4_2_00d08h00m_2.tif,BV2_A4_2,3.395,3.1,0.975,-0.5,3.25,5.994
livecell,BV2_Phase_A4_2_00d08h00m_3.tif,BV2_A4_2,4.194,3.51,0.971,-0.5,3.7,5.994
livecell,BV2_Phase_A4_2_00d08h00m_4.tif,BV2_A4_2,3.266,2.9,0.977,-0.5,3.04,5.994
livecell,BV2_Phase_A4_2_00d12h00m_1.tif,BV2_A4_2,6.342,5.66,0.964,-0.5,5.89,5.994
livecell,BV2_Phase_A4_2_00d12h00m_2.tif,BV2_A4_2,4.197,3.77,0.969,-0.5,3.96,5.994
livecell,BV2_Phase_A4_2_00d12h00m_3.tif,BV2_A4_2,4.696,4.27,0.968,-0.5,4.47,5.994
livecell,BV2_Phase_A4_2_00d12h00m_4.tif,BV2_A4_2,4.535,3.91,0.972,-0.5,4.09,5.994
livecell,BV2_Phase_A4_2_00d16h00m_1.tif,BV2_A4_2,7.935,6.79,0.959,-0.5,7.05,5.994
livecell,BV2_Phase_A4_2_00d16h00m_2.tif,BV2_A4_2,4.623,4.06,0.968,-0.5,4.24,5.994
livecell,BV2_Phase_A4_2_00d16h00m_3.tif,BV2_A4_2,6.375,5.46,0.962,-0.5,5.69,5.994
livecell,BV2_Phase_A4_2_00d16h00m_4.tif,BV2_A4_2,5.754,4.95,0.962,-0.5,5.18,5.994
livecell,BV2_Phase_A4_2_00d20h00m_1.tif,BV2_A4_2,9.902,8.56,0.951,-0.5,8.87,5.994
livecell,BV2_Phase_A4_2_00d20h00m_2.tif,BV2_A4_2,6.613,5.32,0.956,-0.5,5.58,5.994
livecell,BV2_Phase_A4_2_00d20h00m_3.tif,BV2_A4_2,7.491,6.23,0.957,-0.5,6.51,5.994
livecell,BV2_Phase_A4_2_00d20h00m_4.tif,BV2_A4_2,7.297,6.06,0.956,-0.5,6.34,5.994
livecell,BV2_Phase_A4_2_01d00h00m_1.tif,BV2_A4_2,12.506,11.0,0.932,-0.5,11.41,5.994
livecell,BV2_Phase_A4_2_01d00h00m_2.tif,BV2_A4_2,7.73,6.58,0.954,-0.5,6.86,5.994
livecell,BV2_Phase_A4_2_01d00h00m_3.tif,BV2_A4_2,9.221,7.94,0.949,-0.5,8.25,5.994
livecell,BV2_Phase_A4_2_01d00h00m_4.tif,BV2_A4_2,8.693,7.36,0.947,-0.5,7.67,5.994
livecell,BV2_Phase_A4_2_01d04h00m_1.tif,BV2_A4_2,15.149,13.52,0.931,-0.5,13.95,5.994
livecell,BV2_Phase_A4_2_01d04h00m_2.tif,BV2_A4_2,9.171,8.2,0.945,-0.5,8.53,5.994
livecell,BV2_Phase_A4_2_01d04h00m_3.tif,BV2_A4_2,10.881,9.65,0.933,-0.5,10.03,5.994
livecell,BV2_Phase_A4_2_01d04h00m_4.tif,BV2_A4_2,10.726,9.24,0.939,-0.5,9.6,5.994
livecell,BV2_Phase_A4_2_01d08h00m_1.tif,BV2_A4_2,19.757,17.48,0.905,-0.5,18.06,5.994
livecell,BV2_Phase_A4_2_01d08h00m_2.tif,BV2_A4_2,12.552,10.51,0.923,-0.5,10.92,5.994
livecell,BV2_Phase_A4_2_01d08h00m_3.tif,BV2_A4_2,13.507,11.43,0.915,-0.5,11.93,5.994
livecell,BV2_Phase_A4_2_01d08h00m_4.tif,BV2_A4_2,13.467,11.63,0.93,-0.5,12.05,5.994
livecell,BV2_Phase_A4_2_01d12h00m_1.tif,BV2_A4_2,21.293,22.07,0.858,-0.5,22.91,5.994
livecell,BV2_Phase_A4_2_01d12h00m_2.tif,BV2_A4_2,12.964,13.56,0.894,-0.5,14.16,5.994
livecell,BV2_Phase_A4_2_01d12h00m_3.tif,BV2_A4_2,15.598,15.01,0.89,-0.5,15.63,5.994
livecell,BV2_Phase_A4_2_01d12h00m_4.tif,BV2_A4_2,15.13,15.08,0.897,-0.5,15.67,5.994
livecell,BV2_Phase_A4_2_01d16h00m_1.tif,BV2_A4_2,24.449,27.24,0.771,-0.5,28.59,5.994
livecell,BV2_Phase_A4_2_01d16h00m_2.tif,BV2_A4_2,17.359,18.64,0.873,-0.5,19.38,5.994
livecell,BV2_Phase_A4_2_01d16h00m_3.tif,BV2_A4_2,17.018,19.04,0.832,-0.5,19.99,5.994
livecell,BV2_Phase_A4_2_01d16h00m_4.tif,BV2_A4_2,14.084,16.72,0.835,-0.5,17.83,5.994
livecell,BV2_Phase_A4_2_01d20h00m_1.tif,BV2_A4_2,35.533,33.28,0.612,-0.5,35.61,5.994
livecell,BV2_Phase_A4_2_01d20h00m_2.tif,BV2_A4_2,23.569,22.5,0.765,-0.5,23.78,5.994
livecell,BV2_Phase_A4_2_01d20h00m_3.tif,BV2_A4_2,25.762,23.99,0.745,-0.5,25.59,5.994
livecell,BV2_Phase_A4_2_01d20h00m_4.tif,BV2_A4_2,22.561,22.18,0.751,-0.5,23.59,5.994
livecell,BV2_Phase_A4_2_02d00h00m_1.tif,BV2_A4_2,40.776,43.38,0.471,-0.5,46.68,5.994
livecell,BV2_Phase_A4_2_02d00h00m_2.tif,BV2_A4_2,27.864,26.63,0.748,-0.5,28.24,5.994
livecell,BV2_Phase_A4_2_02d00h00m_3.tif,BV2_A4_2,28.012,28.4,0.663,-0.5,30.51,5.994
livecell,BV2_Phase_A4_2_02d00h00m_4.tif,BV2_A4_2,25.294,23.98,0.743,-0.5,25.68,5.994
livecell,BV2_Phase_A4_2_02d04h00m_1.tif,BV2_A4_2,51.103,43.64,0.29,-0.5,48.56,5.994
livecell,BV2_Phase_A4_2_02d04h00m_2.tif,BV2_A4_2,39.183,32.22,0.645,-0.5,34.5,5.994
livecell,BV2_Phase_A4_2_02d04h00m_3.tif,BV2_A4_2,0.086,34.81,0.545,-0.5,37.85,5.994
livecell,BV2_Phase_A4_2_02d04h00m_4.tif,BV2_A4_2,37.438,28.68,0.498,-0.5,32.09,5.994
livecell,BV2_Phase_A4_2_02d08h00m_1.tif,BV2_A4_2,39.539,45.65,0.246,-0.5,50.22,5.994
livecell,BV2_Phase_A4_2_02d08h00m_2.tif,BV2_A4_2,36.543,33.08,0.569,-0.5,35.67,5.994
livecell,BV2_Phase_A4_2_02d08h00m_3.tif,BV2_A4_2,46.898,38.23,0.47,-0.5,41.74,5.994
livecell,BV2_Phase_A4_2_02d08h00m_4.tif,BV2_A4_2,35.375,27.48,0.525,-0.5,30.49,5.994
livecell,BV2_Phase_A4_2_02d12h00m_1.tif,BV2_A4_2,51.596,40.15,0.066,-0.5,46.65,5.994
livecell,BV2_Phase_A4_2_02d12h00m_2.tif,BV2_A4_2,39.972,34.08,0.469,-0.5,37.62,5.994
livecell,BV2_Phase_A4_2_02d12h00m_3.tif,BV2_A4_2,54.209,47.84,0.488,-0.5,50.82,5.994
livecell,BV2_Phase_A4_2_02d12h00m_4.tif,BV2_A4_2,39.531,32.22,0.433,-0.5,35.82,5.994
livecell,BV2_Phase_A4_2_02d16h00m_1.tif,BV2_A4_2,49.016,39.55,0.027,-0.5,46.05,5.994
livecell,BV2_Phase_A4_2_02d16h00m_2.tif,BV2_A4_2,34.256,34.72,0.423,-0.5,38.78,5.994
livecell,BV2_Phase_A4_2_02d16h00m_3.tif,BV2_A4_2,51.388,53.97,0.487,-0.5,57.1,5.994
livecell,BV2_Phase_A4_2_02d16h00m_4.tif,BV2_A4_2,32.582,32.68,0.358,-0.5,36.85,5.994
livecell,BV2_Phase_A4_2_02d20h00m_1.tif,BV2_A4_2,52.079,41.57,0.0,-0.5,49.51,5.994
livecell,BV2_Phase_A4_2_02d20h00m_2.tif,BV2_A4_2,46.487,40.36,0.352,-0.5,44.41,5.994
livecell,BV2_Phase_A4_2_02d20h00m_3.tif,BV2_A4_2,63.538,58.92,0.418,-0.5,62.33,5.994
livecell,BV2_Phase_A4_2_02d20h00m_4.tif,BV2_A4_2,44.231,38.88,0.276,-0.5,43.55,5.994
livecell,BV2_Phase_A4_2_03d00h00m_1.tif,BV2_A4_2,30.853,34.32,0.0,-0.5,41.41,5.994
livecell,BV2_Phase_A4_2_03d00h00m_2.tif,BV2_A4_2,27.627,37.08,0.327,-0.5,41.68,5.994
livecell,BV2_Phase_A4_2_03d00h00m_3.tif,BV2_A4_2,50.961,57.94,0.295,-0.5,62.08,5.994
livecell,BV2_Phase_A4_2_03d00h00m_4.tif,BV2_A4_2,28.534,37.54,0.234,-0.5,42.56,5.994
livecell,Huh7_Phase_A12_1_00d00h00m_1.tif,Huh7_A12_1,15.965,16.27,0.91,-0.5,16.83,5.994
livecell,Huh7_Phase_A12_1_00d00h00m_2.tif,Huh7_A12_1,10.133,10.18,0.936,-0.5,10.57,5.994
livecell,Huh7_Phase_A12_1_00d00h00m_3.tif,Huh7_A12_1,12.548,12.03,0.933,-0.5,12.42,5.994
livecell,Huh7_Phase_A12_1_00d00h00m_4.tif,Huh7_A12_1,8.328,7.94,0.963,-0.5,8.18,5.994
livecell,Huh7_Phase_A12_1_00d04h00m_1.tif,Huh7_A12_1,20.123,19.44,0.887,-0.5,20.03,5.994
livecell,Huh7_Phase_A12_1_00d04h00m_2.tif,Huh7_A12_1,12.312,12.09,0.916,-0.5,12.54,5.994
livecell,Huh7_Phase_A12_1_00d04h00m_3.tif,Huh7_A12_1,13.69,13.18,0.934,-0.5,13.57,5.994
livecell,Huh7_Phase_A12_1_00d04h00m_4.tif,Huh7_A12_1,9.349,8.54,0.958,-0.5,8.8,5.994
livecell,Huh7_Phase_A12_1_00d08h00m_1.tif,Huh7_A12_1,21.966,20.48,0.903,-0.5,21.07,5.994
livecell,Huh7_Phase_A12_1_00d08h00m_2.tif,Huh7_A12_1,14.441,13.18,0.916,-0.5,13.67,5.994
livecell,Huh7_Phase_A12_1_00d08h00m_3.tif,Huh7_A12_1,15.205,13.99,0.881,-0.5,14.5,5.994
livecell,Huh7_Phase_A12_1_00d08h00m_4.tif,Huh7_A12_1,8.234,8.57,0.959,-0.5,8.82,5.994
livecell,Huh7_Phase_A12_1_00d12h00m_1.tif,Huh7_A12_1,19.698,20.98,0.903,-0.5,21.58,5.994
livecell,Huh7_Phase_A12_1_00d12h00m_2.tif,Huh7_A12_1,12.482,13.56,0.932,-0.5,13.97,5.994
livecell,Huh7_Phase_A12_1_00d12h00m_3.tif,Huh7_A12_1,16.18,14.93,0.917,-0.5,15.51,5.994
livecell,Huh7_Phase_A12_1_00d12h00m_4.tif,Huh7_A12_1,10.912,9.35,0.937,-0.5,9.66,5.994
livecell,Huh7_Phase_A12_1_00d16h00m_1.tif,Huh7_A12_1,22.959,21.22,0.903,-0.5,21.77,5.994
livecell,Huh7_Phase_A12_1_00d16h00m_2.tif,Huh7_A12_1,11.596,12.49,0.939,-0.5,12.87,5.994
livecell,Huh7_Phase_A12_1_00d16h00m_3.tif,Huh7_A12_1,10.887,12.89,0.903,-0.5,13.41,5.994
livecell,Huh7_Phase_A12_1_00d16h00m_4.tif,Huh7_A12_1,9.96,8.91,0.953,-0.5,9.23,5.994
livecell,Huh7_Phase_A12_1_00d20h00m_1.tif,Huh7_A12_1,24.333,22.21,0.904,-0.5,22.78,5.994
livecell,Huh7_Phase_A12_1_00d20h00m_2.tif,Huh7_A12_1,14.159,12.5,0.931,-0.5,12.86,5.994
livecell,Huh7_Phase_A12_1_00d20h00m_3.tif,Huh7_A12_1,16.858,14.84,0.923,-0.5,15.33,5.994
livecell,Huh7_Phase_A12_1_00d20h00m_4.tif,Huh7_A12_1,10.135,9.39,0.956,-0.5,9.66,5.994
livecell,Huh7_Phase_A12_1_01d00h00m_1.tif,Huh7_A12_1,24.488,23.92,0.853,-0.5,24.63,5.994
livecell,Huh7_Phase_A12_1_01d00h00m_2.tif,Huh7_A12_1,14.091,13.76,0.93,-0.5,14.14,5.994
livecell,Huh7_Phase_A12_1_01d00h00m_3.tif,Huh7_A12_1,16.566,16.29,0.899,-0.5,16.86,5.994
livecell,Huh7_Phase_A12_1_01d00h00m_4.tif,Huh7_A12_1,10.878,11.03,0.953,-0.5,11.29,5.994
livecell,Huh7_Phase_A12_1_01d04h00m_1.tif,Huh7_A12_1,25.404,24.73,0.873,-0.5,25.55,5.994
livecell,Huh7_Phase_A12_1_01d04h00m_2.tif,Huh7_A12_1,14.199,14.35,0.91,-0.5,14.78,5.994
livecell,Huh7_Phase_A12_1_01d04h00m_3.tif,Huh7_A12_1,19.024,17.68,0.887,-0.5,18.65,5.994
livecell,Huh7_Phase_A12_1_01d04h00m_4.tif,Huh7_A12_1,13.056,12.62,0.951,-0.5,12.9,5.994
livecell,Huh7_Phase_A12_1_01d08h00m_1.tif,Huh7_A12_1,27.469,25.54,0.845,-0.5,26.31,5.994
livecell,Huh7_Phase_A12_1_01d08h00m_2.tif,Huh7_A12_1,15.307,14.63,0.902,-0.5,15.07,5.994
livecell,Huh7_Phase_A12_1_01d08h00m_3.tif,Huh7_A12_1,18.935,18.28,0.903,-0.5,18.77,5.994
livecell,Huh7_Phase_A12_1_01d08h00m_4.tif,Huh7_A12_1,14.628,14.05,0.953,-0.5,14.34,5.994
livecell,Huh7_Phase_A12_1_01d12h00m_1.tif,Huh7_A12_1,29.408,28.54,0.85,-0.5,29.3,5.994
livecell,Huh7_Phase_A12_1_01d12h00m_2.tif,Huh7_A12_1,15.715,15.99,0.912,-0.5,16.44,5.994
livecell,Huh7_Phase_A12_1_01d12h00m_3.tif,Huh7_A12_1,17.281,17.46,0.889,-0.5,17.97,5.994
livecell,Huh7_Phase_A12_1_01d12h00m_4.tif,Huh7_A12_1,15.359,15.01,0.954,-0.5,15.29,5.994
livecell,Huh7_Phase_A12_1_01d16h00m_1.tif,Huh7_A12_1,31.58,30.42,0.792,-0.5,31.05,5.994
livecell,Huh7_Phase_A12_1_01d16h00m_2.tif,Huh7_A12_1,16.14,16.37,0.885,-0.5,17.05,5.994
livecell,Huh7_Phase_A12_1_01d16h00m_3.tif,Huh7_A12_1,18.178,17.72,0.89,-0.5,18.15,5.994
livecell,Huh7_Phase_A12_1_01d16h00m_4.tif,Huh7_A12_1,14.635,15.66,0.944,-0.5,15.98,5.994
livecell,Huh7_Phase_A12_1_01d20h00m_1.tif,Huh7_A12_1,27.539,29.82,0.767,-0.5,31.35,5.994
livecell,Huh7_Phase_A12_1_01d20h00m_2.tif,Huh7_A12_1,17.217,18.57,0.894,-0.5,19.1,5.994
livecell,Huh7_Phase_A12_1_01d20h00m_3.tif,Huh7_A12_1,16.944,17.8,0.91,-0.5,18.21,5.994
livecell,Huh7_Phase_A12_1_01d20h00m_4.tif,Huh7_A12_1,15.593,15.13,0.93,-0.5,15.47,5.994
livecell,Huh7_Phase_A12_1_02d00h00m_1.tif,Huh7_A12_1,31.794,31.43,0.795,-0.5,32.53,5.994
livecell,Huh7_Phase_A12_1_02d00h00m_2.tif,Huh7_A12_1,18.883,19.41,0.883,-0.5,20.03,5.994
livecell,Huh7_Phase_A12_1_02d00h00m_3.tif,Huh7_A12_1,18.247,16.99,0.832,-0.5,17.92,5.994
livecell,Huh7_Phase_A12_1_02d00h00m_4.tif,Huh7_A12_1,13.526,12.98,0.915,-0.5,13.38,5.994
livecell,Huh7_Phase_A12_1_02d04h00m_1.tif,Huh7_A12_1,28.093,30.74,0.662,-0.5,32.74,5.994
livecell,Huh7_Phase_A12_1_02d04h00m_2.tif,Huh7_A12_1,17.766,18.29,0.843,-0.5,19.14,5.994
livecell,Huh7_Phase_A12_1_02d04h00m_3.tif,Huh7_A12_1,17.893,16.28,0.837,-0.5,17.14,5.994
livecell,Huh7_Phase_A12_1_02d04h00m_4.tif,Huh7_A12_1,14.895,14.03,0.934,-0.5,14.4,5.994
livecell,Huh7_Phase_A12_1_02d08h00m_1.tif,Huh7_A12_1,33.745,34.03,0.759,-0.5,34.84,5.994
livecell,Huh7_Phase_A12_1_02d08h00m_2.tif,Huh7_A12_1,19.98,19.61,0.866,-0.5,20.51,5.994
livecell,Huh7_Phase_A12_1_02d08h00m_3.tif,Huh7_A12_1,17.056,16.81,0.865,-0.5,17.52,5.994
livecell,Huh7_Phase_A12_1_02d08h00m_4.tif,Huh7_A12_1,15.954,15.42,0.872,-0.5,15.8,5.994
livecell,Huh7_Phase_A12_1_02d12h00m_1.tif,Huh7_A12_1,35.941,33.94,0.716,-0.5,35.92,5.994
livecell,Huh7_Phase_A12_1_02d12h00m_2.tif,Huh7_A12_1,20.704,21.35,0.855,-0.5,21.94,5.994
livecell,Huh7_Phase_A12_1_02d12h00m_3.tif,Huh7_A12_1,19.253,18.33,0.837,-0.5,19.21,5.994
livecell,Huh7_Phase_A12_1_02d12h00m_4.tif,Huh7_A12_1,16.758,17.04,0.925,-0.5,17.39,5.994
livecell,Huh7_Phase_A12_1_02d16h00m_1.tif,Huh7_A12_1,34.186,35.23,0.711,-0.5,36.97,5.994
livecell,Huh7_Phase_A12_1_02d16h00m_2.tif,Huh7_A12_1,21.955,20.55,0.847,-0.5,21.69,5.994
livecell,Huh7_Phase_A12_1_02d16h00m_3.tif,Huh7_A12_1,18.838,17.12,0.835,-0.5,18.03,5.994
livecell,Huh7_Phase_A12_1_02d16h00m_4.tif,Huh7_A12_1,19.415,19.38,0.927,-0.5,19.83,5.994
livecell,Huh7_Phase_A12_1_02d20h00m_1.tif,Huh7_A12_1,39.691,37.3,0.736,-0.5,38.75,5.994
livecell,Huh7_Phase_A12_1_02d20h00m_2.tif,Huh7_A12_1,22.16,21.63,0.829,-0.5,22.19,5.994
livecell,Huh7_Phase_A12_1_02d20h00m_3.tif,Huh7_A12_1,16.061,17.77,0.784,-0.5,18.84,5.994
livecell,Huh7_Phase_A12_1_02d20h00m_4.tif,Huh7_A12_1,21.156,20.45,0.929,-0.5,20.86,5.994
livecell,Huh7_Phase_A12_1_03d00h00m_1.tif,Huh7_A12_1,40.276,39.93,0.665,-0.5,41.16,5.994
livecell,Huh7_Phase_A12_1_03d00h00m_2.tif,Huh7_A12_1,21.665,22.26,0.846,-0.5,23.0,5.994
livecell,Huh7_Phase_A12_1_03d00h00m_3.tif,Huh7_A12_1,15.193,16.78,0.77,-0.5,18.4,5.994
livecell,Huh7_Phase_A12_1_03d00h00m_4.tif,Huh7_A12_1,19.797,19.38,0.819,-0.5,20.44,5.994
livecell,Huh7_Phase_A12_1_03d04h00m_1.tif,Huh7_A12_1,40.919,39.63,0.686,-0.5,41.19,5.994
livecell,Huh7_Phase_A12_1_03d04h00m_2.tif,Huh7_A12_1,22.534,21.69,0.839,-0.5,22.75,5.994
livecell,Huh7_Phase_A12_1_03d04h00m_3.tif,Huh7_A12_1,19.87,17.99,0.819,-0.5,19.32,5.994
livecell,Huh7_Phase_A12_1_03d04h00m_4.tif,Huh7_A12_1,22.374,22.63,0.904,-0.5,23.01,5.994
livecell,Huh7_Phase_A12_1_03d08h00m_1.tif,Huh7_A12_1,38.905,40.14,0.648,-0.5,41.69,5.994
livecell,Huh7_Phase_A12_1_03d08h00m_2.tif,Huh7_A12_1,24.539,24.84,0.873,-0.5,25.36,5.994
livecell,Huh7_Phase_A12_1_03d08h00m_3.tif,Huh7_A12_1,21.21,19.46,0.823,-0.5,21.14,5.994
livecell,Huh7_Phase_A12_1_03d08h00m_4.tif,Huh7_A12_1,25.233,24.62,0.85,-0.5,25.03,5.994
livecell,Huh7_Phase_A12_1_03d12h00m_1.tif,Huh7_A12_1,39.909,43.1,0.717,-0.5,44.34,5.994
livecell,Huh7_Phase_A12_1_03d12h00m_2.tif,Huh7_A12_1,26.19,24.5,0.853,-0.5,25.75,5.994
livecell,Huh7_Phase_A12_1_03d12h00m_3.tif,Huh7_A12_1,23.034,21.41,0.74,-0.5,23.46,5.994
livecell,Huh7_Phase_A12_1_03d12h00m_4.tif,Huh7_A12_1,25.553,24.42,0.877,-0.5,24.9,5.994
livecell,Huh7_Phase_A12_1_03d16h00m_1.tif,Huh7_A12_1,41.693,39.5,0.615,-0.5,42.52,5.994
livecell,Huh7_Phase_A12_1_03d16h00m_2.tif,Huh7_A12_1,26.299,25.48,0.851,-0.5,26.33,5.994
livecell,Huh7_Phase_A12_1_03d16h00m_3.tif,Huh7_A12_1,23.475,25.09,0.828,-0.5,25.54,5.994
livecell,Huh7_Phase_A12_1_03d16h00m_4.tif,Huh7_A12_1,24.569,24.65,0.842,-0.5,25.33,5.994
livecell,Huh7_Phase_A12_1_03d20h00m_1.tif,Huh7_A12_1,45.337,43.23,0.639,-0.5,45.65,5.994
livecell,Huh7_Phase_A12_1_03d20h00m_2.tif,Huh7_A12_1,29.064,25.97,0.834,-0.5,26.8,5.994
livecell,Huh7_Phase_A12_1_03d20h00m_3.tif,Huh7_A12_1,25.762,26.06,0.9,-0.5,26.55,5.994
livecell,Huh7_Phase_A12_1_03d20h00m_4.tif,Huh7_A12_1,28.112,26.01,0.887,-0.5,26.85,5.994
livecell,Huh7_Phase_A12_1_04d00h00m_1.tif,Huh7_A12_1,46.467,44.34,0.495,-0.5,46.8,5.994
livecell,Huh7_Phase_A12_1_04d00h00m_2.tif,Huh7_A12_1,24.31,23.54,0.735,-0.5,24.94,5.994
livecell,Huh7_Phase_A12_1_04d00h00m_3.tif,Huh7_A12_1,27.43,27.65,0.907,-0.5,28.1,5.994
livecell,Huh7_Phase_A12_1_04d00h00m_4.tif,Huh7_A12_1,22.92,23.27,0.89,-0.5,23.93,5.994
livecell,MCF7_Phase_H4_1_00d00h00m_1.tif,MCF7_H4_1,8.5,7.73,0.945,-0.5,8.08,5.994
livecell,MCF7_Phase_H4_1_00d00h00m_2.tif,MCF7_H4_1,8.444,9.34,0.939,-0.5,9.72,5.994
livecell,MCF7_Phase_H4_1_00d00h00m_3.tif,MCF7_H4_1,6.956,7.54,0.951,-0.5,7.84,5.994
livecell,MCF7_Phase_H4_1_00d00h00m_4.tif,MCF7_H4_1,10.278,10.7,0.932,-0.5,11.11,5.994
livecell,MCF7_Phase_H4_1_00d04h00m_1.tif,MCF7_H4_1,8.702,9.35,0.928,-0.5,9.93,5.994
livecell,MCF7_Phase_H4_1_00d04h00m_2.tif,MCF7_H4_1,11.373,11.9,0.931,-0.5,12.33,5.994
livecell,MCF7_Phase_H4_1_00d04h00m_3.tif,MCF7_H4_1,9.189,9.81,0.938,-0.5,10.19,5.994
livecell,MCF7_Phase_H4_1_00d04h00m_4.tif,MCF7_H4_1,13.516,14.33,0.914,-0.5,14.87,5.994
livecell,MCF7_Phase_H4_1_00d08h00m_1.tif,MCF7_H4_1,9.88,11.44,0.918,-0.5,11.91,5.994
livecell,MCF7_Phase_H4_1_00d08h00m_2.tif,MCF7_H4_1,13.103,14.1,0.916,-0.5,14.57,5.994
livecell,MCF7_Phase_H4_1_00d08h00m_3.tif,MCF7_H4_1,11.834,12.15,0.931,-0.5,12.56,5.994
livecell,MCF7_Phase_H4_1_00d08h00m_4.tif,MCF7_H4_1,19.756,18.74,0.903,-0.5,19.3,5.994
livecell,MCF7_Phase_H4_1_00d12h00m_1.tif,MCF7_H4_1,15.05,13.81,0.927,-0.5,14.24,5.994
livecell,MCF7_Phase_H4_1_00d12h00m_2.tif,MCF7_H4_1,16.948,15.85,0.906,-0.5,16.46,5.994
livecell,MCF7_Phase_H4_1_00d12h00m_3.tif,MCF7_H4_1,14.459,13.43,0.923,-0.5,13.85,5.994
livecell,MCF7_Phase_H4_1_00d12h00m_4.tif,MCF7_H4_1,21.539,20.94,0.899,-0.5,21.55,5.994
livecell,MCF7_Phase_H4_1_00d16h00m_1.tif,MCF7_H4_1,15.654,16.14,0.932,-0.5,16.55,5.994
livecell,MCF7_Phase_H4_1_00d16h00m_2.tif,MCF7_H4_1,17.359,17.22,0.902,-0.5,17.81,5.994
livecell,MCF7_Phase_H4_1_00d16h00m_3.tif,MCF7_H4_1,15.777,15.0,0.927,-0.5,15.46,5.994
livecell,MCF7_Phase_H4_1_00d16h00m_4.tif,MCF7_H4_1,24.013,22.68,0.874,-0.5,23.55,5.994
livecell,MCF7_Phase_H4_1_00d20h00m_1.tif,MCF7_H4_1,17.104,18.03,0.932,-0.5,18.45,5.994
livecell,MCF7_Phase_H4_1_00d20h00m_2.tif,MCF7_H4_1,20.411,20.11,0.914,-0.5,20.63,5.994
livecell,MCF7_Phase_H4_1_00d20h00m_3.tif,MCF7_H4_1,16.843,16.53,0.923,-0.5,16.99,5.994
livecell,MCF7_Phase_H4_1_00d20h00m_4.tif,MCF7_H4_1,26.389,25.22,0.896,-0.5,25.82,5.994
livecell,MCF7_Phase_H4_1_01d00h00m_1.tif,MCF7_H4_1,19.52,19.04,0.921,-0.5,19.53,5.994
livecell,MCF7_Phase_H4_1_01d00h00m_2.tif,MCF7_H4_1,19.952,20.57,0.897,-0.5,21.18,5.994
livecell,MCF7_Phase_H4_1_01d00h00m_3.tif,MCF7_H4_1,18.315,17.87,0.899,-0.5,18.37,5.994
livecell,MCF7_Phase_H4_1_01d00h00m_4.tif,MCF7_H4_1,26.84,26.37,0.891,-0.5,27.17,5.994
livecell,MCF7_Phase_H4_1_01d04h00m_1.tif,MCF7_H4_1,18.418,19.51,0.899,-0.5,19.94,5.994
livecell,MCF7_Phase_H4_1_01d04h00m_2.tif,MCF7_H4_1,23.609,22.77,0.903,-0.5,23.27,5.994
livecell,MCF7_Phase_H4_1_01d04h00m_3.tif,MCF7_H4_1,20.463,19.63,0.901,-0.5,20.15,5.994
livecell,MCF7_Phase_H4_1_01d04h00m_4.tif,MCF7_H4_1,29.143,27.75,0.879,-0.5,28.42,5.994
livecell,MCF7_Phase_H4_1_01d08h00m_1.tif,MCF7_H4_1,23.039,22.04,0.927,-0.5,22.47,5.994
livecell,MCF7_Phase_H4_1_01d08h00m_2.tif,MCF7_H4_1,27.627,26.3,0.874,-0.5,26.96,5.994
livecell,MCF7_Phase_H4_1_01d08h00m_3.tif,MCF7_H4_1,22.448,21.98,0.885,-0.5,22.48,5.994
livecell,MCF7_Phase_H4_1_01d08h00m_4.tif,MCF7_H4_1,32.839,31.18,0.85,-0.5,31.94,5.994
livecell,MCF7_Phase_H4_1_01d12h00m_1.tif,MCF7_H4_1,26.016,25.15,0.923,-0.5,25.6,5.994
livecell,MCF7_Phase_H4_1_01d12h00m_2.tif,MCF7_H4_1,30.645,29.55,0.888,-0.5,30.12,5.994
livecell,MCF7_Phase_H4_1_01d12h00m_3.tif,MCF7_H4_1,25.392,24.42,0.89,-0.5,24.95,5.994
livecell,MCF7_Phase_H4_1_01d12h00m_4.tif,MCF7_H4_1,35.808,35.38,0.88,-0.5,36.0,5.994
livecell,MCF7_Phase_H4_1_01d16h00m_1.tif,MCF7_H4_1,27.599,27.7,0.913,-0.5,28.19,5.994
livecell,MCF7_Phase_H4_1_01d16h00m_2.tif,MCF7_H4_1,32.163,32.28,0.842,-0.5,32.9,5.994
livecell,MCF7_Phase_H4_1_01d16h00m_3.tif,MCF7_H4_1,26.93,27.43,0.825,-0.5,28.35,5.994
livecell,MCF7_Phase_H4_1_01d16h00m_4.tif,MCF7_H4_1,34.5,38.45,0.827,-0.5,39.23,5.994
livecell,MCF7_Phase_H4_1_01d20h00m_1.tif,MCF7_H4_1,25.057,28.83,0.881,-0.5,29.68,5.994
livecell,MCF7_Phase_H4_1_01d20h00m_2.tif,MCF7_H4_1,29.518,34.58,0.809,-0.5,35.4,5.994
livecell,MCF7_Phase_H4_1_01d20h00m_3.tif,MCF7_H4_1,29.84,31.5,0.856,-0.5,32.09,5.994
livecell,MCF7_Phase_H4_1_01d20h00m_4.tif,MCF7_H4_1,38.956,40.8,0.831,-0.5,41.6,5.994
livecell,MCF7_Phase_H4_1_02d00h00m_1.tif,MCF7_H4_1,34.473,32.67,0.861,-0.5,33.27,5.994
livecell,MCF7_Phase_H4_1_02d00h00m_2.tif,MCF7_H4_1,40.924,38.84,0.81,-0.5,39.71,5.994
livecell,MCF7_Phase_H4_1_02d00h00m_3.tif,MCF7_H4_1,35.821,33.06,0.827,-0.5,33.77,5.994
livecell,MCF7_Phase_H4_1_02d00h00m_4.tif,MCF7_H4_1,42.801,45.79,0.762,-0.5,46.81,5.994
livecell,MCF7_Phase_H4_1_02d04h00m_1.tif,MCF7_H4_1,27.25,36.21,0.837,-0.5,36.83,5.994
livecell,MCF7_Phase_H4_1_02d04h00m_2.tif,MCF7_H4_1,34.095,43.06,0.739,-0.5,44.19,5.994
livecell,MCF7_Phase_H4_1_02d04h00m_3.tif,MCF7_H4_1,37.481,36.45,0.775,-0.5,37.57,5.994
livecell,MCF7_Phase_H4_1_02d04h00m_4.tif,MCF7_H4_1,47.861,50.3,0.774,-0.5,51.19,5.994
livecell,MCF7_Phase_H4_1_02d08h00m_1.tif,MCF7_H4_1,38.813,40.98,0.832,-0.5,41.74,5.994
livecell,MCF7_Phase_H4_1_02d08h00m_2.tif,MCF7_H4_1,49.841,47.72,0.679,-0.5,49.08,5.994
livecell,MCF7_Phase_H4_1_02d08h00m_3.tif,MCF7_H4_1,43.181,41.36,0.709,-0.5,43.0,5.994
livecell,MCF7_Phase_H4_1_02d08h00m_4.tif,MCF7_H4_1,56.1,54.13,0.706,-0.5,55.41,5.994
livecell,MCF7_Phase_H4_1_02d12h00m_1.tif,MCF7_H4_1,45.599,44.43,0.767,-0.5,45.61,5.994
livecell,MCF7_Phase_H4_1_02d12h00m_2.tif,MCF7_H4_1,53.687,50.84,0.647,-0.5,52.45,5.994
livecell,MCF7_Phase_H4_1_02d12h00m_3.tif,MCF7_H4_1,48.565,46.98,0.764,-0.5,48.03,5.994
livecell,MCF7_Phase_H4_1_02d12h00m_4.tif,MCF7_H4_1,60.412,58.88,0.678,-0.5,60.34,5.994
livecell,MCF7_Phase_H4_1_02d16h00m_1.tif,MCF7_H4_1,46.242,48.39,0.631,-0.5,50.08,5.994
livecell,MCF7_Phase_H4_1_02d16h00m_2.tif,MCF7_H4_1,58.755,54.2,0.558,-0.5,56.68,5.994
livecell,MCF7_Phase_H4_1_02d16h00m_3.tif,MCF7_H4_1,53.42,51.2,0.694,-0.5,52.83,5.994
livecell,MCF7_Phase_H4_1_02d16h00m_4.tif,MCF7_H4_1,57.231,62.51,0.508,-0.5,64.88,5.994
livecell,MCF7_Phase_H4_1_02d20h00m_1.tif,MCF7_H4_1,50.021,52.17,0.657,-0.5,53.73,5.994
livecell,MCF7_Phase_H4_1_02d20h00m_2.tif,MCF7_H4_1,56.007,58.33,0.499,-0.5,61.01,5.994
livecell,MCF7_Phase_H4_1_02d20h00m_3.tif,MCF7_H4_1,49.911,54.84,0.692,-0.5,56.21,5.994
livecell,MCF7_Phase_H4_1_02d20h00m_4.tif,MCF7_H4_1,64.987,68.4,0.423,-0.5,70.74,5.994
livecell,MCF7_Phase_H4_1_03d00h00m_1.tif,MCF7_H4_1,48.476,54.6,0.531,-0.5,57.05,5.994
livecell,MCF7_Phase_H4_1_03d00h00m_2.tif,MCF7_H4_1,57.467,58.4,0.253,-0.5,62.19,5.994
livecell,MCF7_Phase_H4_1_03d00h00m_3.tif,MCF7_H4_1,57.345,59.61,0.504,-0.5,61.88,5.994
livecell,MCF7_Phase_H4_1_03d00h00m_4.tif,MCF7_H4_1,68.967,68.93,0.173,-0.5,73.43,5.994
livecell,MCF7_Phase_H4_1_03d04h00m_1.tif,MCF7_H4_1,56.941,60.27,0.554,-0.5,62.31,5.994
livecell,MCF7_Phase_H4_1_03d04h00m_2.tif,MCF7_H4_1,62.267,62.77,0.216,-0.5,67.07,5.994
livecell,MCF7_Phase_H4_1_03d04h00m_3.tif,MCF7_H4_1,60.296,65.11,0.427,-0.5,67.71,5.994
livecell,MCF7_Phase_H4_1_03d04h00m_4.tif,MCF7_H4_1,72.192,73.46,0.123,-0.5,77.77,5.994
livecell,MCF7_Phase_H4_1_03d08h00m_1.tif,MCF7_H4_1,59.103,63.9,0.591,-0.5,65.9,5.994
livecell,MCF7_Phase_H4_1_03d08h00m_2.tif,MCF7_H4_1,63.274,67.64,0.179,-0.5,72.13,5.994
livecell,MCF7_Phase_H4_1_03d08h00m_3.tif,MCF7_H4_1,66.979,69.52,0.3,-0.5,73.44,5.994
livecell,MCF7_Phase_H4_1_03d08h00m_4.tif,MCF7_H4_1,58.494,71.68,0.0,-0.5,78.04,5.994
livecell,MCF7_Phase_H4_1_03d12h00m_1.tif,MCF7_H4_1,56.814,65.23,0.416,-0.5,67.8,5.994
livecell,MCF7_Phase_H4_1_03d12h00m_2.tif,MCF7_H4_1,66.267,69.84,0.032,-0.5,74.75,5.994
livecell,MCF7_Phase_H4_1_03d12h00m_3.tif,MCF7_H4_1,68.598,74.59,0.359,-0.5,77.84,5.994
livecell,MCF7_Phase_H4_1_03d12h00m_4.tif,MCF7_H4_1,66.738,74.34,0.0,-0.5,80.64,5.994
livecell,MCF7_Phase_H4_1_03d16h00m_1.tif,MCF7_H4_1,66.708,68.7,0.366,-0.5,71.68,5.994
livecell,MCF7_Phase_H4_1_03d16h00m_2.tif,MCF7_H4_1,66.994,71.9,0.0,-0.5,78.28,5.994
livecell,MCF7_Phase_H4_1_03d16h00m_3.tif,MCF7_H4_1,77.313,78.88,0.293,-0.5,82.66,5.994
livecell,MCF7_Phase_H4_1_03d16h00m_4.tif,MCF7_H4_1,70.004,69.39,0.0,-0.5,77.19,5.994
livecell,SHSY5Y_Phase_A10_2_00d00h00m_1.tif,SHSY5Y_A10_2,5.268,4.51,0.961,-0.5,4.74,5.994
livecell,SHSY5Y_Phase_A10_2_00d00h00m_2.tif,SHSY5Y_A10_2,5.545,4.78,0.961,-0.5,5.03,5.994
livecell,SHSY5Y_Phase_A10_2_00d00h00m_3.tif,SHSY5Y_A10_2,4.946,4.48,0.964,-0.5,4.7,5.994
livecell,SHSY5Y_Phase_A10_2_00d00h00m_4.tif,SHSY5Y_A10_2,2.438,2.69,0.971,-0.5,2.83,5.994
livecell,SHSY5Y_Phase_A10_2_00d04h00m_1.tif,SHSY5Y_A10_2,10.237,8.08,0.868,-0.5,8.96,5.994
livecell,SHSY5Y_Phase_A10_2_00d04h00m_2.tif,SHSY5Y_A10_2,12.987,10.61,0.862,-0.5,11.41,5.994
livecell,SHSY5Y_Phase_A10_2_00d04h00m_3.tif,SHSY5Y_A10_2,10.338,9.14,0.872,-0.5,9.87,5.994
livecell,SHSY5Y_Phase_A10_2_00d04h00m_4.tif,SHSY5Y_A10_2,6.879,5.77,0.91,-0.5,6.27,5.994
livecell,SHSY5Y_Phase_A10_2_00d08h00m_1.tif,SHSY5Y_A10_2,11.434,9.71,0.824,-0.5,10.74,5.994
livecell,SHSY5Y_Phase_A10_2_00d08h00m_2.tif,SHSY5Y_A10_2,13.071,12.94,0.802,-0.5,14.07,5.994
livecell,SHSY5Y_Phase_A10_2_00d08h00m_3.tif,SHSY5Y_A10_2,12.274,10.2,0.84,-0.5,11.15,5.994
livecell,SHSY5Y_Phase_A10_2_00d08h00m_4.tif,SHSY5Y_A10_2,7.466,6.39,0.889,-0.5,7.1,5.994
livecell,SHSY5Y_Phase_A10_2_00d12h00m_1.tif,SHSY5Y_A10_2,14.175,11.93,0.789,-0.5,13.15,5.994
livecell,SHSY5Y_Phase_A10_2_00d12h00m_2.tif,SHSY5Y_A10_2,18.307,13.95,0.767,-0.5,15.31,5.994
livecell,SHSY5Y_Phase_A10_2_00d12h00m_3.tif,SHSY5Y_A10_2,15.782,12.24,0.797,-0.5,13.42,5.994
livecell,SHSY5Y_Phase_A10_2_00d12h00m_4.tif,SHSY5Y_A10_2,10.671,7.83,0.863,-0.5,8.74,5.994
livecell,SHSY5Y_Phase_A10_2_00d16h00m_1.tif,SHSY5Y_A10_2,12.226,13.58,0.744,-0.5,15.11,5.994
livecell,SHSY5Y_Phase_A10_2_00d16h00m_2.tif,SHSY5Y_A10_2,15.047,16.86,0.699,-0.5,18.81,5.994
livecell,SHSY5Y_Phase_A10_2_00d16h00m_3.tif,SHSY5Y_A10_2,12.94,14.36,0.759,-0.5,15.79,5.994
livecell,SHSY5Y_Phase_A10_2_00d16h00m_4.tif,SHSY5Y_A10_2,10.096,9.41,0.82,-0.5,10.52,5.994
livecell,SHSY5Y_Phase_A10_2_00d20h00m_1.tif,SHSY5Y_A10_2,17.277,15.23,0.675,-0.5,17.45,5.994
livecell,SHSY5Y_Phase_A10_2_00d20h00m_2.tif,SHSY5Y_A10_2,20.771,17.33,0.663,-0.5,19.33,5.994
livecell,SHSY5Y_Phase_A10_2_00d20h00m_3.tif,SHSY5Y_A10_2,18.465,15.16,0.734,-0.5,16.87,5.994
livecell,SHSY5Y_Phase_A10_2_00d20h00m_4.tif,SHSY5Y_A10_2,11.748,10.3,0.795,-0.5,11.55,5.994
livecell,SHSY5Y_Phase_A10_2_01d00h00m_1.tif,SHSY5Y_A10_2,14.675,18.22,0.632,-0.5,20.37,5.994
livecell,SHSY5Y_Phase_A10_2_01d00h00m_2.tif,SHSY5Y_A10_2,22.066,21.71,0.604,-0.5,23.97,5.994
livecell,SHSY5Y_Phase_A10_2_01d00h00m_3.tif,SHSY5Y_A10_2,18.073,17.57,0.674,-0.5,19.6,5.994
livecell,SHSY5Y_Phase_A10_2_01d00h00m_4.tif,SHSY5Y_A10_2,11.944,11.38,0.793,-0.5,12.66,5.994
livecell,SHSY5Y_Phase_A10_2_01d04h00m_1.tif,SHSY5Y_A10_2,21.316,18.61,0.568,-0.5,21.28,5.994
livecell,SHSY5Y_Phase_A10_2_01d04h00m_2.tif,SHSY5Y_A10_2,22.029,22.26,0.533,-0.5,25.08,5.994
livecell,SHSY5Y_Phase_A10_2_01d04h00m_3.tif,SHSY5Y_A10_2,25.699,19.05,0.614,-0.5,21.28,5.994
livecell,SHSY5Y_Phase_A10_2_01d04h00m_4.tif,SHSY5Y_A10_2,16.436,12.59,0.772,-0.5,14.05,5.994
livecell,SHSY5Y_Phase_A10_2_01d08h00m_1.tif,SHSY5Y_A10_2,26.881,21.17,0.499,-0.5,24.24,5.994
livecell,SHSY5Y_Phase_A10_2_01d08h00m_2.tif,SHSY5Y_A10_2,31.748,25.51,0.511,-0.5,28.53,5.994
livecell,SHSY5Y_Phase_A10_2_01d08h00m_3.tif,SHSY5Y_A10_2,26.399,21.72,0.608,-0.5,24.08,5.994
livecell,SHSY5Y_Phase_A10_2_01d08h00m_4.tif,SHSY5Y_A10_2,20.023,14.65,0.752,-0.5,16.2,5.994
livecell,SHSY5Y_Phase_A10_2_01d12h00m_1.tif,SHSY5Y_A10_2,34.013,23.56,0.495,-0.5,26.75,5.994
livecell,SHSY5Y_Phase_A10_2_01d12h00m_2.tif,SHSY5Y_A10_2,40.788,29.64,0.483,-0.5,32.87,5.994
livecell,SHSY5Y_Phase_A10_2_01d12h00m_3.tif,SHSY5Y_A10_2,26.241,24.44,0.547,-0.5,27.42,5.994
livecell,SHSY5Y_Phase_A10_2_01d12h00m_4.tif,SHSY5Y_A10_2,17.203,17.83,0.682,-0.5,19.82,5.994
livecell,SHSY5Y_Phase_A10_2_01d16h00m_1.tif,SHSY5Y_A10_2,28.653,27.58,0.43,-0.5,31.26,5.994
livecell,SHSY5Y_Phase_A10_2_01d16h00m_2.tif,SHSY5Y_A10_2,42.411,34.16,0.435,-0.5,37.52,5.994
livecell,SHSY5Y_Phase_A10_2_01d16h00m_3.tif,SHSY5Y_A10_2,31.67,26.99,0.5,-0.5,30.09,5.994
livecell,SHSY5Y_Phase_A10_2_01d16h00m_4.tif,SHSY5Y_A10_2,22.629,18.14,0.667,-0.5,20.14,5.994
livecell,SHSY5Y_Phase_A10_2_01d20h00m_1.tif,SHSY5Y_A10_2,36.268,30.08,0.383,-0.5,34.04,5.994
livecell,SHSY5Y_Phase_A10_2_01d20h00m_2.tif,SHSY5Y_A10_2,42.725,37.67,0.352,-0.5,41.54,5.994
livecell,SHSY5Y_Phase_A10_2_01d20h00m_3.tif,SHSY5Y_A10_2,34.289,32.2,0.414,-0.5,35.74,5.994
livecell,SHSY5Y_Phase_A10_2_01d20h00m_4.tif,SHSY5Y_A10_2,23.559,19.01,0.598,-0.5,21.7,5.994
livecell,SHSY5Y_Phase_A10_2_02d00h00m_1.tif,SHSY5Y_A10_2,37.766,33.93,0.338,-0.5,38.1,5.994
livecell,SHSY5Y_Phase_A10_2_02d00h00m_2.tif,SHSY5Y_A10_2,44.701,38.97,0.331,-0.5,43.28,5.994
livecell,SHSY5Y_Phase_A10_2_02d00h00m_3.tif,SHSY5Y_A10_2,39.129,34.87,0.401,-0.5,38.35,5.994
livecell,SHSY5Y_Phase_A10_2_02d00h00m_4.tif,SHSY5Y_A10_2,23.444,23.13,0.546,-0.5,26.01,5.994
livecell,SHSY5Y_Phase_A10_2_02d04h00m_1.tif,SHSY5Y_A10_2,39.389,38.3,0.321,-0.5,42.41,5.994
livecell,SHSY5Y_Phase_A10_2_02d04h00m_2.tif,SHSY5Y_A10_2,39.751,41.62,0.274,-0.5,46.32,5.994
livecell,SHSY5Y_Phase_A10_2_02d04h00m_3.tif,SHSY5Y_A10_2,34.463,36.64,0.414,-0.5,40.19,5.994
livecell,SHSY5Y_Phase_A10_2_02d04h00m_4.tif,SHSY5Y_A10_2,22.587,24.11,0.576,-0.5,26.76,5.994
livecell,SHSY5Y_Phase_A10_2_02d08h00m_1.tif,SHSY5Y_A10_2,42.019,38.35,0.264,-0.5,43.12,5.994
livecell,SHSY5Y_Phase_A10_2_02d08h00m_2.tif,SHSY5Y_A10_2,43.952,43.45,0.235,-0.5,47.97,5.994
livecell,SHSY5Y_Phase_A10_2_02d08h00m_3.tif,SHSY5Y_A10_2,43.612,41.64,0.357,-0.5,45.42,5.994
livecell,SHSY5Y_Phase_A10_2_02d08h00m_4.tif,SHSY5Y_A10_2,29.497,26.59,0.541,-0.5,29.49,5.994
livecell,SHSY5Y_Phase_A10_2_02d12h00m_1.tif,SHSY5Y_A10_2,47.07,43.8,0.21,-0.5,48.7,5.994
livecell,SHSY5Y_Phase_A10_2_02d12h00m_2.tif,SHSY5Y_A10_2,51.668,49.53,0.241,-0.5,54.02,5.994
livecell,SHSY5Y_Phase_A10_2_02d12h00m_3.tif,SHSY5Y_A10_2,50.982,45.09,0.318,-0.5,49.0,5.994
livecell,SHSY5Y_Phase_A10_2_02d12h00m_4.tif,SHSY5Y_A10_2,35.762,30.71,0.506,-0.5,33.64,5.994
livecell,SHSY5Y_Phase_A10_2_02d16h00m_1.tif,SHSY5Y_A10_2,52.043,45.99,0.218,-0.5,50.97,5.994
livecell,SHSY5Y_Phase_A10_2_02d16h00m_2.tif,SHSY5Y_A10_2,57.785,50.95,0.241,-0.5,55.75,5.994
livecell,SHSY5Y_Phase_A10_2_02d16h00m_3.tif,SHSY5Y_A10_2,52.906,48.19,0.234,-0.5,52.79,5.994
livecell,SHSY5Y_Phase_A10_2_02d16h00m_4.tif,SHSY5Y_A10_2,34.823,32.82,0.483,-0.5,35.92,5.994
livecell,SHSY5Y_Phase_A10_2_02d20h00m_1.tif,SHSY5Y_A10_2,56.108,51.99,0.17,-0.5,56.95,5.994
livecell,SHSY5Y_Phase_A10_2_02d20h00m_2.tif,SHSY5Y_A10_2,54.45,54.97,0.163,-0.5,59.87,5.994
livecell,SHSY5Y_Phase_A10_2_02d20h00m_3.tif,SHSY5Y_A10_2,54.108,52.92,0.317,-0.5,56.82,5.994
livecell,SHSY5Y_Phase_A10_2_02d20h00m_4.tif,SHSY5Y_A10_2,35.674,37.63,0.403,-0.5,41.42,5.994
livecell,SHSY5Y_Phase_A10_2_03d00h00m_1.tif,SHSY5Y_A10_2,60.482,53.53,0.128,-0.5,58.87,5.994
livecell,SHSY5Y_Phase_A10_2_03d00h00m_2.tif,SHSY5Y_A10_2,65.218,56.01,0.124,-0.5,60.9,5.994
livecell,SHSY5Y_Phase_A10_2_03d00h00m_3.tif,SHSY5Y_A10_2,63.375,55.95,0.254,-0.5,60.06,5.994
livecell,SHSY5Y_Phase_A10_2_03d00h00m_4.tif,SHSY5Y_A10_2,47.398,41.68,0.356,-0.5,45.73,5.994
livecell,SHSY5Y_Phase_A10_2_03d04h00m_1.tif,SHSY5Y_A10_2,62.465,55.36,0.129,-0.5,60.74,5.994
livecell,SHSY5Y_Phase_A10_2_03d04h00m_2.tif,SHSY5Y_A10_2,67.708,59.87,0.079,-0.5,65.17,5.994
livecell,SHSY5Y_Phase_A10_2_03d04h00m_3.tif,SHSY5Y_A10_2,65.244,58.19,0.213,-0.5,62.6,5.994
livecell,SHSY5Y_Phase_A10_2_03d04h00m_4.tif,SHSY5Y_A10_2,53.03,46.82,0.343,-0.5,50.7,5.994
livecell,SHSY5Y_Phase_A10_2_03d08h00m_1.tif,SHSY5Y_A10_2,64.706,57.68,0.061,-0.5,63.24,5.994
livecell,SHSY5Y_Phase_A10_2_03d08h00m_2.tif,SHSY5Y_A10_2,70.199,62.8,0.067,-0.5,68.0,5.994
livecell,SHSY5Y_Phase_A10_2_03d08h00m_3.tif,SHSY5Y_A10_2,66.549,60.78,0.189,-0.5,65.25,5.994
livecell,SHSY5Y_Phase_A10_2_03d08h00m_4.tif,SHSY5Y_A10_2,53.332,49.68,0.252,-0.5,54.32,5.994
livecell,SHSY5Y_Phase_A10_2_03d12h00m_1.tif,SHSY5Y_A10_2,57.466,59.77,0.0,-0.5,66.11,5.994
livecell,SHSY5Y_Phase_A10_2_03d12h00m_2.tif,SHSY5Y_A10_2,55.531,65.29,0.0,-0.5,71.23,5.994
livecell,SHSY5Y_Phase_A10_2_03d12h00m_3.tif,SHSY5Y_A10_2,69.737,64.66,0.175,-0.5,69.2,5.994
livecell,SHSY5Y_Phase_A10_2_03d12h00m_4.tif,SHSY5Y_A10_2,63.744,53.55,0.233,-0.5,58.14,5.994
livecell,SKOV3_Phase_E4_2_00d00h00m_1.tif,SKOV3_E4_2,12.431,13.52,0.947,-0.5,13.87,5.994
livecell,SKOV3_Phase_E4_2_00d00h00m_2.tif,SKOV3_E4_2,20.963,21.75,0.922,-0.5,22.23,5.994
livecell,SKOV3_Phase_E4_2_00d00h00m_3.tif,SKOV3_E4_2,15.437,15.85,0.932,-0.5,16.26,5.994
livecell,SKOV3_Phase_E4_2_00d00h00m_4.tif,SKOV3_E4_2,14.836,15.17,0.941,-0.5,15.54,5.994
livecell,SKOV3_Phase_E4_2_00d04h00m_1.tif,SKOV3_E4_2,23.17,24.82,0.88,-0.5,25.54,5.994
livecell,SKOV3_Phase_E4_2_00d04h00m_2.tif,SKOV3_E4_2,29.505,32.45,0.857,-0.5,33.3,5.994
livecell,SKOV3_Phase_E4_2_00d04h00m_3.tif,SKOV3_E4_2,27.653,24.59,0.884,-0.5,25.3,5.994
livecell,SKOV3_Phase_E4_2_00d04h00m_4.tif,SKOV3_E4_2,28.559,25.58,0.881,-0.5,26.31,5.994
livecell,SKOV3_Phase_E4_2_00d08h00m_1.tif,SKOV3_E4_2,32.122,29.61,0.859,-0.5,30.48,5.994
livecell,SKOV3_Phase_E4_2_00d08h00m_2.tif,SKOV3_E4_2,33.06,33.25,0.838,-0.5,34.22,5.994
livecell,SKOV3_Phase_E4_2_00d08h00m_3.tif,SKOV3_E4_2,30.617,29.89,0.851,-0.5,30.82,5.994
livecell,SKOV3_Phase_E4_2_00d08h00m_4.tif,SKOV3_E4_2,29.217,29.29,0.858,-0.5,30.16,5.994
livecell,SKOV3_Phase_E4_2_00d12h00m_1.tif,SKOV3_E4_2,33.74,34.33,0.846,-0.5,35.27,5.994
livecell,SKOV3_Phase_E4_2_00d12h00m_2.tif,SKOV3_E4_2,37.676,37.62,0.834,-0.5,38.63,5.994
livecell,SKOV3_Phase_E4_2_00d12h00m_3.tif,SKOV3_E4_2,33.167,33.12,0.83,-0.5,34.14,5.994
livecell,SKOV3_Phase_E4_2_00d12h00m_4.tif,SKOV3_E4_2,33.033,30.39,0.852,-0.5,31.27,5.994
livecell,SKOV3_Phase_E4_2_00d16h00m_1.tif,SKOV3_E4_2,48.066,44.65,0.821,-0.5,45.71,5.994
livecell,SKOV3_Phase_E4_2_00d16h00m_2.tif,SKOV3_E4_2,47.342,43.83,0.826,-0.5,44.89,5.994
livecell,SKOV3_Phase_E4_2_00d16h00m_3.tif,SKOV3_E4_2,33.481,33.23,0.834,-0.5,34.21,5.994
livecell,SKOV3_Phase_E4_2_00d16h00m_4.tif,SKOV3_E4_2,38.011,38.02,0.83,-0.5,39.09,5.994
livecell,SKOV3_Phase_E4_2_00d20h00m_1.tif,SKOV3_E4_2,46.744,45.82,0.806,-0.5,47.0,5.994
livecell,SKOV3_Phase_E4_2_00d20h00m_2.tif,SKOV3_E4_2,48.94,47.8,0.808,-0.5,48.99,5.994
livecell,SKOV3_Phase_E4_2_00d20h00m_3.tif,SKOV3_E4_2,30.122,29.44,0.847,-0.5,30.38,5.994
livecell,SKOV3_Phase_E4_2_00d20h00m_4.tif,SKOV3_E4_2,43.458,42.53,0.824,-0.5,43.6,5.994
livecell,SKOV3_Phase_E4_2_01d00h00m_1.tif,SKOV3_E4_2,40.268,40.75,0.817,-0.5,41.83,5.994
livecell,SKOV3_Phase_E4_2_01d00h00m_2.tif,SKOV3_E4_2,49.989,49.37,0.825,-0.5,50.39,5.994
livecell,SKOV3_Phase_E4_2_01d00h00m_3.tif,SKOV3_E4_2,36.299,35.13,0.839,-0.5,36.1,5.994
livecell,SKOV3_Phase_E4_2_01d00h00m_4.tif,SKOV3_E4_2,45.782,44.39,0.82,-0.5,45.48,5.994
livecell,SKOV3_Phase_E4_2_01d04h00m_1.tif,SKOV3_E4_2,52.786,53.11,0.797,-0.5,54.32,5.994
livecell,SKOV3_Phase_E4_2_01d04h00m_2.tif,SKOV3_E4_2,54.318,53.64,0.831,-0.5,54.6,5.994
livecell,SKOV3_Phase_E4_2_01d04h00m_3.tif,SKOV3_E4_2,38.141,36.98,0.824,-0.5,38.01,5.994
livecell,SKOV3_Phase_E4_2_01d04h00m_4.tif,SKOV3_E4_2,47.503,46.92,0.823,-0.5,47.95,5.994
livecell,SKOV3_Phase_E4_2_01d08h00m_1.tif,SKOV3_E4_2,60.603,59.02,0.804,-0.5,60.2,5.994
livecell,SKOV3_Phase_E4_2_01d08h00m_2.tif,SKOV3_E4_2,66.092,64.66,0.835,-0.5,65.58,5.994
livecell,SKOV3_Phase_E4_2_01d08h00m_3.tif,SKOV3_E4_2,43.285,42.61,0.818,-0.5,43.71,5.994
livecell,SKOV3_Phase_E4_2_01d08h00m_4.tif,SKOV3_E4_2,57.107,55.35,0.824,-0.5,56.4,5.994
livecell,SKOV3_Phase_E4_2_01d12h00m_1.tif,SKOV3_E4_2,68.556,67.24,0.805,-0.5,68.41,5.994
livecell,SKOV3_Phase_E4_2_01d12h00m_2.tif,SKOV3_E4_2,72.698,72.66,0.823,-0.5,73.65,5.994
livecell,SKOV3_Phase_E4_2_01d12h00m_3.tif,SKOV3_E4_2,49.736,48.15,0.803,-0.5,49.28,5.994
livecell,SKOV3_Phase_E4_2_01d12h00m_4.tif,SKOV3_E4_2,63.359,62.06,0.825,-0.5,63.04,5.994
livecell,SKOV3_Phase_E4_2_01d16h00m_1.tif,SKOV3_E4_2,72.125,71.52,0.819,-0.5,72.49,5.994
livecell,SKOV3_Phase_E4_2_01d16h00m_2.tif,SKOV3_E4_2,75.331,74.14,0.824,-0.5,75.11,5.994
livecell,SKOV3_Phase_E4_2_01d16h00m_3.tif,SKOV3_E4_2,57.642,55.43,0.802,-0.5,56.64,5.994
livecell,SKOV3_Phase_E4_2_01d16h00m_4.tif,SKOV3_E4_2,69.481,68.09,0.839,-0.5,68.99,5.994
livecell,SKOV3_Phase_E4_2_01d20h00m_1.tif,SKOV3_E4_2,74.709,72.32,0.809,-0.5,73.39,5.994
livecell,SKOV3_Phase_E4_2_01d20h00m_2.tif,SKOV3_E4_2,79.555,78.62,0.832,-0.5,79.54,5.994
livecell,SKOV3_Phase_E4_2_01d20h00m_3.tif,SKOV3_E4_2,67.195,64.59,0.795,-0.5,65.78,5.994
livecell,SKOV3_Phase_E4_2_01d20h00m_4.tif,SKOV3_E4_2,73.3,71.81,0.838,-0.5,72.69,5.994
livecell,SKOV3_Phase_E4_2_02d00h00m_1.tif,SKOV3_E4_2,85.101,83.95,0.815,-0.5,84.96,5.994
livecell,SKOV3_Phase_E4_2_02d00h00m_2.tif,SKOV3_E4_2,88.799,86.6,0.846,-0.5,87.4,5.994
livecell,SKOV3_Phase_E4_2_02d00h00m_3.tif,SKOV3_E4_2,70.945,70.56,0.791,-0.5,71.74,5.994
livecell,SKOV3_Phase_E4_2_02d00h00m_4.tif,SKOV3_E4_2,83.171,80.36,0.836,-0.5,81.28,5.994
livecell,SKOV3_Phase_E4_2_02d04h00m_1.tif,SKOV3_E4_2,93.024,91.18,0.862,-0.5,91.9,5.994
livecell,SKOV3_Phase_E4_2_02d04h00m_2.tif,SKOV3_E4_2,89.436,91.45,0.868,-0.5,92.11,5.994
livecell,SKOV3_Phase_E4_2_02d04h00m_3.tif,SKOV3_E4_2,77.506,77.66,0.812,-0.5,78.69,5.994
livecell,SKOV3_Phase_E4_2_02d04h00m_4.tif,SKOV3_E4_2,83.951,84.72,0.852,-0.5,85.54,5.994
livecell,SKOV3_Phase_E4_2_02d08h00m_1.tif,SKOV3_E4_2,95.235,95.85,0.896,-0.5,96.27,5.994
livecell,SKOV3_Phase_E4_2_02d08h00m_2.tif,SKOV3_E4_2,95.701,97.32,0.906,-0.5,97.71,5.994
livecell,SKOV3_Phase_E4_2_02d08h00m_3.tif,SKOV3_E4_2,83.433,84.98,0.851,-0.5,85.77,5.994
livecell,SKOV3_Phase_E4_2_02d08h00m_4.tif,SKOV3_E4_2,91.968,94.0,0.884,-0.5,94.54,5.994
livecell,SKOV3_Phase_E4_2_02d12h00m_1.tif,SKOV3_E4_2,97.79,97.49,0.906,-0.5,97.92,5.994
livecell,SKOV3_Phase_E4_2_02d12h00m_2.tif,SKOV3_E4_2,97.958,98.2,0.935,-0.5,98.47,5.994
livecell,SKOV3_Phase_E4_2_02d12h00m_3.tif,SKOV3_E4_2,90.3,89.33,0.863,-0.5,90.01,5.994
livecell,SKOV3_Phase_E4_2_02d12h00m_4.tif,SKOV3_E4_2,94.697,95.94,0.905,-0.5,96.41,5.994
livecell,SKOV3_Phase_E4_2_02d16h00m_1.tif,SKOV3_E4_2,96.699,99.03,0.943,-0.5,99.24,5.994
livecell,SKOV3_Phase_E4_2_02d16h00m_2.tif,SKOV3_E4_2,98.398,99.52,0.919,-0.5,99.74,5.994
livecell,SKOV3_Phase_E4_2_02d16h00m_3.tif,SKOV3_E4_2,90.228,94.06,0.861,-0.5,94.75,5.994
livecell,SKOV3_Phase_E4_2_02d16h00m_4.tif,SKOV3_E4_2,95.148,95.19,0.917,-0.5,95.57,5.994
livecell,SKOV3_Phase_E4_2_02d20h00m_1.tif,SKOV3_E4_2,96.103,99.31,0.939,-0.5,99.54,5.994
livecell,SKOV3_Phase_E4_2_02d20h00m_2.tif,SKOV3_E4_2,95.688,99.65,0.938,-0.5,99.88,5.994
livecell,SKOV3_Phase_E4_2_02d20h00m_3.tif,SKOV3_E4_2,97.141,97.33,0.911,-0.5,97.67,5.994
livecell,SKOV3_Phase_E4_2_02d20h00m_4.tif,SKOV3_E4_2,98.616,99.22,0.927,-0.5,99.55,5.994
livecell,SKOV3_Phase_E4_2_03d00h00m_1.tif,SKOV3_E4_2,93.726,99.21,0.93,-0.5,99.52,5.994
livecell,SKOV3_Phase_E4_2_03d00h00m_2.tif,SKOV3_E4_2,95.261,98.58,0.933,-0.5,98.87,5.994
livecell,SKOV3_Phase_E4_2_03d00h00m_3.tif,SKOV3_E4_2,98.594,99.29,0.941,-0.5,99.53,5.994
livecell,SKOV3_Phase_E4_2_03d00h00m_4.tif,SKOV3_E4_2,95.798,99.03,0.932,-0.5,99.32,5.994
livecell,SKOV3_Phase_F4_1_00d00h00m_1.tif,SKOV3_F4_1,20.24,18.15,0.92,-0.5,18.65,5.994
livecell,SKOV3_Phase_F4_1_00d00h00m_2.tif,SKOV3_F4_1,18.376,16.83,0.929,-0.5,17.26,5.994
livecell,SKOV3_Phase_F4_1_00d00h00m_3.tif,SKOV3_F4_1,14.5,12.98,0.945,-0.5,13.32,5.994
livecell,SKOV3_Phase_F4_1_00d00h00m_4.tif,SKOV3_F4_1,14.468,13.26,0.949,-0.5,13.59,5.994
livecell,SKOV3_Phase_F4_1_00d04h00m_1.tif,SKOV3_F4_1,35.025,32.16,0.82,-0.5,33.26,5.994
livecell,SKOV3_Phase_F4_1_00d04h00m_2.tif,SKOV3_F4_1,40.001,36.93,0.822,-0.5,38.0,5.994
livecell,SKOV3_Phase_F4_1_00d04h00m_3.tif,SKOV3_F4_1,26.711,24.73,0.892,-0.5,25.4,5.994
livecell,SKOV3_Phase_F4_1_00d04h00m_4.tif,SKOV3_F4_1,26.049,24.13,0.897,-0.5,24.76,5.994
livecell,SKOV3_Phase_F4_1_00d08h00m_1.tif,SKOV3_F4_1,37.058,33.05,0.802,-0.5,34.24,5.994
livecell,SKOV3_Phase_F4_1_00d08h00m_2.tif,SKOV3_F4_1,48.745,44.95,0.801,-0.5,46.19,5.994
livecell,SKOV3_Phase_F4_1_00d08h00m_3.tif,SKOV3_F4_1,35.078,32.63,0.87,-0.5,33.45,5.994
livecell,SKOV3_Phase_F4_1_00d08h00m_4.tif,SKOV3_F4_1,27.576,29.37,0.854,-0.5,30.27,5.994
livecell,SKOV3_Phase_F4_1_00d12h00m_1.tif,SKOV3_F4_1,39.376,39.68,0.817,-0.5,40.77,5.994
livecell,SKOV3_Phase_F4_1_00d12h00m_2.tif,SKOV3_F4_1,49.165,51.5,0.792,-0.5,52.72,5.994
livecell,SKOV3_Phase_F4_1_00d12h00m_3.tif,SKOV3_F4_1,30.832,32.32,0.851,-0.5,33.21,5.994
livecell,SKOV3_Phase_F4_1_00d12h00m_4.tif,SKOV3_F4_1,29.884,30.81,0.876,-0.5,31.57,5.994
livecell,SKOV3_Phase_F4_1_00d16h00m_1.tif,SKOV3_F4_1,41.629,42.59,0.775,-0.5,43.94,5.994
livecell,SKOV3_Phase_F4_1_00d16h00m_2.tif,SKOV3_F4_1,49.597,51.89,0.79,-0.5,53.14,5.994
livecell,SKOV3_Phase_F4_1_00d16h00m_3.tif,SKOV3_F4_1,35.075,36.88,0.828,-0.5,37.96,5.994
livecell,SKOV3_Phase_F4_1_00d16h00m_4.tif,SKOV3_F4_1,28.339,29.34,0.888,-0.5,30.02,5.994
livecell,SKOV3_Phase_F4_1_00d20h00m_1.tif,SKOV3_F4_1,52.73,51.42,0.77,-0.5,52.81,5.994
livecell,SKOV3_Phase_F4_1_00d20h00m_2.tif,SKOV3_F4_1,58.665,57.4,0.78,-0.5,58.7,5.994
livecell,SKOV3_Phase_F4_1_00d20h00m_3.tif,SKOV3_F4_1,43.235,41.97,0.821,-0.5,43.03,5.994
livecell,SKOV3_Phase_F4_1_00d20h00m_4.tif,SKOV3_F4_1,32.828,32.17,0.86,-0.5,32.99,5.994
livecell,SKOV3_Phase_F4_1_01d00h00m_1.tif,SKOV3_F4_1,47.917,51.23,0.78,-0.5,52.56,5.994
livecell,SKOV3_Phase_F4_1_01d00h00m_2.tif,SKOV3_F4_1,53.87,58.43,0.79,-0.5,59.64,5.994
livecell,SKOV3_Phase_F4_1_01d00h00m_3.tif,SKOV3_F4_1,41.5,44.22,0.801,-0.5,45.39,5.994
livecell,SKOV3_Phase_F4_1_01d00h00m_4.tif,SKOV3_F4_1,30.927,31.82,0.857,-0.5,32.68,5.994
livecell,SKOV3_Phase_F4_1_01d04h00m_1.tif,SKOV3_F4_1,50.056,54.76,0.781,-0.5,56.02,5.994
livecell,SKOV3_Phase_F4_1_01d04h00m_2.tif,SKOV3_F4_1,63.78,67.87,0.763,-0.5,69.22,5.994
livecell,SKOV3_Phase_F4_1_01d04h00m_3.tif,SKOV3_F4_1,48.191,49.95,0.794,-0.5,51.15,5.994
livecell,SKOV3_Phase_F4_1_01d04h00m_4.tif,SKOV3_F4_1,33.331,34.36,0.848,-0.5,35.27,5.994
livecell,SKOV3_Phase_F4_1_01d08h00m_1.tif,SKOV3_F4_1,61.006,65.69,0.763,-0.5,67.01,5.994
livecell,SKOV3_Phase_F4_1_01d08h00m_2.tif,SKOV3_F4_1,71.516,74.71,0.792,-0.5,75.84,5.994
livecell,SKOV3_Phase_F4_1_01d08h00m_3.tif,SKOV3_F4_1,59.265,59.83,0.776,-0.5,61.13,5.994
livecell,SKOV3_Phase_F4_1_01d08h00m_4.tif,SKOV3_F4_1,41.555,41.41,0.835,-0.5,42.4,5.994
livecell,SKOV3_Phase_F4_1_01d12h00m_1.tif,SKOV3_F4_1,67.672,69.33,0.771,-0.5,70.59,5.994
livecell,SKOV3_Phase_F4_1_01d12h00m_2.tif,SKOV3_F4_1,77.366,79.86,0.828,-0.5,80.77,5.994
livecell,SKOV3_Phase_F4_1_01d12h00m_3.tif,SKOV3_F4_1,64.079,65.44,0.776,-0.5,66.72,5.994
livecell,SKOV3_Phase_F4_1_01d12h00m_4.tif,SKOV3_F4_1,49.907,51.16,0.824,-0.5,52.17,5.994
livecell,SKOV3_Phase_F4_1_01d16h00m_1.tif,SKOV3_F4_1,76.751,77.04,0.801,-0.5,78.1,5.994
livecell,SKOV3_Phase_F4_1_01d16h00m_2.tif,SKOV3_F4_1,78.393,79.25,0.818,-0.5,80.23,5.994
livecell,SKOV3_Phase_F4_1_01d16h00m_3.tif,SKOV3_F4_1,70.474,70.8,0.76,-0.5,72.14,5.994
livecell,SKOV3_Phase_F4_1_01d16h00m_4.tif,SKOV3_F4_1,57.031,54.28,0.819,-0.5,55.32,5.994
livecell,SKOV3_Phase_F4_1_01d20h00m_1.tif,SKOV3_F4_1,84.131,83.83,0.815,-0.5,84.82,5.994
livecell,SKOV3_Phase_F4_1_01d20h00m_2.tif,SKOV3_F4_1,84.293,83.88,0.812,-0.5,84.82,5.994
livecell,SKOV3_Phase_F4_1_01d20h00m_3.tif,SKOV3_F4_1,75.873,75.13,0.761,-0.5,76.5,5.994
livecell,SKOV3_Phase_F4_1_01d20h00m_4.tif,SKOV3_F4_1,55.505,54.71,0.799,-0.5,55.9,5.994
livecell,SKOV3_Phase_F4_1_02d00h00m_1.tif,SKOV3_F4_1,84.66,86.56,0.833,-0.5,87.41,5.994
livecell,SKOV3_Phase_F4_1_02d00h00m_2.tif,SKOV3_F4_1,87.917,89.16,0.824,-0.5,90.09,5.994
livecell,SKOV3_Phase_F4_1_02d00h00m_3.tif,SKOV3_F4_1,83.965,84.85,0.815,-0.5,85.84,5.994
livecell,SKOV3_Phase_F4_1_02d00h00m_4.tif,SKOV3_F4_1,68.068,67.71,0.795,-0.5,68.88,5.994
livecell,SKOV3_Phase_F4_1_02d04h00m_1.tif,SKOV3_F4_1,88.241,87.9,0.805,-0.5,88.86,5.994
livecell,SKOV3_Phase_F4_1_02d04h00m_2.tif,SKOV3_F4_1,96.337,96.82,0.895,-0.5,97.32,5.994
livecell,SKOV3_Phase_F4_1_02d04h00m_3.tif,SKOV3_F4_1,91.447,91.57,0.854,-0.5,92.32,5.994
livecell,SKOV3_Phase_F4_1_02d04h00m_4.tif,SKOV3_F4_1,77.648,78.84,0.835,-0.5,79.78,5.994
livecell,SKOV3_Phase_F4_1_02d08h00m_1.tif,SKOV3_F4_1,92.828,95.11,0.915,-0.5,95.47,5.994
livecell,SKOV3_Phase_F4_1_02d08h00m_2.tif,SKOV3_F4_1,96.046,97.3,0.914,-0.5,97.74,5.994
livecell,SKOV3_Phase_F4_1_02d08h00m_3.tif,SKOV3_F4_1,95.365,96.83,0.896,-0.5,97.28,5.994
livecell,SKOV3_Phase_F4_1_02d08h00m_4.tif,SKOV3_F4_1,85.709,85.93,0.85,-0.5,86.67,5.994
livecell,SKOV3_Phase_F4_1_02d12h00m_1.tif,SKOV3_F4_1,97.466,97.46,0.918,-0.5,97.81,5.994
livecell,SKOV3_Phase_F4_1_02d12h00m_2.tif,SKOV3_F4_1,96.431,99.02,0.938,-0.5,99.3,5.994
livecell,SKOV3_Phase_F4_1_02d12h00m_3.tif,SKOV3_F4_1,96.364,98.41,0.902,-0.5,98.81,5.994
livecell,SKOV3_Phase_F4_1_02d12h00m_4.tif,SKOV3_F4_1,83.769,86.1,0.837,-0.5,87.12,5.994
livecell,SKOV3_Phase_F4_1_02d16h00m_1.tif,SKOV3_F4_1,99.243,99.53,0.941,-0.5,99.74,5.994
livecell,SKOV3_Phase_F4_1_02d16h00m_2.tif,SKOV3_F4_1,96.946,98.84,0.929,-0.5,99.15,5.994
livecell,SKOV3_Phase_F4_1_02d16h00m_3.tif,SKOV3_F4_1,97.469,98.96,0.934,-0.5,99.29,5.994
livecell,SKOV3_Phase_F4_1_02d16h00m_4.tif,SKOV3_F4_1,88.427,90.36,0.836,-0.5,91.17,5.994
livecell,SKOV3_Phase_F4_1_02d20h00m_1.tif,SKOV3_F4_1,97.483,99.11,0.944,-0.5,99.33,5.994
livecell,SKOV3_Phase_F4_1_02d20h00m_2.tif,SKOV3_F4_1,97.131,99.56,0.947,-0.5,99.75,5.994
livecell,SKOV3_Phase_F4_1_02d20h00m_3.tif,SKOV3_F4_1,97.441,99.55,0.942,-0.5,99.77,5.994
livecell,SKOV3_Phase_F4_1_02d20h00m_4.tif,SKOV3_F4_1,95.053,97.48,0.894,-0.5,97.98,5.994
livecell,SKOV3_Phase_F4_1_03d00h00m_1.tif,SKOV3_F4_1,95.657,99.47,0.936,-0.5,99.68,5.994
livecell,SKOV3_Phase_F4_1_03d00h00m_2.tif,SKOV3_F4_1,96.767,99.68,0.919,-0.5,99.87,5.994
livecell,SKOV3_Phase_F4_1_03d00h00m_3.tif,SKOV3_F4_1,97.391,99.58,0.939,-0.5,99.84,5.994
livecell,SKOV3_Phase_F4_1_03d00h00m_4.tif,SKOV3_F4_1,98.126,99.06,0.912,-0.5,99.88,5.994
livecell,SkBr3_Phase_G3_1_00d00h00m_1.tif,SkBr3_G3_1,15.346,15.74,0.9,-0.5,16.35,5.994
livecell,SkBr3_Phase_G3_1_00d00h00m_2.tif,SkBr3_G3_1,16.246,16.36,0.906,-0.5,16.91,5.994
livecell,SkBr3_Phase_G3_1_00d00h00m_3.tif,SkBr3_G3_1,14.385,14.83,0.917,-0.5,15.35,5.994
livecell,SkBr3_Phase_G3_1_00d00h00m_4.tif,SkBr3_G3_1,14.806,15.45,0.915,-0.5,15.98,5.994
livecell,SkBr3_Phase_G3_1_00d04h00m_1.tif,SkBr3_G3_1,15.081,16.21,0.901,-0.5,16.82,5.994
livecell,SkBr3_Phase_G3_1_00d04h00m_2.tif,SkBr3_G3_1,15.934,16.88,0.905,-0.5,17.48,5.994
livecell,SkBr3_Phase_G3_1_00d04h00m_3.tif,SkBr3_G3_1,15.056,16.02,0.913,-0.5,16.58,5.994
livecell,SkBr3_Phase_G3_1_00d04h00m_4.tif,SkBr3_G3_1,16.795,17.85,0.9,-0.5,18.46,5.994
livecell,SkBr3_Phase_G3_1_00d08h00m_1.tif,SkBr3_G3_1,16.777,18.1,0.895,-0.5,18.77,5.994
livecell,SkBr3_Phase_G3_1_00d08h00m_2.tif,SkBr3_G3_1,18.553,18.07,0.888,-0.5,18.71,5.994
livecell,SkBr3_Phase_G3_1_00d08h00m_3.tif,SkBr3_G3_1,17.91,16.83,0.906,-0.5,17.43,5.994
livecell,SkBr3_Phase_G3_1_00d08h00m_4.tif,SkBr3_G3_1,19.047,18.53,0.903,-0.5,19.14,5.994
livecell,SkBr3_Phase_G3_1_00d12h00m_1.tif,SkBr3_G3_1,19.876,19.54,0.882,-0.5,20.34,5.994
livecell,SkBr3_Phase_G3_1_00d12h00m_2.tif,SkBr3_G3_1,20.601,19.43,0.897,-0.5,20.06,5.994
livecell,SkBr3_Phase_G3_1_00d12h00m_3.tif,SkBr3_G3_1,17.49,17.15,0.91,-0.5,17.73,5.994
livecell,SkBr3_Phase_G3_1_00d12h00m_4.tif,SkBr3_G3_1,20.086,19.91,0.886,-0.5,20.61,5.994
livecell,SkBr3_Phase_G3_1_00d16h00m_1.tif,SkBr3_G3_1,20.215,20.55,0.876,-0.5,21.34,5.994
livecell,SkBr3_Phase_G3_1_00d16h00m_2.tif,SkBr3_G3_1,20.974,21.08,0.883,-0.5,21.76,5.994
livecell,SkBr3_Phase_G3_1_00d16h00m_3.tif,SkBr3_G3_1,19.045,18.89,0.9,-0.5,19.53,5.994
livecell,SkBr3_Phase_G3_1_00d16h00m_4.tif,SkBr3_G3_1,22.686,22.3,0.872,-0.5,22.98,5.994
livecell,SkBr3_Phase_G3_1_00d20h00m_1.tif,SkBr3_G3_1,22.823,21.87,0.847,-0.5,22.91,5.994
livecell,SkBr3_Phase_G3_1_00d20h00m_2.tif,SkBr3_G3_1,24.581,22.95,0.878,-0.5,23.75,5.994
livecell,SkBr3_Phase_G3_1_00d20h00m_3.tif,SkBr3_G3_1,22.016,20.6,0.891,-0.5,21.26,5.994
livecell,SkBr3_Phase_G3_1_00d20h00m_4.tif,SkBr3_G3_1,26.043,24.31,0.889,-0.5,25.0,5.994
livecell,SkBr3_Phase_G3_1_01d00h00m_1.tif,SkBr3_G3_1,25.367,22.14,0.853,-0.5,23.03,5.994
livecell,SkBr3_Phase_G3_1_01d00h00m_2.tif,SkBr3_G3_1,24.873,24.95,0.868,-0.5,25.75,5.994
livecell,SkBr3_Phase_G3_1_01d00h00m_3.tif,SkBr3_G3_1,21.225,21.68,0.881,-0.5,22.42,5.994
livecell,SkBr3_Phase_G3_1_01d00h00m_4.tif,SkBr3_G3_1,25.641,26.13,0.884,-0.5,26.84,5.994
livecell,SkBr3_Phase_G3_1_01d04h00m_1.tif,SkBr3_G3_1,24.677,25.51,0.859,-0.5,26.37,5.994
livecell,SkBr3_Phase_G3_1_01d04h00m_2.tif,SkBr3_G3_1,26.573,27.45,0.857,-0.5,28.34,5.994
livecell,SkBr3_Phase_G3_1_01d04h00m_3.tif,SkBr3_G3_1,21.937,23.05,0.87,-0.5,23.82,5.994
livecell,SkBr3_Phase_G3_1_01d04h00m_4.tif,SkBr3_G3_1,27.575,28.68,0.866,-0.5,29.5,5.994
livecell,SkBr3_Phase_G3_1_01d08h00m_1.tif,SkBr3_G3_1,26.757,28.39,0.844,-0.5,29.43,5.994
livecell,SkBr3_Phase_G3_1_01d08h00m_2.tif,SkBr3_G3_1,28.848,30.09,0.856,-0.5,30.97,5.994
livecell,SkBr3_Phase_G3_1_01d08h00m_3.tif,SkBr3_G3_1,24.711,26.0,0.876,-0.5,26.76,5.994
livecell,SkBr3_Phase_G3_1_01d08h00m_4.tif,SkBr3_G3_1,28.507,30.74,0.867,-0.5,31.55,5.994
livecell,SkBr3_Phase_G3_1_01d12h00m_1.tif,SkBr3_G3_1,26.161,30.84,0.813,-0.5,31.93,5.994
livecell,SkBr3_Phase_G3_1_01d12h00m_2.tif,SkBr3_G3_1,30.954,34.24,0.833,-0.5,35.22,5.994
livecell,SkBr3_Phase_G3_1_01d12h00m_3.tif,SkBr3_G3_1,26.718,28.64,0.864,-0.5,29.44,5.994
livecell,SkBr3_Phase_G3_1_01d12h00m_4.tif,SkBr3_G3_1,31.431,33.91,0.849,-0.5,34.8,5.994
livecell,SkBr3_Phase_G3_1_01d16h00m_1.tif,SkBr3_G3_1,28.821,31.83,0.841,-0.5,32.82,5.994
livecell,SkBr3_Phase_G3_1_01d16h00m_2.tif,SkBr3_G3_1,33.157,36.1,0.838,-0.5,37.1,5.994
livecell,SkBr3_Phase_G3_1_01d16h00m_3.tif,SkBr3_G3_1,26.94,29.46,0.861,-0.5,30.27,5.994
livecell,SkBr3_Phase_G3_1_01d16h00m_4.tif,SkBr3_G3_1,33.529,34.57,0.842,-0.5,35.54,5.994
livecell,SkBr3_Phase_G3_1_01d20h00m_1.tif,SkBr3_G3_1,30.629,34.08,0.815,-0.5,35.15,5.994
livecell,SkBr3_Phase_G3_1_01d20h00m_2.tif,SkBr3_G3_1,41.309,38.73,0.836,-0.5,39.71,5.994
livecell,SkBr3_Phase_G3_1_01d20h00m_3.tif,SkBr3_G3_1,33.274,31.04,0.838,-0.5,31.97,5.994
livecell,SkBr3_Phase_G3_1_01d20h00m_4.tif,SkBr3_G3_1,39.057,36.34,0.833,-0.5,37.35,5.994
livecell,SkBr3_Phase_G3_1_02d00h00m_1.tif,SkBr3_G3_1,40.5,35.74,0.786,-0.5,37.32,5.994
livecell,SkBr3_Phase_G3_1_02d00h00m_2.tif,SkBr3_G3_1,42.741,39.23,0.822,-0.5,40.33,5.994
livecell,SkBr3_Phase_G3_1_02d00h00m_3.tif,SkBr3_G3_1,35.211,32.39,0.845,-0.5,33.3,5.994
livecell,SkBr3_Phase_G3_1_02d00h00m_4.tif,SkBr3_G3_1,42.01,38.77,0.835,-0.5,39.81,5.994
livecell,SkBr3_Phase_G3_1_02d04h00m_1.tif,SkBr3_G3_1,40.749,37.85,0.81,-0.5,39.11,5.994
livecell,SkBr3_Phase_G3_1_02d04h00m_2.tif,SkBr3_G3_1,46.04,42.47,0.824,-0.5,43.53,5.994
livecell,SkBr3_Phase_G3_1_02d04h00m_3.tif,SkBr3_G3_1,36.731,33.87,0.854,-0.5,34.77,5.994
livecell,SkBr3_Phase_G3_1_02d04h00m_4.tif,SkBr3_G3_1,45.227,41.92,0.816,-0.5,43.03,5.994
livecell,SkBr3_Phase_G3_1_02d08h00m_1.tif,SkBr3_G3_1,43.564,42.19,0.801,-0.5,43.39,5.994
livecell,SkBr3_Phase_G3_1_02d08h00m_2.tif,SkBr3_G3_1,49.69,46.52,0.804,-0.5,47.76,5.994
livecell,SkBr3_Phase_G3_1_02d08h00m_3.tif,SkBr3_G3_1,38.522,37.34,0.843,-0.5,38.3,5.994
livecell,SkBr3_Phase_G3_1_02d08h00m_4.tif,SkBr3_G3_1,47.382,45.74,0.813,-0.5,46.89,5.994
livecell,SkBr3_Phase_G3_1_02d12h00m_1.tif,SkBr3_G3_1,44.636,42.93,0.761,-0.5,44.69,5.994
livecell,SkBr3_Phase_G3_1_02d12h00m_2.tif,SkBr3_G3_1,51.368,49.1,0.806,-0.5,50.22,5.994
livecell,SkBr3_Phase_G3_1_02d12h00m_3.tif,SkBr3_G3_1,41.961,39.88,0.821,-0.5,40.92,5.994
livecell,SkBr3_Phase_G3_1_02d12h00m_4.tif,SkBr3_G3_1,50.27,48.52,0.812,-0.5,49.66,5.994
livecell,SkBr3_Phase_G3_1_02d16h00m_1.tif,SkBr3_G3_1,47.119,45.9,0.779,-0.5,47.13,5.994
livecell,SkBr3_Phase_G3_1_02d16h00m_2.tif,SkBr3_G3_1,54.191,52.36,0.788,-0.5,53.55,5.994
livecell,SkBr3_Phase_G3_1_02d16h00m_3.tif,SkBr3_G3_1,45.191,43.73,0.822,-0.5,44.8,5.994
livecell,SkBr3_Phase_G3_1_02d16h00m_4.tif,SkBr3_G3_1,51.278,50.12,0.794,-0.5,51.33,5.994
livecell,SkBr3_Phase_G3_1_02d20h00m_1.tif,SkBr3_G3_1,49.291,47.5,0.766,-0.5,48.9,5.994
livecell,SkBr3_Phase_G3_1_02d20h00m_2.tif,SkBr3_G3_1,56.457,54.11,0.786,-0.5,55.34,5.994
livecell,SkBr3_Phase_G3_1_02d20h00m_3.tif,SkBr3_G3_1,43.896,45.99,0.808,-0.5,47.18,5.994
livecell,SkBr3_Phase_G3_1_02d20h00m_4.tif,SkBr3_G3_1,51.34,54.58,0.803,-0.5,55.76,5.994
livecell,SkBr3_Phase_G3_1_03d00h00m_1.tif,SkBr3_G3_1,52.302,49.7,0.757,-0.5,51.21,5.994
livecell,SkBr3_Phase_G3_1_03d00h00m_2.tif,SkBr3_G3_1,59.059,55.4,0.804,-0.5,56.58,5.994
livecell,SkBr3_Phase_G3_1_03d00h00m_3.tif,SkBr3_G3_1,51.762,48.66,0.812,-0.5,49.8,5.994
livecell,SkBr3_Phase_G3_1_03d00h00m_4.tif,SkBr3_G3_1,55.86,54.82,0.797,-0.5,56.04,5.994
livecell,SkBr3_Phase_G3_1_03d04h00m_1.tif,SkBr3_G3_1,53.503,51.51,0.727,-0.5,53.47,5.994
livecell,SkBr3_Phase_G3_1_03d04h00m_2.tif,SkBr3_G3_1,59.261,57.29,0.787,-0.5,58.55,5.994
livecell,SkBr3_Phase_G3_1_03d04h00m_3.tif,SkBr3_G3_1,54.474,52.67,0.798,-0.5,53.88,5.994
livecell,SkBr3_Phase_G3_1_03d04h00m_4.tif,SkBr3_G3_1,58.207,57.36,0.78,-0.5,58.65,5.994
livecell,SkBr3_Phase_G3_1_03d08h00m_1.tif,SkBr3_G3_1,55.029,54.71,0.721,-0.5,56.2,5.994
livecell,SkBr3_Phase_G3_1_03d08h00m_2.tif,SkBr3_G3_1,59.635,59.05,0.776,-0.5,60.39,5.994
livecell,SkBr3_Phase_G3_1_03d08h00m_3.tif,SkBr3_G3_1,56.171,55.26,0.782,-0.5,56.55,5.994
livecell,SkBr3_Phase_G3_1_03d08h00m_4.tif,SkBr3_G3_1,60.193,59.21,0.784,-0.5,60.49,5.994
livecell,SkBr3_Phase_G3_1_03d12h00m_1.tif,SkBr3_G3_1,59.947,57.78,0.736,-0.5,59.68,5.994
livecell,SkBr3_Phase_G3_1_03d12h00m_2.tif,SkBr3_G3_1,63.881,62.51,0.77,-0.5,63.84,5.994
livecell,SkBr3_Phase_G3_1_03d12h00m_3.tif,SkBr3_G3_1,58.459,57.0,0.794,-0.5,58.21,5.994
livecell,SkBr3_Phase_G3_1_03d12h00m_4.tif,SkBr3_G3_1,64.986,63.54,0.769,-0.5,64.9,5.994
msc,218-4_part_10_tile_1.png,218-4,15.746,10.27,0.844,-1.5,13.25,7.63
msc,218-4_part_10_tile_10.png,218-4,8.983,3.38,0.888,-1.5,7.34,7.63
msc,218-4_part_10_tile_11.png,218-4,7.104,4.99,0.869,-1.5,7.06,7.63
msc,218-4_part_10_tile_12.png,218-4,9.153,2.12,0.949,-1.5,3.42,7.63
msc,218-4_part_10_tile_13.png,218-4,7.062,5.01,0.91,-1.5,6.92,7.63
msc,218-4_part_10_tile_14.png,218-4,12.479,9.36,0.849,-1.5,12.12,7.63
msc,218-4_part_10_tile_15.png,218-4,8.292,6.15,0.874,-1.5,8.45,7.63
msc,218-4_part_10_tile_16.png,218-4,8.507,5.07,0.865,-1.5,7.47,7.63
msc,218-4_part_10_tile_2.png,218-4,24.904,7.26,0.639,-1.5,15.61,7.63
msc,218-4_part_10_tile_3.png,218-4,9.084,14.21,0.62,-1.5,22.69,7.63
msc,218-4_part_10_tile_4.png,218-4,10.308,6.18,0.886,-1.5,8.85,7.63
msc,218-4_part_10_tile_5.png,218-4,10.108,3.06,0.796,-1.5,8.57,7.63
msc,218-4_part_10_tile_6.png,218-4,10.393,5.6,0.811,-1.5,10.63,7.63
msc,218-4_part_10_tile_7.png,218-4,4.821,3.15,0.913,-1.5,4.25,7.63
msc,218-4_part_10_tile_8.png,218-4,13.512,4.62,0.734,-1.5,11.08,7.63
msc,218-4_part_10_tile_9.png,218-4,3.605,8.84,0.79,-1.5,11.51,7.63
msc,218-4_part_14_tile_1.png,218-4,48.657,35.27,0.116,-1.5,50.55,7.63
msc,218-4_part_14_tile_10.png,218-4,33.822,23.03,0.093,-1.5,38.35,7.63
msc,218-4_part_14_tile_11.png,218-4,23.765,15.03,0.705,-1.5,21.26,7.63
msc,218-4_part_14_tile_12.png,218-4,24.446,17.96,0.517,-1.5,27.96,7.63
msc,218-4_part_14_tile_13.png,218-4,20.433,10.85,0.676,-1.5,18.94,7.63
msc,218-4_part_14_tile_14.png,218-4,27.239,17.1,0.651,-1.5,25.05,7.63
msc,218-4_part_14_tile_15.png,218-4,28.058,19.63,0.486,-1.5,29.43,7.63
msc,218-4_part_14_tile_16.png,218-4,16.303,11.14,0.854,-1.5,13.91,7.63
msc,218-4_part_14_tile_2.png,218-4,39.553,31.53,0.386,-1.5,40.53,7.63
msc,218-4_part_14_tile_3.png,218-4,50.974,32.77,0.089,-1.5,50.4,7.63
msc,218-4_part_14_tile_4.png,218-4,48.815,37.25,0.221,-1.5,50.22,7.63
msc,218-4_part_14_tile_5.png,218-4,22.384,17.13,0.644,-1.5,23.89,7.63
msc,218-4_part_14_tile_6.png,218-4,41.721,21.71,0.297,-1.5,39.04,7.63
msc,218-4_part_14_tile_7.png,218-4,37.287,30.01,0.377,-1.5,39.89,7.63
msc,218-4_part_14_tile_8.png,218-4,36.181,32.46,0.634,-1.5,37.86,7.63
msc,218-4_part_14_tile_9.png,218-4,31.036,19.15,0.352,-1.5,32.97,7.63
msc,218-4_part_15_tile_1.png,218-4,19.892,16.73,0.561,-1.5,22.04,7.63
msc,218-4_part_15_tile_10.png,218-4,8.764,11.0,0.847,-1.5,13.93,7.63
msc,218-4_part_15_tile_11.png,218-4,12.113,13.81,0.764,-1.5,19.08,7.63
msc,218-4_part_15_tile_12.png,218-4,11.031,15.33,0.505,-1.5,21.57,7.63
msc,218-4_part_15_tile_13.png,218-4,4.652,3.93,0.937,-1.5,5.25,7.63
msc,218-4_part_15_tile_14.png,218-4,4.491,3.69,0.703,-1.5,10.42,7.63
msc,218-4_part_15_tile_15.png,218-4,10.133,12.87,0.669,-1.5,19.27,7.63
msc,218-4_part_15_tile_16.png,218-4,9.641,9.34,0.797,-1.5,14.87,7.63
msc,218-4_part_15_tile_2.png,218-4,23.797,13.06,0.698,-1.5,19.28,7.63
msc,218-4_part_15_tile_3.png,218-4,25.302,20.0,0.723,-1.5,24.91,7.63
msc,218-4_part_15_tile_4.png,218-4,18.957,17.37,0.764,-1.5,21.85,7.63
msc,218-4_part_15_tile_5.png,218-4,21.332,6.54,0.673,-1.5,15.77,7.63
msc,218-4_part_15_tile_6.png,218-4,6.392,9.09,0.72,-1.5,12.24,7.63
msc,218-4_part_15_tile_7.png,218-4,14.16,12.44,0.729,-1.5,16.29,7.63
msc,218-4_part_15_tile_8.png,218-4,14.708,11.27,0.779,-1.5,15.51,7.63
msc,218-4_part_15_tile_9.png,218-4,10.902,5.06,0.878,-1.5,7.18,7.63
msc,218-4_part_16_tile_1.png,218-4,40.767,22.5,0.431,-1.5,33.53,7.63
msc,218-4_part_16_tile_10.png,218-4,36.366,28.06,0.442,-1.5,37.31,7.63
msc,218-4_part_16_tile_11.png,218-4,48.396,31.8,0.107,-1.5,48.28,7.63
msc,218-4_part_16_tile_12.png,218-4,55.906,36.6,0.006,-1.5,51.79,7.63
msc,218-4_part_16_tile_13.png,218-4,34.383,22.34,0.365,-1.5,33.16,7.63
msc,218-4_part_16_tile_14.png,218-4,38.943,29.13,0.36,-1.5,38.37,7.63
msc,218-4_part_16_tile_15.png,218-4,54.291,34.33,0.0,-1.5,55.28,7.63
msc,218-4_part_16_tile_16.png,218-4,53.882,47.19,0.249,-1.5,57.58,7.63
msc,218-4_part_16_tile_2.png,218-4,40.244,31.43,0.399,-1.5,41.52,7.63
msc,218-4_part_16_tile_3.png,218-4,50.504,38.78,0.325,-1.5,50.14,7.63
msc,218-4_part_16_tile_4.png,218-4,35.097,29.59,0.429,-1.5,37.01,7.63
msc,218-4_part_16_tile_5.png,218-4,34.027,30.09,0.364,-1.5,38.14,7.63
msc,218-4_part_16_tile_6.png,218-4,49.306,30.97,0.335,-1.5,42.88,7.63
msc,218-4_part_16_tile_7.png,218-4,47.369,41.28,0.258,-1.5,51.79,7.63
msc,218-4_part_16_tile_8.png,218-4,55.059,28.82,0.014,-1.5,47.95,7.63
msc,218-4_part_16_tile_9.png,218-4,29.975,24.32,0.514,-1.5,33.89,7.63
msc,218-4_part_1_tile_1.png,218-4,11.577,8.33,0.622,-1.5,18.02,7.63
msc,218-4_part_1_tile_10.png,218-4,24.721,12.59,0.749,-1.5,17.98,7.63
msc,218-4_part_1_tile_11.png,218-4,24.286,13.53,0.742,-1.5,18.56,7.63
msc,218-4_part_1_tile_12.png,218-4,18.696,11.4,0.825,-1.5,14.72,7.63
msc,218-4_part_1_tile_13.png,218-4,9.232,5.38,0.894,-1.5,7.88,7.63
msc,218-4_part_1_tile_14.png,218-4,12.585,6.2,0.906,-1.5,8.2,7.63
msc,218-4_part_1_tile_15.png,218-4,18.783,5.86,0.903,-1.5,9.4,7.63
msc,218-4_part_1_tile_16.png,218-4,22.321,13.63,0.724,-1.5,18.6,7.63
msc,218-4_part_1_tile_2.png,218-4,16.975,11.88,0.789,-1.5,17.49,7.63
msc,218-4_part_1_tile_3.png,218-4,17.884,10.99,0.789,-1.5,15.54,7.63
msc,218-4_part_1_tile_4.png,218-4,30.654,18.58,0.633,-1.5,25.2,7.63
msc,218-4_part_1_tile_5.png,218-4,13.602,10.14,0.842,-1.5,12.65,7.63
msc,218-4_part_1_tile_6.png,218-4,24.546,16.75,0.601,-1.5,22.95,7.63
msc,218-4_part_1_tile_7.png,218-4,26.788,18.5,0.701,-1.5,25.6,7.63
msc,218-4_part_1_tile_8.png,218-4,19.969,11.87,0.794,-1.5,16.1,7.63
msc,218-4_part_1_tile_9.png,218-4,16.881,10.64,0.719,-1.5,16.36,7.63
msc,218-4_part_20_tile_1.png,218-4,18.104,13.89,0.785,-1.5,18.31,7.63
msc,218-4_part_20_tile_10.png,218-4,18.815,15.62,0.784,-1.5,19.2,7.63
msc,218-4_part_20_tile_11.png,218-4,16.635,14.18,0.534,-1.5,25.83,7.63
msc,218-4_part_20_tile_12.png,218-4,13.493,11.45,0.782,-1.5,14.45,7.63
msc,218-4_part_20_tile_13.png,218-4,13.025,8.17,0.867,-1.5,10.83,7.63
msc,218-4_part_20_tile_14.png,218-4,20.677,17.08,0.733,-1.5,21.73,7.63
msc,218-4_part_20_tile_15.png,218-4,26.546,16.95,0.569,-1.5,26.76,7.63
msc,218-4_part_20_tile_16.png,218-4,19.626,15.41,0.6,-1.5,23.21,7.63
msc,218-4_part_20_tile_2.png,218-4,31.07,22.65,0.691,-1.5,28.69,7.63
msc,218-4_part_20_tile_3.png,218-4,21.76,17.3,0.635,-1.5,22.73,7.63
msc,218-4_part_20_tile_4.png,218-4,18.352,13.44,0.69,-1.5,19.71,7.63
msc,218-4_part_20_tile_5.png,218-4,16.812,8.56,0.868,-1.5,12.29,7.63
msc,218-4_part_20_tile_6.png,218-4,15.714,12.26,0.775,-1.5,15.49,7.63
msc,218-4_part_20_tile_7.png,218-4,13.419,9.7,0.858,-1.5,13.05,7.63
msc,218-4_part_20_tile_8.png,218-4,21.435,16.44,0.626,-1.5,25.11,7.63
msc,218-4_part_20_tile_9.png,218-4,16.476,15.12,0.503,-1.5,24.92,7.63
msc,218-4_part_5_tile_1.png,218-4,24.841,18.08,0.724,-1.5,22.95,7.63
msc,218-4_part_5_tile_10.png,218-4,14.747,7.05,0.899,-1.5,9.39,7.63
msc,218-4_part_5_tile_11.png,218-4,14.826,6.75,0.84,-1.5,9.18,7.63
msc,218-4_part_5_tile_12.png,218-4,15.662,6.83,0.873,-1.5,9.46,7.63
msc,218-4_part_5_tile_13.png,218-4,15.804,8.47,0.807,-1.5,11.92,7.63
msc,218-4_part_5_tile_14.png,218-4,12.661,7.61,0.841,-1.5,10.4,7.63
msc,218-4_part_5_tile_15.png,218-4,9.882,8.1,0.821,-1.5,12.08,7.63
msc,218-4_part_5_tile_16.png,218-4,5.365,3.98,0.942,-1.5,5.22,7.63
msc,218-4_part_5_tile_2.png,218-4,30.0,18.33,0.481,-1.5,28.29,7.63
msc,218-4_part_5_tile_3.png,218-4,19.319,13.12,0.722,-1.5,19.49,7.63
msc,218-4_part_5_tile_4.png,218-4,16.636,12.48,0.771,-1.5,16.8,7.63
msc,218-4_part_5_tile_5.png,218-4,17.27,11.65,0.743,-1.5,15.88,7.63
msc,218-4_part_5_tile_6.png,218-4,13.542,8.11,0.816,-1.5,11.51,7.63
msc,218-4_part_5_tile_7.png,218-4,19.603,11.38,0.78,-1.5,14.39,7.63
msc,218-4_part_5_tile_8.png,218-4,15.486,13.63,0.734,-1.5,17.9,7.63
msc,218-4_part_5_tile_9.png,218-4,16.527,9.71,0.786,-1.5,16.23,7.63
msc,218-5_part_14_tile_1.png,218-5,25.728,20.35,0.5,-1.5,28.23,6.425
msc,218-5_part_14_tile_10.png,218-5,3.862,2.76,0.858,-1.5,6.9,6.425
msc,218-5_part_14_tile_11.png,218-5,14.656,5.29,0.82,-1.5,10.17,6.425
msc,218-5_part_14_tile_12.png,218-5,19.051,15.2,0.481,-1.5,24.82,6.425
msc,218-5_part_14_tile_13.png,218-5,5.057,4.43,0.94,-1.5,5.85,6.425
msc,218-5_part_14_tile_14.png,218-5,12.763,7.13,0.761,-1.5,12.44,6.425
msc,218-5_part_14_tile_15.png,218-5,33.87,7.03,0.734,-1.5,14.76,6.425
msc,218-5_part_14_tile_16.png,218-5,25.437,12.5,0.691,-1.5,18.65,6.425
msc,218-5_part_14_tile_2.png,218-5,29.881,26.27,0.533,-1.5,33.61,6.425
msc,218-5_part_14_tile_3.png,218-5,13.065,3.86,0.791,-1.5,10.99,6.425
msc,218-5_part_14_tile_4.png,218-5,16.365,13.52,0.771,-1.5,17.94,6.425
msc,218-5_part_14_tile_5.png,218-5,9.504,6.87,0.858,-1.5,9.77,6.425
msc,218-5_part_14_tile_6.png,218-5,7.229,8.76,0.885,-1.5,11.09,6.425
msc,218-5_part_14_tile_7.png,218-5,11.128,4.1,0.736,-1.5,11.04,6.425
msc,218-5_part_14_tile_8.png,218-5,7.309,8.8,0.83,-1.5,11.01,6.425
msc,218-5_part_14_tile_9.png,218-5,6.111,1.86,0.88,-1.5,7.09,6.425
msc,218-5_part_15_tile_1.png,218-5,16.348,15.99,0.783,-1.5,20.35,6.425
msc,218-5_part_15_tile_10.png,218-5,18.329,21.17,0.711,-1.5,26.03,6.425
msc,218-5_part_15_tile_11.png,218-5,26.022,20.3,0.493,-1.5,29.07,6.425
msc,218-5_part_15_tile_12.png,218-5,20.941,12.25,0.7,-1.5,21.22,6.425
msc,218-5_part_15_tile_13.png,218-5,36.528,22.33,0.442,-1.5,31.35,6.425
msc,218-5_part_15_tile_14.png,218-5,14.808,13.29,0.799,-1.5,16.78,6.425
msc,218-5_part_15_tile_15.png,218-5,25.004,26.26,0.658,-1.5,31.6,6.425
msc,218-5_part_15_tile_16.png,218-5,35.556,26.93,0.474,-1.5,38.97,6.425
msc,218-5_part_15_tile_2.png,218-5,11.142,10.27,0.712,-1.5,16.49,6.425
msc,218-5_part_15_tile_3.png,218-5,14.882,10.41,0.766,-1.5,14.7,6.425
msc,218-5_part_15_tile_4.png,218-5,23.169,13.88,0.719,-1.5,21.84,6.425
msc,218-5_part_15_tile_5.png,218-5,31.117,23.46,0.654,-1.5,30.57,6.425
msc,218-5_part_15_tile_6.png,218-5,23.739,18.2,0.551,-1.5,28.19,6.425
msc,218-5_part_15_tile_7.png,218-5,25.135,25.77,0.549,-1.5,32.05,6.425
msc,218-5_part_15_tile_8.png,218-5,15.133,5.72,0.847,-1.5,12.55,6.425
msc,218-5_part_15_tile_9.png,218-5,38.126,31.69,0.244,-1.5,43.84,6.425
msc,218-5_part_19_tile_1.png,218-5,9.909,11.12,0.716,-1.5,17.54,6.425
msc,218-5_part_19_tile_10.png,218-5,37.592,16.05,0.567,-1.5,27.44,6.425
msc,218-5_part_19_tile_11.png,218-5,33.922,22.26,0.431,-1.5,32.04,6.425
msc,218-5_part_19_tile_12.png,218-5,37.7,28.4,0.468,-1.5,37.54,6.425
msc,218-5_part_19_tile_13.png,218-5,17.311,13.76,0.494,-1.5,24.32,6.425
msc,218-5_part_19_tile_14.png,218-5,23.354,20.54,0.621,-1.5,25.64,6.425
msc,218-5_part_19_tile_15.png,218-5,31.045,22.32,0.327,-1.5,35.86,6.425
msc,218-5_part_19_tile_16.png,218-5,35.535,21.23,0.471,-1.5,32.16,6.425
msc,218-5_part_19_tile_2.png,218-5,31.166,16.79,0.619,-1.5,22.71,6.425
msc,218-5_part_19_tile_3.png,218-5,50.464,35.66,0.0,-1.5,53.39,6.425
msc,218-5_part_19_tile_4.png,218-5,43.187,26.74,0.346,-1.5,42.82,6.425
msc,218-5_part_19_tile_5.png,218-5,16.038,14.13,0.763,-1.5,18.15,6.425
msc,218-5_part_19_tile_6.png,218-5,40.122,25.97,0.487,-1.5,35.41,6.425
msc,218-5_part_19_tile_7.png,218-5,47.486,31.45,0.182,-1.5,48.21,6.425
msc,218-5_part_19_tile_8.png,218-5,38.792,27.5,0.359,-1.5,38.08,6.425
msc,218-5_part_19_tile_9.png,218-5,19.97,14.09,0.574,-1.5,21.01,6.425
msc,218-5_part_21_tile_1.png,218-5,45.475,29.26,0.25,-1.5,41.39,6.425
msc,218-5_part_21_tile_10.png,218-5,52.913,51.59,0.178,-1.5,61.3,6.425
msc,218-5_part_21_tile_11.png,218-5,59.633,41.84,0.0,-1.5,63.2,6.425
msc,218-5_part_21_tile_12.png,218-5,60.697,32.52,0.0,-1.5,54.4,6.425
msc,218-5_part_21_tile_13.png,218-5,45.372,25.5,0.465,-1.5,34.59,6.425
msc,218-5_part_21_tile_14.png,218-5,55.955,43.85,0.0,-1.5,65.17,6.425
msc,218-5_part_21_tile_15.png,218-5,67.481,33.11,0.0,-1.5,56.81,6.425
msc,218-5_part_21_tile_16.png,218-5,66.888,44.84,0.0,-1.5,65.71,6.425
msc,218-5_part_21_tile_2.png,218-5,46.023,30.69,0.24,-1.5,42.66,6.425
msc,218-5_part_21_tile_3.png,218-5,48.982,25.32,0.317,-1.5,37.9,6.425
msc,218-5_part_21_tile_4.png,218-5,51.696,44.57,0.274,-1.5,54.77,6.425
msc,218-5_part_21_tile_5.png,218-5,48.232,25.74,0.399,-1.5,33.76,6.425
msc,218-5_part_21_tile_6.png,218-5,53.307,33.01,0.192,-1.5,49.27,6.425
msc,218-5_part_21_tile_7.png,218-5,55.268,15.54,0.292,-1.5,29.82,6.425
msc,218-5_part_21_tile_8.png,218-5,55.997,32.66,0.026,-1.5,52.69,6.425
msc,218-5_part_21_tile_9.png,218-5,56.511,17.32,0.387,-1.5,35.94,6.425
msc,218-5_part_23_tile_1.png,218-5,44.264,24.18,0.106,-1.5,40.25,6.425
msc,218-5_part_23_tile_10.png,218-5,48.693,39.37,0.187,-1.5,50.55,6.425
msc,218-5_part_23_tile_11.png,218-5,50.635,33.97,0.138,-1.5,50.94,6.425
msc,218-5_part_23_tile_12.png,218-5,50.601,30.34,0.166,-1.5,52.45,6.425
msc,218-5_part_23_tile_13.png,218-5,40.431,28.8,0.431,-1.5,41.17,6.425
msc,218-5_part_23_tile_14.png,218-5,52.406,36.04,0.125,-1.5,50.7,6.425
msc,218-5_part_23_tile_15.png,218-5,38.564,28.69,0.351,-1.5,38.1,6.425
msc,218-5_part_23_tile_16.png,218-5,56.046,43.24,0.068,-1.5,55.43,6.425
msc,218-5_part_23_tile_2.png,218-5,38.314,25.51,0.467,-1.5,35.16,6.425
msc,218-5_part_23_tile_3.png,218-5,47.191,23.4,0.129,-1.5,42.38,6.425
msc,218-5_part_23_tile_4.png,218-5,42.555,31.94,0.312,-1.5,43.12,6.425
msc,218-5_part_23_tile_5.png,218-5,46.491,27.29,0.181,-1.5,42.72,6.425
msc,218-5_part_23_tile_6.png,218-5,46.258,35.82,0.274,-1.5,49.31,6.425
msc,218-5_part_23_tile_7.png,218-5,55.16,28.87,0.0,-1.5,49.65,6.425
msc,218-5_part_23_tile_8.png,218-5,37.747,24.71,0.47,-1.5,33.78,6.425
msc,218-5_part_23_tile_9.png,218-5,38.274,22.48,0.353,-1.5,34.89,6.425
msc,218-5_part_4_tile_1.png,218-5,11.898,4.77,0.874,-1.5,7.72,6.425
msc,218-5_part_4_tile_10.png,218-5,5.943,4.46,0.92,-1.5,6.11,6.425
msc,218-5_part_4_tile_11.png,218-5,11.41,10.57,0.887,-1.5,12.66,6.425
msc,218-5_part_4_tile_12.png,218-5,13.18,11.69,0.789,-1.5,20.22,6.425
msc,218-5_part_4_tile_13.png,218-5,5.086,3.99,0.938,-1.5,5.55,6.425
msc,218-5_part_4_tile_14.png,218-5,5.633,4.5,0.925,-1.5,5.87,6.425
msc,218-5_part_4_tile_15.png,218-5,6.352,4.87,0.884,-1.5,8.38,6.425
msc,218-5_part_4_tile_16.png,218-5,5.133,1.8,0.956,-1.5,2.77,6.425
msc,218-5_part_4_tile_2.png,218-5,24.541,14.66,0.667,-1.5,21.8,6.425
msc,218-5_part_4_tile_3.png,218-5,20.514,16.86,0.672,-1.5,21.01,6.425
msc,218-5_part_4_tile_4.png,218-5,28.167,17.46,0.68,-1.5,24.6,6.425
msc,218-5_part_4_tile_5.png,218-5,12.51,16.12,0.78,-1.5,22.57,6.425
msc,218-5_part_4_tile_6.png,218-5,18.886,18.44,0.553,-1.5,25.22,6.425
msc,218-5_part_4_tile_7.png,218-5,15.678,16.58,0.755,-1.5,23.36,6.425
msc,218-5_part_4_tile_8.png,218-5,11.807,10.36,0.854,-1.5,13.13,6.425
msc,218-5_part_4_tile_9.png,218-5,5.667,4.83,0.825,-1.5,9.07,6.425
msc,218-5_part_9_tile_1.png,218-5,22.389,15.82,0.674,-1.5,21.73,6.425
msc,218-5_part_9_tile_10.png,218-5,13.313,7.53,0.653,-1.5,17.21,6.425
msc,218-5_part_9_tile_11.png,218-5,18.611,13.93,0.566,-1.5,21.46,6.425
msc,218-5_part_9_tile_12.png,218-5,6.227,5.07,0.914,-1.5,6.74,6.425
msc,218-5_part_9_tile_13.png,218-5,8.98,5.4,0.848,-1.5,9.59,6.425
msc,218-5_part_9_tile_14.png,218-5,8.338,8.27,0.919,-1.5,9.88,6.425
msc,218-5_part_9_tile_15.png,218-5,7.826,10.58,0.724,-1.5,14.64,6.425
msc,218-5_part_9_tile_16.png,218-5,17.361,12.22,0.75,-1.5,16.09,6.425
msc,218-5_part_9_tile_2.png,218-5,21.864,16.87,0.492,-1.5,29.71,6.425
msc,218-5_part_9_tile_3.png,218-5,23.471,15.29,0.744,-1.5,19.5,6.425
msc,218-5_part_9_tile_4.png,218-5,33.671,21.47,0.407,-1.5,33.97,6.425
msc,218-5_part_9_tile_5.png,218-5,10.466,11.19,0.765,-1.5,16.43,6.425
msc,218-5_part_9_tile_6.png,218-5,19.189,15.53,0.741,-1.5,20.34,6.425
msc,218-5_part_9_tile_7.png,218-5,15.451,11.92,0.848,-1.5,14.97,6.425
msc,218-5_part_9_tile_8.png,218-5,27.17,15.45,0.615,-1.5,22.28,6.425
msc,218-5_part_9_tile_9.png,218-5,17.876,19.76,0.722,-1.5,24.1,6.425
msc,218-6_part_16_tile_1.png,218-6,31.056,29.62,0.578,-1.5,36.23,7.696
msc,218-6_part_16_tile_10.png,218-6,40.04,24.67,0.13,-1.5,42.82,7.696
msc,218-6_part_16_tile_11.png,218-6,32.865,16.8,0.659,-1.5,22.84,7.696
msc,218-6_part_16_tile_12.png,218-6,28.0,21.86,0.538,-1.5,29.76,7.696
msc,218-6_part_16_tile_13.png,218-6,37.907,26.84,0.357,-1.5,37.99,7.696
msc,218-6_part_16_tile_14.png,218-6,24.414,21.94,0.621,-1.5,28.37,7.696
msc,218-6_part_16_tile_15.png,218-6,22.544,19.67,0.585,-1.5,27.42,7.696
msc,218-6_part_16_tile_16.png,218-6,23.308,20.07,0.655,-1.5,25.21,7.696
msc,218-6_part_16_tile_2.png,218-6,36.969,36.38,0.469,-1.5,42.78,7.696
msc,218-6_part_16_tile_3.png,218-6,38.237,35.8,0.318,-1.5,45.41,7.696
msc,218-6_part_16_tile_4.png,218-6,41.12,29.44,0.186,-1.5,43.11,7.696
msc,218-6_part_16_tile_5.png,218-6,25.793,21.82,0.614,-1.5,28.74,7.696
msc,218-6_part_16_tile_6.png,218-6,25.68,23.85,0.617,-1.5,29.72,7.696
msc,218-6_part_16_tile_7.png,218-6,22.518,20.48,0.682,-1.5,25.97,7.696
msc,218-6_part_16_tile_8.png,218-6,30.423,21.3,0.448,-1.5,31.4,7.696
msc,218-6_part_16_tile_9.png,218-6,32.267,24.65,0.584,-1.5,31.41,7.696
msc,218-6_part_18_tile_1.png,218-6,11.145,10.37,0.765,-1.5,14.48,7.696
msc,218-6_part_18_tile_10.png,218-6,26.816,20.76,0.663,-1.5,26.59,7.696
msc,218-6_part_18_tile_11.png,218-6,30.069,23.32,0.246,-1.5,36.12,7.696
msc,218-6_part_18_tile_12.png,218-6,44.119,37.03,0.238,-1.5,48.98,7.696
msc,218-6_part_18_tile_13.png,218-6,27.32,12.29,0.523,-1.5,22.5,7.696
msc,218-6_part_18_tile_14.png,218-6,28.916,27.34,0.523,-1.5,34.96,7.696
msc,218-6_part_18_tile_15.png,218-6,45.632,29.34,0.181,-1.5,44.75,7.696
msc,218-6_part_18_tile_16.png,218-6,41.13,40.24,0.334,-1.5,48.93,7.696
msc,218-6_part_18_tile_2.png,218-6,13.298,9.12,0.838,-1.5,12.41,7.696
msc,218-6_part_18_tile_3.png,218-6,21.309,14.01,0.442,-1.5,27.44,7.696
msc,218-6_part_18_tile_4.png,218-6,38.034,32.38,0.314,-1.5,43.63,7.696
msc,218-6_part_18_tile_5.png,218-6,17.355,14.61,0.691,-1.5,19.73,7.696
msc,218-6_part_18_tile_6.png,218-6,24.038,10.54,0.782,-1.5,14.69,7.696
msc,218-6_part_18_tile_7.png,218-6,26.177,20.25,0.714,-1.5,26.19,7.696
msc,218-6_part_18_tile_8.png,218-6,28.863,28.91,0.593,-1.5,36.0,7.696
msc,218-6_part_18_tile_9.png,218-6,22.319,20.18,0.558,-1.5,26.02,7.696
msc,218-6_part_19_tile_1.png,218-6,27.495,20.01,0.582,-1.5,26.1,7.696
msc,218-6_part_19_tile_10.png,218-6,28.484,22.58,0.653,-1.5,27.82,7.696
msc,218-6_part_19_tile_11.png,218-6,39.96,26.59,0.18,-1.5,41.12,7.696
msc,218-6_part_19_tile_12.png,218-6,17.267,13.74,0.737,-1.5,18.09,7.696
msc,218-6_part_19_tile_13.png,218-6,32.826,18.73,0.537,-1.5,27.02,7.696
msc,218-6_part_19_tile_14.png,218-6,30.273,27.59,0.555,-1.5,35.17,7.696
msc,218-6_part_19_tile_15.png,218-6,28.653,19.29,0.655,-1.5,26.54,7.696
msc,218-6_part_19_tile_16.png,218-6,28.06,23.68,0.538,-1.5,31.14,7.696
msc,218-6_part_19_tile_2.png,218-6,26.823,22.11,0.501,-1.5,32.03,7.696
msc,218-6_part_19_tile_3.png,218-6,50.232,26.82,0.129,-1.5,44.95,7.696
msc,218-6_part_19_tile_4.png,218-6,33.4,31.18,0.473,-1.5,37.78,7.696
msc,218-6_part_19_tile_5.png,218-6,28.294,19.81,0.651,-1.5,28.29,7.696
msc,218-6_part_19_tile_6.png,218-6,45.849,34.47,0.208,-1.5,45.0,7.696
msc,218-6_part_19_tile_7.png,218-6,43.866,29.8,0.298,-1.5,43.04,7.696
msc,218-6_part_19_tile_8.png,218-6,34.428,25.41,0.357,-1.5,36.28,7.696
msc,218-6_part_19_tile_9.png,218-6,24.097,16.51,0.547,-1.5,24.41,7.696
msc,218-6_part_1_tile_1.png,218-6,24.51,11.39,0.656,-1.5,19.28,7.696
msc,218-6_part_1_tile_10.png,218-6,40.129,25.75,0.467,-1.5,36.71,7.696
msc,218-6_part_1_tile_11.png,218-6,31.145,25.13,0.606,-1.5,31.76,7.696
msc,218-6_part_1_tile_12.png,218-6,46.502,36.5,0.239,-1.5,49.51,7.696
msc,218-6_part_1_tile_13.png,218-6,31.203,28.35,0.608,-1.5,35.7,7.696
msc,218-6_part_1_tile_14.png,218-6,37.965,29.99,0.405,-1.5,42.1,7.696
msc,218-6_part_1_tile_15.png,218-6,37.958,31.71,0.42,-1.5,39.51,7.696
msc,218-6_part_1_tile_16.png,218-6,43.602,32.69,0.36,-1.5,45.4,7.696
msc,218-6_part_1_tile_2.png,218-6,37.45,28.1,0.469,-1.5,38.52,7.696
msc,218-6_part_1_tile_3.png,218-6,42.428,35.03,0.327,-1.5,45.35,7.696
msc,218-6_part_1_tile_4.png,218-6,31.636,21.27,0.354,-1.5,31.98,7.696
msc,218-6_part_1_tile_5.png,218-6,33.469,21.12,0.523,-1.5,30.23,7.696
msc,218-6_part_1_tile_6.png,218-6,24.482,18.22,0.682,-1.5,24.47,7.696
msc,218-6_part_1_tile_7.png,218-6,44.206,29.76,0.143,-1.5,45.56,7.696
msc,218-6_part_1_tile_8.png,218-6,39.976,31.39,0.349,-1.5,42.59,7.696
msc,218-6_part_1_tile_9.png,218-6,31.943,24.51,0.468,-1.5,33.37,7.696
msc,218-6_part_25_tile_1.png,218-6,31.266,18.87,0.565,-1.5,27.23,7.696
msc,218-6_part_25_tile_10.png,218-6,37.029,27.54,0.339,-1.5,36.7,7.696
msc,218-6_part_25_tile_11.png,218-6,33.201,23.47,0.473,-1.5,33.54,7.696
msc,218-6_part_25_tile_12.png,218-6,20.022,17.41,0.693,-1.5,22.98,7.696
msc,218-6_part_25_tile_13.png,218-6,42.487,29.69,0.426,-1.5,41.29,7.696
msc,218-6_part_25_tile_14.png,218-6,31.148,28.68,0.572,-1.5,34.78,7.696
msc,218-6_part_25_tile_15.png,218-6,35.725,27.01,0.257,-1.5,37.93,7.696
msc,218-6_part_25_tile_16.png,218-6,28.778,24.49,0.26,-1.5,34.84,7.696
msc,218-6_part_25_tile_2.png,218-6,37.812,16.32,0.644,-1.5,26.57,7.696
msc,218-6_part_25_tile_3.png,218-6,24.09,16.44,0.529,-1.5,24.4,7.696
msc,218-6_part_25_tile_4.png,218-6,33.156,27.17,0.57,-1.5,34.79,7.696
msc,218-6_part_25_tile_5.png,218-6,31.995,29.11,0.481,-1.5,35.87,7.696
msc,218-6_part_25_tile_6.png,218-6,33.696,27.55,0.391,-1.5,36.12,7.696
msc,218-6_part_25_tile_7.png,218-6,20.888,16.76,0.686,-1.5,22.08,7.696
msc,218-6_part_25_tile_8.png,218-6,35.576,25.62,0.455,-1.5,35.05,7.696
msc,218-6_part_25_tile_9.png,218-6,35.027,19.85,0.297,-1.5,31.55,7.696
msc,218-6_part_3_tile_1.png,218-6,25.699,23.28,0.591,-1.5,28.22,7.696
msc,218-6_part_3_tile_10.png,218-6,40.108,36.16,0.499,-1.5,44.19,7.696
msc,218-6_part_3_tile_11.png,218-6,31.922,27.91,0.429,-1.5,36.08,7.696
msc,218-6_part_3_tile_12.png,218-6,37.206,29.75,0.468,-1.5,39.26,7.696
msc,218-6_part_3_tile_13.png,218-6,39.581,33.19,0.469,-1.5,41.46,7.696
msc,218-6_part_3_tile_14.png,218-6,36.805,29.71,0.454,-1.5,39.26,7.696
msc,218-6_part_3_tile_15.png,218-6,58.847,47.82,0.0,-1.5,63.67,7.696
msc,218-6_part_3_tile_16.png,218-6,60.826,42.77,0.125,-1.5,55.97,7.696
msc,218-6_part_3_tile_2.png,218-6,31.951,24.35,0.601,-1.5,29.63,7.696
msc,218-6_part_3_tile_3.png,218-6,35.36,31.54,0.637,-1.5,37.12,7.696
msc,218-6_part_3_tile_4.png,218-6,33.569,25.66,0.485,-1.5,33.63,7.696
msc,218-6_part_3_tile_5.png,218-6,52.766,34.98,0.271,-1.5,46.35,7.696
msc,218-6_part_3_tile_6.png,218-6,44.466,33.53,0.211,-1.5,45.97,7.696
msc,218-6_part_3_tile_7.png,218-6,36.478,31.71,0.377,-1.5,40.63,7.696
msc,218-6_part_3_tile_8.png,218-6,39.088,27.19,0.475,-1.5,36.04,7.696
msc,218-6_part_3_tile_9.png,218-6,42.766,36.19,0.361,-1.5,45.4,7.696
