name,setup,unit,split,fold,gt_pct,Z_reading,Z_band,Z_call,C_reading,C_band,C_call,F_reading,F_band,F_call
HEK-GFP-FumGW_CO_20x_1_BF.tif,lsm_2796,hek|gfp|fumgw|co,test,,31.563,4.755,,continue,27.513,22.955,continue,31.431,12.321,continue
HEK-GFP-FumGW_CO_Hoechst_20x_1_BF.tif,lsm_2796,hek|gfp|fumgw|co|hoechst,calib,B,31.339,3.047,,continue,24.143,22.955,continue,32.168,12.321,continue
HEK-GFP-FumGW_P3_20x_1_BF.tif,lsm_2796,hek|gfp|fumgw|p3,test,,16.652,2.163,,continue,17.382,22.955,continue,19.446,12.321,continue
HEK-GFP-FumGW_P3_40x_3_BF.tif,lsm_2796,hek|gfp|fumgw|p3,test,,17.598,2.163,,continue,17.382,22.955,continue,19.446,12.321,continue
HEK-GFP_10000cells_40x_3czi-C_2.tif,lsm_2796,hek|gfp|10000cells,test,,50.234,2.506,,continue,46.8,22.955,continue,50.251,12.321,continue
HEK-GFP_10000cells_40x_5czi-C_2.tif,lsm_2796,hek|gfp|10000cells,test,,56.471,2.288,,continue,45.527,22.955,continue,63.147,12.321,continue
HEK-GFP_12000cells_40x_4czi-C_2.tif,lsm_2796,hek|gfp|12000cells,calib,B,63.95,2.89,,continue,39.988,22.955,continue,67.939,12.321,review
HEK-GFP_15000cells_40x_10czi-C_2.tif,lsm_2796,hek|gfp|15000cells,calib,A,48.217,7.59,,continue,43.269,22.955,continue,49.304,12.321,continue
HEK-GFP_15000cells_40x_4czi-C_2.tif,lsm_2796,hek|gfp|15000cells,calib,A,38.167,1.047,,continue,24.263,22.955,continue,40.842,12.321,continue
HEK-GFP_15000cells_40x_5czi-C_2.tif,lsm_2796,hek|gfp|15000cells,calib,A,52.241,0.993,,continue,29.82,22.955,continue,54.79,12.321,continue
HEK-GFP_15000cells_40x_6czi-C_2.tif,lsm_2796,hek|gfp|15000cells,calib,A,54.029,3.484,,continue,37.063,22.955,continue,56.498,12.321,continue
HEK-GFP_15000cells_40x_7czi-C_2.tif,lsm_2796,hek|gfp|15000cells,calib,A,45.619,4.272,,continue,40.29,22.955,continue,45.422,12.321,continue
HEK-GFP_15000cells_40x_8czi-C_2.tif,lsm_2796,hek|gfp|15000cells,calib,A,55.989,9.548,,continue,45.993,22.955,continue,57.557,12.321,continue
HEK-GFP_15000cells_40x_9czi-C_2.tif,lsm_2796,hek|gfp|15000cells,calib,A,49.697,10.841,,continue,43.98,22.955,continue,50.349,12.321,continue
HEK-GFP_6000cells_40x_2czi-C_2.tif,lsm_2796,hek|gfp|6000cells,test,,41.158,0.884,,continue,17.333,22.955,continue,42.15,12.321,continue
HEK-GFP_6000cells_40x_3czi-C_2.tif,lsm_2796,hek|gfp|6000cells,test,,28.734,0.505,,continue,9.914,22.955,continue,29.29,12.321,continue
HEK-GFP_6000cells_40x_4czi-C_2.tif,lsm_2796,hek|gfp|6000cells,test,,35.278,1.818,,continue,18.045,22.955,continue,36.317,12.321,continue
HEK-GFP_6000cells_40x_5czi-C_2.tif,lsm_2796,hek|gfp|6000cells,test,,46.677,1.434,,continue,27.018,22.955,continue,46.325,12.321,continue
HEK-GFP_6000cells_40x_6czi-C_2.tif,lsm_2796,hek|gfp|6000cells,test,,63.034,0.899,,continue,28.551,22.955,continue,65.533,12.321,continue
HEK_48h_5A_z1_C004Z005.tif,lsm_hek_1024,hek|5a,calib,A,65.843,61.214,,continue,64.985,17.222,review,70.61,5.098,continue
HEK_48h_5A_z2_C004Z004.tif,lsm_hek_1024,hek|5a,calib,A,45.229,44.047,,continue,46.381,17.222,continue,45.696,5.098,continue
HEK_48h_7A_z1_C004Z005.tif,lsm_hek_1024,hek|7a,calib,B,64.325,77.894,,continue,81.546,17.222,review,67.169,5.098,continue
HEK_48h_7A_z2_C004Z006.tif,lsm_hek_1024,hek|7a,calib,B,44.224,38.474,,continue,40.46,17.222,continue,42.556,5.098,continue
HEK_48h_FumGW_z2_C004Z006.tif,lsm_hek_1024,hek|fumgw,calib,B,79.31,84.506,,review,85.961,17.222,review,80.969,5.098,review
HEK_48h_LAMP1_z2_C004Z006.tif,lsm_hek_1024,hek|lamp1,test,,49.291,49.49,,continue,50.865,17.222,continue,47.318,5.098,continue
HEK_48h_LV_z2_C004Z008.tif,lsm_hek_1024,hek|lv,calib,A,40.257,44.13,,continue,47.26,17.222,continue,43.523,5.098,continue
HEK_48h_TREX_z2_C004Z006.tif,lsm_hek_1024,hek|trex,test,,63.275,54.48,,continue,59.165,17.222,continue,58.342,5.098,continue
HEK_48h_TREX_z2_C004Z007.tif,lsm_hek_1024,hek|trex,test,,59.972,63.035,,continue,65.141,17.222,review,57.192,5.098,continue
HEK_48h_control_C004Z006.tif,lsm_hek_1024,hek|control,test,,88.377,90.178,,review,91.443,17.222,review,83.599,5.098,review
HEK_6h_20240306_CD44_1_C004T001.tif,lsm_hek_1024,hek|cd44,calib,B,53.582,53.307,,continue,54.858,17.222,continue,49.968,5.098,continue
HEK_6h_20240306_Ctl_C004T001.tif,lsm_hek_1024,hek|ctl,test,,54.656,51.369,,continue,53.181,17.222,continue,52.392,5.098,continue
HEK_6h_20240306_FumGW_C004T001.tif,lsm_hek_1024,hek|fumgw,calib,B,74.171,56.083,,continue,61.072,17.222,continue,72.32,5.098,continue
HEK_6h_20240306_LAMP_1_C004T001.tif,lsm_hek_1024,hek|lamp,test,,57.209,60.561,,continue,62.367,17.222,continue,55.447,5.098,continue
HEK_6h_20240306_LAMP_C004T001.tif,lsm_hek_1024,hek|lamp,test,,80.95,83.0,,review,85.115,17.222,review,77.262,5.098,review
HEK_6h_20240306_LV_1_C004T001.tif,lsm_hek_1024,hek|lv,calib,A,58.035,61.896,,continue,63.762,17.222,review,57.585,5.098,continue
HEK_6h_20240306_Rab5A_1_C004T001.tif,lsm_hek_1024,hek|rab5a,test,,36.238,41.079,,continue,42.884,17.222,continue,37.164,5.098,continue
HEK_6h_20240306_Rab7A_C004T001.tif,lsm_hek_1024,hek|rab7a,test,,47.42,48.953,,continue,50.694,17.222,continue,45.832,5.098,continue
HEK_6h_20240306_TREX_1_C004T001.tif,lsm_hek_1024,hek|trex,test,,67.516,65.042,,continue,68.507,17.222,review,64.618,5.098,continue
HEK_6h_44_z1_C004Z008.tif,lsm_hek_1024,hek,calib,A,75.675,78.949,,continue,80.593,17.222,review,75.679,5.098,review
HEK_6h_44_z2_C004Z006.tif,lsm_hek_1024,hek,calib,A,50.952,47.243,,continue,49.53,17.222,continue,49.84,5.098,continue
HEK_6h_5A_z1_C004Z005.tif,lsm_hek_1024,hek|5a,calib,A,88.472,84.258,,review,86.65,17.222,review,88.547,5.098,passage
HEK_6h_5A_z2_C004Z007.tif,lsm_hek_1024,hek|5a,calib,A,35.262,32.745,,continue,34.205,17.222,continue,33.329,5.098,continue
HEK_6h_7A_z1_C004Z005.tif,lsm_hek_1024,hek|7a,calib,B,89.734,80.31,,review,83.125,17.222,review,88.367,5.098,passage
HEK_6h_7A_z2_C004Z008.tif,lsm_hek_1024,hek|7a,calib,B,49.003,49.904,,continue,51.915,17.222,continue,46.769,5.098,continue
HEK_6h_FumGW_z1_C004Z006.tif,lsm_hek_1024,hek|fumgw,calib,B,68.711,60.379,,continue,63.621,17.222,review,63.613,5.098,continue
HEK_6h_FumGW_z2_C004Z006.tif,lsm_hek_1024,hek|fumgw,calib,B,77.882,83.217,,review,86.026,17.222,review,80.273,5.098,review
HEK_6h_LAMP1_z1_C004Z006.tif,lsm_hek_1024,hek|lamp1,test,,83.899,81.909,,review,85.043,17.222,review,80.628,5.098,review
HEK_6h_LAMP1_z2_C004Z006.tif,lsm_hek_1024,hek|lamp1,test,,50.064,49.677,,continue,52.521,17.222,continue,50.638,5.098,continue
HEK_6h_LV_z2_C004Z007.tif,lsm_hek_1024,hek|lv,calib,A,36.869,36.992,,continue,38.256,17.222,continue,34.604,5.098,continue
HEK_6h_TREX_z1_C004Z008.tif,lsm_hek_1024,hek|trex,test,,80.207,80.896,,review,82.384,17.222,review,75.097,5.098,review
HEK_6h_TREX_z2_C004Z007.tif,lsm_hek_1024,hek|trex,test,,41.501,45.006,,continue,46.214,17.222,continue,43.345,5.098,continue
HUVEC_CellsOnly_CD7_03_75.tif,cd7_huvec_dic,cellsonly|03,test,,40.914,37.16,,continue,48.358,13.56,continue,40.89,3.432,continue
HUVEC_CellsOnly_CD7_06_78.tif,cd7_huvec_dic,cellsonly|06,calib,A,60.664,56.549,,continue,67.259,13.56,review,60.674,3.432,continue
HUVEC_CellsOnly_CD7_07_79.tif,cd7_huvec_dic,cellsonly|07,test,,56.342,37.125,,continue,65.665,13.56,continue,56.487,3.432,continue
HUVEC_CellsOnly_CD7_08_80_0010.tif,cd7_huvec_dic,cellsonly|08,test,,95.903,37.49,,continue,78.078,13.56,review,97.482,3.432,passage
HUVEC_CellsOnly_CD7_09_81-0008.tif,cd7_huvec_dic,cellsonly|09,calib,B,83.209,31.719,,continue,69.648,13.56,review,85.383,3.432,passage
HUVEC_CellsOnly_CD7_10_82-0006.tif,cd7_huvec_dic,cellsonly|10,test,,81.119,40.027,,continue,79.37,13.56,review,82.718,3.432,review
HUVEC_CellsOnly_CD7_11_83-0002.tif,cd7_huvec_dic,cellsonly|11,test,,58.609,58.538,,continue,68.67,13.56,review,57.979,3.432,continue
HUVEC_CellsOnly_CD7_12_84-0005.tif,cd7_huvec_dic,cellsonly|12,calib,A,82.587,60.172,,continue,84.721,13.56,review,83.474,3.432,passage
HUVEC_Cellsonly_CD7_02_74.tif,cd7_huvec_dic,cellsonly|02,test,,50.855,47.276,,continue,58.268,13.56,continue,51.116,3.432,continue
HUVEC_Cellsonly_CD7_04_76.tif,cd7_huvec_dic,cellsonly|04,test,,73.108,58.075,,continue,77.455,13.56,review,73.235,3.432,continue
HUVEC_Cellsonly_CD7_05_77.tif,cd7_huvec_dic,cellsonly|05,test,,55.412,51.435,,continue,62.336,13.56,continue,54.502,3.432,continue
HUVEC_Cellsonly_CD7_09_81-0007.tif,cd7_huvec_dic,cellsonly|09,calib,B,77.29,43.417,,continue,82.827,13.56,review,76.565,3.432,continue
HUVEC_FumGW_01_061-0006.tif,cd7_huvec_dic,fumgw|01,calib,A,50.296,21.43,,continue,53.276,13.56,continue,47.024,3.432,continue
HUVEC_FumGW_02_062-0005.tif,cd7_huvec_dic,fumgw|02,test,,35.309,7.366,,continue,31.544,13.56,continue,33.163,3.432,continue
HUVEC_FumGW_03_063-0008.tif,cd7_huvec_dic,fumgw|03,test,,43.671,18.555,,continue,49.276,13.56,continue,43.911,3.432,continue
HUVEC_FumGW_05_065-0004.tif,cd7_huvec_dic,fumgw|05,calib,A,43.318,20.325,,continue,52.106,13.56,continue,43.635,3.432,continue
HUVEC_FumGW_06_066-0006.tif,cd7_huvec_dic,fumgw|06,test,,31.929,7.319,,continue,32.791,13.56,continue,29.952,3.432,continue
HUVEC_FumGW_07_067-0001.tif,cd7_huvec_dic,fumgw|07,test,,45.139,43.098,,continue,53.082,13.56,continue,43.479,3.432,continue
HUVEC_FumGW_08_068-0007.tif,cd7_huvec_dic,fumgw|08,calib,A,39.104,4.367,,continue,34.896,13.56,continue,38.082,3.432,continue
HUVEC_FumGW_09_069-0004.tif,cd7_huvec_dic,fumgw|09,calib,A,22.258,4.054,,continue,20.236,13.56,continue,22.793,3.432,continue
HUVEC_FumGW_10_070-0006.tif,cd7_huvec_dic,fumgw|10,test,,26.564,2.701,,continue,23.265,13.56,continue,26.911,3.432,continue
HUVEC_FumGW_11_071-0001.tif,cd7_huvec_dic,fumgw|11,calib,B,53.113,52.687,,continue,61.206,13.56,continue,51.892,3.432,continue
HUVEC_FumGW_12_072-0004.tif,cd7_huvec_dic,fumgw|12,test,,37.8,18.163,,continue,43.991,13.56,continue,37.353,3.432,continue
HUVEC_PH_03.tif,cd7_huvec_dic,ph|03,test,,39.449,17.565,,continue,41.333,13.56,continue,38.229,3.432,continue
HUVEC_TREX_CD7_01_1-0005.tif,cd7_huvec_dic,trex|01,calib,A,34.973,6.123,,continue,34.314,13.56,continue,34.52,3.432,continue
HUVEC_TREX_CD7_02_2-0007.tif,cd7_huvec_dic,trex|02,test,,15.367,1.539,,continue,16.14,13.56,continue,14.973,3.432,continue
HUVEC_TREX_CD7_03_3-0005.tif,cd7_huvec_dic,trex|03,calib,B,37.669,7.789,,continue,39.051,13.56,continue,35.675,3.432,continue
HUVEC_TREX_CD7_04_4-0005.tif,cd7_huvec_dic,trex|04,calib,A,27.574,4.009,,continue,21.715,13.56,continue,26.891,3.432,continue
HUVEC_TREX_CD7_05_5-0015.tif,cd7_huvec_dic,trex|05,test,,22.656,4.448,,continue,21.932,13.56,continue,21.244,3.432,continue
HUVEC_TREX_CD7_06_6-0006.tif,cd7_huvec_dic,trex|06,calib,B,33.787,7.762,,continue,33.803,13.56,continue,31.008,3.432,continue
HUVEC_TREX_CD7_07_7-0001.tif,cd7_huvec_dic,trex|07,calib,A,56.162,50.755,,continue,64.047,13.56,continue,55.465,3.432,continue
HUVEC_TREX_CD7_08_8-0006.tif,cd7_huvec_dic,trex|08,test,,34.902,8.721,,continue,38.103,13.56,continue,34.597,3.432,continue
HUVEC_TREX_CD7_09_9-018.tif,cd7_huvec_dic,trex|09,calib,B,25.682,14.627,,continue,29.515,13.56,continue,25.059,3.432,continue
HUVEC_TREX_CD7_10_10-0006.tif,cd7_huvec_dic,trex|10,calib,B,44.859,14.681,,continue,48.229,13.56,continue,45.879,3.432,continue
HUVEC_TREX_CD7_11_11-0001.tif,cd7_huvec_dic,trex|11,calib,B,57.803,58.297,,continue,66.179,13.56,continue,56.921,3.432,continue
HUVEC_TREX_CD7_12_12-0005.tif,cd7_huvec_dic,trex|12,calib,B,40.422,5.574,,continue,36.672,13.56,continue,39.619,3.432,continue
Lipo_HEK_40x_1_BF.tif,lsm_2796,lipo|hek,calib,A,15.258,0.538,,continue,10.024,22.955,continue,16.427,12.321,continue
Lipo_HEK_40x_2_BF.tif,lsm_2796,lipo|hek,calib,A,23.413,0.791,,continue,21.264,22.955,continue,24.989,12.321,continue
Lipo_HEK_40x_3_BF.tif,lsm_2796,lipo|hek,calib,A,21.695,0.928,,continue,21.204,22.955,continue,22.476,12.321,continue
Lipo_HEK_40x_4_BF.tif,lsm_2796,lipo|hek,calib,A,22.13,2.71,,continue,23.492,22.955,continue,22.61,12.321,continue
Lipo_HEK_40x_5_BF.tif,lsm_2796,lipo|hek,calib,A,25.168,1.152,,continue,21.924,22.955,continue,25.481,12.321,continue
Lipo_HEK_40x_8_DIC.tif,lsm_2796,lipo|hek,calib,A,23.552,1.007,,continue,15.202,22.955,continue,22.075,12.321,continue
Lipo_HEK_40x_BF.tif,lsm_2796,lipo|hek,calib,A,27.137,0.674,,continue,23.245,22.955,continue,29.533,12.321,continue
Lipo_siRNA_HEK_40x_1_BF.tif,lsm_2796,lipo|sirna|hek,calib,B,30.314,0.405,,continue,20.953,22.955,continue,31.618,12.321,continue
Lipo_siRNA_HEK_40x_4Speed_BF.tif,lsm_2796,lipo|sirna|hek,calib,B,30.141,0.99,,continue,29.302,22.955,continue,31.635,12.321,continue
P1_4_40xoir-C_3.tif,oir_1024,p1,calib,B,45.1,12.526,,continue,41.859,27.79,continue,42.004,23.747,continue
P1_5_40xoir-C_3.tif,oir_1024,p1,calib,B,40.668,27.153,,continue,46.64,27.79,continue,39.637,23.747,continue
P1_6_40xoir-C_3.tif,oir_1024,p1,calib,B,44.483,37.839,,continue,49.296,27.79,continue,41.867,23.747,continue
P1_HEK_40x_2_DIC.tif,lsm_2796,p1|hek,calib,A,23.528,1.112,,continue,17.979,22.955,continue,25.116,12.321,continue
P1_HEK_40x_4_DIC.tif,lsm_2796,p1|hek,calib,A,36.678,1.477,,continue,23.432,22.955,continue,38.313,12.321,continue
P1_HEK_40x_5_DIC.tif,lsm_2796,p1|hek,calib,A,24.252,0.664,,continue,19.46,22.955,continue,25.768,12.321,continue
P1_HEK_40x_6_DIC.tif,lsm_2796,p1|hek,calib,A,34.828,1.678,,continue,19.728,22.955,continue,37.642,12.321,continue
P1_HEK_40x_7_DIC.tif,lsm_2796,p1|hek,calib,A,34.951,2.009,,continue,26.462,22.955,continue,37.223,12.321,continue
P1_HEK_40x_8_DIC.tif,lsm_2796,p1|hek,calib,A,23.343,3.157,,continue,20.442,22.955,continue,25.643,12.321,continue
P1_Hep_5_40xoir-C_3.tif,oir_1024,p1|hep,calib,A,52.056,5.636,,continue,37.242,27.79,continue,54.414,23.747,continue
P1_Hep_6_40xoir-C_3.tif,oir_1024,p1|hep,calib,A,50.159,1.699,,continue,40.199,27.79,continue,59.848,23.747,review
P1_Hep_siRNA_5_40xoir-C_3.tif,oir_1024,p1|hep|sirna,test,,31.391,0.164,,continue,20.333,27.79,continue,30.613,23.747,continue
P1_siRNA_1_40xoir-C_3.tif,oir_1024,p1|sirna,test,,30.866,1.609,,continue,18.774,27.79,continue,28.735,23.747,continue
P1_siRNA_2_40xoir-C_3.tif,oir_1024,p1|sirna,test,,46.335,1.625,,continue,19.91,27.79,continue,46.899,23.747,continue
P1_siRNA_HEK_40x_1_BF.tif,lsm_2796,p1|sirna|hek,test,,33.376,2.305,,continue,29.095,22.955,continue,35.459,12.321,continue
P1_siRNA_HEK_40x_2_BF.tif,lsm_2796,p1|sirna|hek,test,,29.724,0.452,,continue,27.2,22.955,continue,32.853,12.321,continue
P1_siRNA_HEK_40x_3_BF.tif,lsm_2796,p1|sirna|hek,test,,24.257,0.857,,continue,17.747,22.955,continue,25.68,12.321,continue
P1_siRNA_HEK_40x_4_DIC.tif,lsm_2796,p1|sirna|hek,test,,28.183,0.851,,continue,19.954,22.955,continue,29.089,12.321,continue
P1_siRNA_HEK_40x_5_DIC.tif,lsm_2796,p1|sirna|hek,test,,46.322,2.768,,continue,35.85,22.955,continue,46.314,12.321,continue
P1_siRNA_HEK_40x_6_DIC.tif,lsm_2796,p1|sirna|hek,test,,27.852,4.274,,continue,26.056,22.955,continue,27.927,12.321,continue
P1_siRNA_HEK_40x_7_DIC.tif,lsm_2796,p1|sirna|hek,test,,23.353,0.737,,continue,16.105,22.955,continue,23.027,12.321,continue
P2_1_40xoir-C_3.tif,oir_1024,p2,test,,60.04,0.638,,continue,34.782,27.79,continue,62.052,23.747,review
P2_2_40xoir-C_3.tif,oir_1024,p2,test,,73.171,63.159,,continue,84.989,27.79,review,72.935,23.747,review
P2_HEK_40x_4_DIC.tif,lsm_2796,p2|hek,calib,A,33.356,1.042,,continue,20.148,22.955,continue,35.908,12.321,continue
P2_HEK_40x_6_DIC.tif,lsm_2796,p2|hek,calib,A,24.367,1.451,,continue,18.187,22.955,continue,26.477,12.321,continue
P2_HEK_40x_8_DIC.tif,lsm_2796,p2|hek,calib,A,34.098,6.016,,continue,32.234,22.955,continue,36.197,12.321,continue
P2_Hep_4_40xoir-C_3.tif,oir_1024,p2|hep,test,,50.656,13.051,,continue,42.235,27.79,continue,49.625,23.747,continue
P2_Hep_5_40xoir-C_3.tif,oir_1024,p2|hep,test,,59.696,20.28,,continue,58.308,27.79,review,61.302,23.747,review
P2_Hep_6_40xoir-C_3.tif,oir_1024,p2|hep,test,,70.156,28.466,,continue,71.929,27.79,review,70.963,23.747,review
P2_siRNA_1_40xoir-C_3.tif,oir_1024,p2|sirna,calib,A,65.312,31.758,,continue,80.993,27.79,review,89.06,23.747,review
P2_siRNA_5_40xoir-C_3.tif,oir_1024,p2|sirna,calib,A,70.972,3.233,,continue,62.058,27.79,review,89.104,23.747,review
P2_siRNA_6_40xoir-C_3.tif,oir_1024,p2|sirna,calib,A,63.311,30.47,,continue,72.332,27.79,review,65.517,23.747,review
P2_siRNA_HEK_40x_1_DIC.tif,lsm_2796,p2|sirna|hek,test,,33.62,0.273,,continue,17.086,22.955,continue,34.783,12.321,continue
P2_siRNA_HEK_40x_2_DIC.tif,lsm_2796,p2|sirna|hek,test,,34.992,2.569,,continue,23.555,22.955,continue,36.213,12.321,continue
P2_siRNA_HEK_40x_3_DIC.tif,lsm_2796,p2|sirna|hek,test,,24.173,4.337,,continue,27.144,22.955,continue,25.584,12.321,continue
P2_siRNA_HEK_40x_5_DIC.tif,lsm_2796,p2|sirna|hek,test,,24.509,1.749,,continue,21.248,22.955,continue,26.071,12.321,continue
P2_siRNA_HEK_40x_7_DIC.tif,lsm_2796,p2|sirna|hek,test,,33.356,2.044,,continue,23.005,22.955,continue,32.979,12.321,continue
P2_siRNA_Hep_4_40xoir-C_3.tif,oir_1024,p2|sirna|hep,calib,B,75.378,0.183,,continue,47.587,27.79,continue,69.423,23.747,review
P2_siRNA_Hep_5_40xoir-C_3.tif,oir_1024,p2|sirna|hep,calib,B,64.981,13.024,,continue,61.468,27.79,review,64.438,23.747,review
P2_siRNA_Hep_6_40xoir-C_3.tif,oir_1024,p2|sirna|hep,calib,B,68.727,0.191,,continue,54.869,27.79,review,68.379,23.747,review
P3_2_40xoir-C_3.tif,oir_1024,p3,calib,A,42.512,17.872,,continue,37.234,27.79,continue,43.267,23.747,continue
P3_3_40xoir-C_3.tif,oir_1024,p3,calib,A,33.22,11.349,,continue,30.332,27.79,continue,32.671,23.747,continue
P3_HEK_40x_4_BF.tif,lsm_2796,p3|hek,test,,23.391,1.138,,continue,22.723,22.955,continue,26.04,12.321,continue
P3_HEK_40x_5_BF.tif,lsm_2796,p3|hek,test,,26.581,1.223,,continue,21.87,22.955,continue,28.271,12.321,continue
P3_Hep_1_40xoir-C_3.tif,oir_1024,p3|hep,test,,39.499,8.188,,continue,32.365,27.79,continue,39.802,23.747,continue
P3_Hep_2_40xoir-C_3.tif,oir_1024,p3|hep,test,,42.535,4.812,,continue,34.707,27.79,continue,44.88,23.747,continue
P3_Hep_4_40xoir-C_3.tif,oir_1024,p3|hep,test,,54.679,5.138,,continue,40.02,27.79,continue,67.225,23.747,review
P3_Hep_siRNA_1_40xoir-C_3.tif,oir_1024,p3|hep|sirna,test,,53.473,8.572,,continue,40.124,27.79,continue,51.778,23.747,continue
P3_Hep_siRNA_2_40xoir-C_3.tif,oir_1024,p3|hep|sirna,test,,51.207,13.969,,continue,43.161,27.79,continue,52.314,23.747,continue
P3_Hep_siRNA_5_40xoir-C_3.tif,oir_1024,p3|hep|sirna,test,,67.48,13.218,,continue,66.48,27.79,review,68.624,23.747,review
P3_siRNA_3_40xoir-C_3.tif,oir_1024,p3|sirna,calib,B,63.014,25.836,,continue,54.23,27.79,review,61.936,23.747,review
P3_siRNA_4_40xoir-C_3.tif,oir_1024,p3|sirna,calib,B,49.167,11.46,,continue,43.154,27.79,continue,49.339,23.747,continue
P3_siRNA_5_40xoir-C_3.tif,oir_1024,p3|sirna,calib,B,54.92,11.974,,continue,49.496,27.79,continue,55.82,23.747,continue
P3_siRNA_6_40xoir-C_3.tif,oir_1024,p3|sirna,calib,B,66.809,44.172,,continue,68.043,27.79,review,67.292,23.747,review
P3_siRNA_HEK_40x_1_BF.tif,lsm_2796,p3|sirna|hek,test,,27.546,1.044,,continue,26.688,22.955,continue,29.651,12.321,continue
P3_siRNA_HEK_40x_2_BF.tif,lsm_2796,p3|sirna|hek,test,,32.108,1.882,,continue,29.756,22.955,continue,34.865,12.321,continue
P3_siRNA_HEK_40x_3_DIC.tif,lsm_2796,p3|sirna|hek,test,,24.015,1.268,,continue,16.754,22.955,continue,23.775,12.321,continue
P3_siRNA_HEK_40x_5_DIC.tif,lsm_2796,p3|sirna|hek,test,,23.559,1.089,,continue,16.288,22.955,continue,23.162,12.321,continue
P3_siRNA_HEK_40x_7_DIC.tif,lsm_2796,p3|sirna|hek,test,,37.104,5.274,,continue,31.488,22.955,continue,37.836,12.321,continue
P4_HEK_40x_1_BF.tif,lsm_2796,p4|hek,calib,B,36.234,3.198,,continue,35.605,22.955,continue,35.667,12.321,continue
P4_HEK_40x_7_DIC.tif,lsm_2796,p4|hek,calib,B,21.452,2.567,,continue,31.923,22.955,continue,16.76,12.321,continue
P4_HUVEC_20x_1_DIC.tif,lsm_2796,p4|huvec,test,,43.571,1.429,,continue,33.138,22.955,continue,41.263,12.321,continue
P4_HUVEC_20x_DIC.tif,lsm_2796,p4|huvec,test,,34.467,1.392,,continue,25.055,22.955,continue,31.594,12.321,continue
P4_Hep_HUVEC_20x_1_DIC.tif,lsm_2796,p4|hep|huvec,calib,B,47.711,1.524,,continue,24.756,22.955,continue,38.576,12.321,continue
P4_Hep_HUVEC_20x_2_DIC.tif,lsm_2796,p4|hep|huvec,calib,B,34.871,1.523,,continue,21.966,22.955,continue,29.649,12.321,continue
P4_Hep_HUVEC_20x_3_DIC.tif,lsm_2796,p4|hep|huvec,calib,B,45.382,0.783,,continue,23.788,22.955,continue,38.899,12.321,continue
P4_Hep_HUVEC_20x_4_DIC.tif,lsm_2796,p4|hep|huvec,calib,B,43.338,0.658,,continue,19.844,22.955,continue,34.551,12.321,continue
P4_Hep_HUVEC_20x_5_DIC.tif,lsm_2796,p4|hep|huvec,calib,B,35.339,1.446,,continue,23.156,22.955,continue,29.964,12.321,continue
P4_Hep_HUVEC_20x_DIC.tif,lsm_2796,p4|hep|huvec,calib,B,43.984,1.843,,continue,26.52,22.955,continue,35.015,12.321,continue
P4_Hep_siRNA_HUVEC_20x_3_DIC.tif,lsm_2796,p4|hep|sirna|huvec,calib,A,38.836,1.451,,continue,21.512,22.955,continue,39.481,12.321,continue
P4_Hep_siRNA_HUVEC_20x_4_DIC.tif,lsm_2796,p4|hep|sirna|huvec,calib,A,30.52,0.536,,continue,14.862,22.955,continue,25.43,12.321,continue
P4_siRNA_HUVEC_20x_2_DIC.tif,lsm_2796,p4|sirna|huvec,test,,33.515,0.338,,continue,22.57,22.955,continue,29.57,12.321,continue
P4_siRNA_HUVEC_20x_5_DIC.tif,lsm_2796,p4|sirna|huvec,test,,28.053,0.858,,continue,17.33,22.955,continue,25.023,12.321,continue
