name,setup,unit,split,fold,gt_pct,Z_reading,Z_band,Z_call,C_reading,C_band,C_call,F_reading,F_band,F_call,R_reading,R_band,R_call
BF-HUVEC_Glx_Polymers-02_S131-0008.tif,huvec_bf_2752,huvec|glx|polymers,calib,,47.916,36.674,,continue,,,,,,,,,
BF-HUVEC_Glx_Polymers-02_S132-0002.tif,huvec_bf_2752,huvec|glx|polymers,calib,,64.134,39.375,,continue,,,,,,,,,
BF-HUVEC_Glx_Polymers-02_S132-0008.tif,huvec_bf_2752,huvec|glx|polymers,calib,,40.764,29.599,,continue,,,,,,,,,
BF-HUVEC_Glx_Polymers-02_S135-0008.tif,huvec_bf_2752,huvec|glx|polymers,calib,,36.83,28.254,,continue,,,,,,,,,
CellsOnly_Polymer-47.tif,polymer_lowmag,cellsonly|polymer,calib,,48.976,20.192,,continue,,,,,,,,,
CellsOnly_Polymer-48.tif,polymer_lowmag,cellsonly|polymer,calib,,55.823,20.328,,continue,,,,,,,,,
CellsOnly_Polymer-55.tif,polymer_lowmag,cellsonly|polymer,calib,,44.167,19.405,,continue,,,,,,,,,
CellsOnly_Polymer_46.tif,polymer_lowmag,cellsonly|polymer,calib,,48.978,16.386,,continue,,,,,,,,,
HEK-GFP-FumGW_CO_20x_1_BF.tif,lsm_2796,hek|gfp|fumgw|co,calib,A,31.563,4.755,,continue,27.513,19.659,continue,31.329,12.484,continue,36.837,23.971,continue
HEK-GFP-FumGW_CO_Hoechst_20x_1_BF.tif,lsm_2796,hek|gfp|fumgw|co|hoechst,test,,31.339,3.047,,continue,24.143,19.659,continue,31.772,12.484,continue,33.577,23.971,continue
HEK-GFP-FumGW_P3_20x_1_BF.tif,lsm_2796,hek|gfp|fumgw|p3,calib,A,16.652,2.163,,continue,17.382,19.659,continue,19.39,12.484,continue,19.025,23.971,continue
HEK-GFP-FumGW_P3_40x_3_BF.tif,lsm_2796,hek|gfp|fumgw|p3,calib,A,17.598,2.163,,continue,17.382,19.659,continue,19.39,12.484,continue,19.025,23.971,continue
HEK-GFP_10000cells_40x_3czi-C_2.tif,lsm_2796,hek|gfp|10000cells,calib,B,50.234,2.506,,continue,46.8,19.659,continue,48.833,12.484,continue,43.913,23.971,continue
HEK-GFP_10000cells_40x_5czi-C_2.tif,lsm_2796,hek|gfp|10000cells,calib,B,56.471,2.288,,continue,45.527,19.659,continue,62.413,12.484,continue,53.163,23.971,continue
HEK-GFP_12000cells_40x_4czi-C_2.tif,lsm_2796,hek|gfp|12000cells,test,,63.95,2.89,,continue,39.988,19.659,continue,67.559,12.484,review,71.532,23.971,review
HEK-GFP_15000cells_40x_10czi-C_2.tif,lsm_2796,hek|gfp|15000cells,test,,48.217,7.59,,continue,43.269,19.659,continue,48.613,12.484,continue,52.724,23.971,continue
HEK-GFP_15000cells_40x_4czi-C_2.tif,lsm_2796,hek|gfp|15000cells,test,,38.167,1.047,,continue,24.263,19.659,continue,40.311,12.484,continue,42.073,23.971,continue
HEK-GFP_15000cells_40x_5czi-C_2.tif,lsm_2796,hek|gfp|15000cells,test,,52.241,0.993,,continue,29.82,19.659,continue,54.388,12.484,continue,56.875,23.971,review
HEK-GFP_15000cells_40x_6czi-C_2.tif,lsm_2796,hek|gfp|15000cells,test,,54.029,3.484,,continue,37.063,19.659,continue,55.418,12.484,continue,60.058,23.971,review
HEK-GFP_15000cells_40x_7czi-C_2.tif,lsm_2796,hek|gfp|15000cells,test,,45.619,4.272,,continue,40.29,19.659,continue,44.742,12.484,continue,48.381,23.971,continue
HEK-GFP_15000cells_40x_8czi-C_2.tif,lsm_2796,hek|gfp|15000cells,test,,55.989,9.548,,continue,45.993,19.659,continue,57.246,12.484,continue,61.943,23.971,review
HEK-GFP_15000cells_40x_9czi-C_2.tif,lsm_2796,hek|gfp|15000cells,test,,49.697,10.841,,continue,43.98,19.659,continue,48.988,12.484,continue,53.532,23.971,continue
HEK-GFP_6000cells_40x_2czi-C_2.tif,lsm_2796,hek|gfp|6000cells,calib,A,41.158,0.884,,continue,17.333,19.659,continue,41.632,12.484,continue,41.621,23.971,continue
HEK-GFP_6000cells_40x_3czi-C_2.tif,lsm_2796,hek|gfp|6000cells,calib,A,28.734,0.505,,continue,9.914,19.659,continue,29.194,12.484,continue,30.764,23.971,continue
HEK-GFP_6000cells_40x_4czi-C_2.tif,lsm_2796,hek|gfp|6000cells,calib,A,35.278,1.818,,continue,18.045,19.659,continue,36.419,12.484,continue,35.116,23.971,continue
HEK-GFP_6000cells_40x_5czi-C_2.tif,lsm_2796,hek|gfp|6000cells,calib,A,46.677,1.434,,continue,27.018,19.659,continue,46.13,12.484,continue,50.621,23.971,continue
HEK-GFP_6000cells_40x_6czi-C_2.tif,lsm_2796,hek|gfp|6000cells,calib,A,63.034,0.899,,continue,28.551,19.659,continue,65.287,12.484,continue,68.891,23.971,review
HEK_48h_5A_z1_C004Z005.tif,lsm_hek_1024,hek|5a,test,,65.843,61.214,,continue,61.214,8.795,continue,73.752,3.593,continue,67.572,4.414,continue
HEK_48h_5A_z2_C004Z004.tif,lsm_hek_1024,hek|5a,test,,45.229,44.047,,continue,44.047,8.795,continue,48.66,3.593,continue,42.289,4.414,continue
HEK_48h_7A_z1_C004Z005.tif,lsm_hek_1024,hek|7a,test,,64.325,77.894,,continue,77.894,8.795,review,75.155,3.593,continue,69.173,4.414,continue
HEK_48h_7A_z2_C004Z006.tif,lsm_hek_1024,hek|7a,test,,44.224,38.474,,continue,38.474,8.795,continue,45.482,3.593,continue,39.254,4.414,continue
HEK_48h_FumGW_z2_C004Z006.tif,lsm_hek_1024,hek|fumgw,test,,79.31,84.506,,review,84.506,8.795,review,84.291,3.593,passage,83.639,4.414,review
HEK_48h_LAMP1_z2_C004Z006.tif,lsm_hek_1024,hek|lamp1,calib,B,49.291,49.49,,continue,49.49,8.795,continue,50.15,3.593,continue,48.986,4.414,continue
HEK_48h_LV_z2_C004Z008.tif,lsm_hek_1024,hek|lv,test,,40.257,44.13,,continue,44.13,8.795,continue,47.194,3.593,continue,44.468,4.414,continue
HEK_48h_TREX_z2_C004Z006.tif,lsm_hek_1024,hek|trex,calib,A,63.275,54.48,,continue,54.48,8.795,continue,61.069,3.593,continue,58.861,4.414,continue
HEK_48h_TREX_z2_C004Z007.tif,lsm_hek_1024,hek|trex,calib,A,59.972,63.035,,continue,63.035,8.795,continue,62.322,3.593,continue,59.306,4.414,continue
HEK_48h_control_C004Z006.tif,lsm_hek_1024,hek|control,calib,A,88.377,90.178,,review,90.178,8.795,passage,89.026,3.593,passage,89.257,4.414,passage
HEK_6h_20240306_CD44_1_C004T001.tif,lsm_hek_1024,hek|cd44,test,,53.582,53.307,,continue,53.307,8.795,continue,51.703,3.593,continue,52.663,4.414,continue
HEK_6h_20240306_Ctl_C004T001.tif,lsm_hek_1024,hek|ctl,calib,A,54.656,51.369,,continue,51.369,8.795,continue,54.328,3.593,continue,52.334,4.414,continue
HEK_6h_20240306_FumGW_C004T001.tif,lsm_hek_1024,hek|fumgw,test,,74.171,56.083,,continue,56.083,8.795,continue,75.621,3.593,continue,69.106,4.414,continue
HEK_6h_20240306_LAMP_1_C004T001.tif,lsm_hek_1024,hek|lamp,calib,B,57.209,60.561,,continue,60.561,8.795,continue,57.282,3.593,continue,59.902,4.414,continue
HEK_6h_20240306_LAMP_C004T001.tif,lsm_hek_1024,hek|lamp,calib,B,80.95,83.0,,review,83.0,8.795,review,81.392,3.593,review,81.81,4.414,review
HEK_6h_20240306_LV_1_C004T001.tif,lsm_hek_1024,hek|lv,test,,58.035,61.896,,continue,61.896,8.795,continue,58.302,3.593,continue,60.963,4.414,continue
HEK_6h_20240306_Rab5A_1_C004T001.tif,lsm_hek_1024,hek|rab5a,calib,A,36.238,41.079,,continue,41.079,8.795,continue,38.709,3.593,continue,40.222,4.414,continue
HEK_6h_20240306_Rab7A_C004T001.tif,lsm_hek_1024,hek|rab7a,calib,B,47.42,48.953,,continue,48.953,8.795,continue,47.315,3.593,continue,48.302,4.414,continue
HEK_6h_20240306_TREX_1_C004T001.tif,lsm_hek_1024,hek|trex,calib,A,67.516,65.042,,continue,65.042,8.795,continue,67.46,3.593,continue,68.378,4.414,continue
HEK_6h_44_z1_C004Z008.tif,lsm_hek_1024,hek,test,,75.675,78.949,,continue,78.949,8.795,review,79.355,3.593,review,77.395,4.414,review
HEK_6h_44_z2_C004Z006.tif,lsm_hek_1024,hek,test,,50.952,47.243,,continue,47.243,8.795,continue,52.039,3.593,continue,50.6,4.414,continue
HEK_6h_5A_z1_C004Z005.tif,lsm_hek_1024,hek|5a,test,,88.472,84.258,,review,84.258,8.795,review,90.105,3.593,passage,87.138,4.414,passage
HEK_6h_5A_z2_C004Z007.tif,lsm_hek_1024,hek|5a,test,,35.262,32.745,,continue,32.745,8.795,continue,33.555,3.593,continue,32.23,4.414,continue
HEK_6h_7A_z1_C004Z005.tif,lsm_hek_1024,hek|7a,test,,89.734,80.31,,review,80.31,8.795,review,92.142,3.593,passage,92.581,4.414,passage
HEK_6h_7A_z2_C004Z008.tif,lsm_hek_1024,hek|7a,test,,49.003,49.904,,continue,49.904,8.795,continue,49.316,3.593,continue,50.375,4.414,continue
HEK_6h_FumGW_z1_C004Z006.tif,lsm_hek_1024,hek|fumgw,test,,68.711,60.379,,continue,60.379,8.795,continue,66.508,3.593,continue,61.198,4.414,continue
HEK_6h_FumGW_z2_C004Z006.tif,lsm_hek_1024,hek|fumgw,test,,77.882,83.217,,review,83.217,8.795,review,83.719,3.593,passage,83.878,4.414,review
HEK_6h_LAMP1_z1_C004Z006.tif,lsm_hek_1024,hek|lamp1,calib,B,83.899,81.909,,review,81.909,8.795,review,84.242,3.593,passage,83.827,4.414,review
HEK_6h_LAMP1_z2_C004Z006.tif,lsm_hek_1024,hek|lamp1,calib,B,50.064,49.677,,continue,49.677,8.795,continue,52.502,3.593,continue,52.852,4.414,continue
HEK_6h_LV_z2_C004Z007.tif,lsm_hek_1024,hek|lv,test,,36.869,36.992,,continue,36.992,8.795,continue,35.858,3.593,continue,36.617,4.414,continue
HEK_6h_TREX_z1_C004Z008.tif,lsm_hek_1024,hek|trex,calib,A,80.207,80.896,,review,80.896,8.795,review,78.848,3.593,review,80.369,4.414,review
HEK_6h_TREX_z2_C004Z007.tif,lsm_hek_1024,hek|trex,calib,A,41.501,45.006,,continue,45.006,8.795,continue,45.094,3.593,continue,44.493,4.414,continue
HEK_FUMGW_GFP_2_BF.tif,bf_20x_3440,hek|fumgw|gfp,calib,,14.945,11.087,,continue,,,,,,,,,
HEK_FUMGW_GFP_3_BF.tif,bf_20x_3440,hek|fumgw|gfp,calib,,11.671,7.825,,continue,,,,,,,,,
HEK_FUMGW_GFP_4_BF.tif,bf_20x_3440,hek|fumgw|gfp,calib,,15.086,9.316,,continue,,,,,,,,,
HUVEC_CellsOnly_CD7_03_75.tif,cd7_huvec_dic,cellsonly|03,calib,A,40.914,37.16,,continue,48.358,22.579,continue,41.345,3.148,continue,49.39,34.275,review
HUVEC_CellsOnly_CD7_06_78.tif,cd7_huvec_dic,cellsonly|06,test,,60.664,56.549,,continue,67.259,22.579,review,60.714,3.148,continue,67.256,34.275,review
HUVEC_CellsOnly_CD7_07_79.tif,cd7_huvec_dic,cellsonly|07,calib,B,56.342,37.125,,continue,65.665,22.579,review,57.765,3.148,continue,65.481,34.275,review
HUVEC_CellsOnly_CD7_08_80_0010.tif,cd7_huvec_dic,cellsonly|08,calib,B,95.903,37.49,,continue,78.078,22.579,review,97.081,3.148,passage,61.628,34.275,review
HUVEC_CellsOnly_CD7_09_81-0008.tif,cd7_huvec_dic,cellsonly|09,test,,83.209,31.719,,continue,69.648,22.579,review,86.62,3.148,passage,63.991,34.275,review
HUVEC_CellsOnly_CD7_10_82-0006.tif,cd7_huvec_dic,cellsonly|10,calib,A,81.119,40.027,,continue,79.37,22.579,review,83.378,3.148,passage,56.235,34.275,review
HUVEC_CellsOnly_CD7_11_83-0002.tif,cd7_huvec_dic,cellsonly|11,calib,A,58.609,58.538,,continue,68.67,22.579,review,58.969,3.148,continue,70.464,34.275,review
HUVEC_CellsOnly_CD7_12_84-0005.tif,cd7_huvec_dic,cellsonly|12,test,,82.587,60.172,,continue,84.721,22.579,review,84.059,3.148,passage,59.814,34.275,review
HUVEC_Cellsonly_CD7_02_74.tif,cd7_huvec_dic,cellsonly|02,calib,B,50.855,47.276,,continue,58.268,22.579,review,51.785,3.148,continue,59.007,34.275,review
HUVEC_Cellsonly_CD7_04_76.tif,cd7_huvec_dic,cellsonly|04,calib,B,73.108,58.075,,continue,77.455,22.579,review,73.727,3.148,continue,46.334,34.275,review
HUVEC_Cellsonly_CD7_05_77.tif,cd7_huvec_dic,cellsonly|05,calib,A,55.412,51.435,,continue,62.336,22.579,review,55.126,3.148,continue,56.135,34.275,review
HUVEC_Cellsonly_CD7_09_81-0007.tif,cd7_huvec_dic,cellsonly|09,test,,77.29,43.417,,continue,82.827,22.579,review,78.496,3.148,review,63.962,34.275,review
HUVEC_FumGW_01_061-0006.tif,cd7_huvec_dic,fumgw|01,test,,50.296,21.43,,continue,53.276,22.579,continue,48.792,3.148,continue,55.115,34.275,review
HUVEC_FumGW_02_062-0005.tif,cd7_huvec_dic,fumgw|02,calib,B,35.309,7.366,,continue,31.544,22.579,continue,34.206,3.148,continue,37.012,34.275,continue
HUVEC_FumGW_03_063-0008.tif,cd7_huvec_dic,fumgw|03,calib,B,43.671,18.555,,continue,49.276,22.579,continue,44.975,3.148,continue,48.264,34.275,review
HUVEC_FumGW_05_065-0004.tif,cd7_huvec_dic,fumgw|05,test,,43.318,20.325,,continue,52.106,22.579,continue,44.301,3.148,continue,47.559,34.275,review
HUVEC_FumGW_06_066-0006.tif,cd7_huvec_dic,fumgw|06,calib,B,31.929,7.319,,continue,32.791,22.579,continue,30.616,3.148,continue,29.935,34.275,continue
HUVEC_FumGW_07_067-0001.tif,cd7_huvec_dic,fumgw|07,calib,A,45.139,43.098,,continue,53.082,22.579,continue,44.807,3.148,continue,51.293,34.275,review
HUVEC_FumGW_08_068-0007.tif,cd7_huvec_dic,fumgw|08,test,,39.104,4.367,,continue,34.896,22.579,continue,39.391,3.148,continue,39.064,34.275,continue
HUVEC_FumGW_09_069-0004.tif,cd7_huvec_dic,fumgw|09,test,,22.258,4.054,,continue,20.236,22.579,continue,23.285,3.148,continue,20.589,34.275,continue
HUVEC_FumGW_10_070-0006.tif,cd7_huvec_dic,fumgw|10,calib,A,26.564,2.701,,continue,23.265,22.579,continue,28.822,3.148,continue,25.121,34.275,continue
HUVEC_FumGW_11_071-0001.tif,cd7_huvec_dic,fumgw|11,test,,53.113,52.687,,continue,61.206,22.579,review,52.546,3.148,continue,62.507,34.275,review
HUVEC_FumGW_12_072-0004.tif,cd7_huvec_dic,fumgw|12,calib,A,37.8,18.163,,continue,43.991,22.579,continue,37.708,3.148,continue,35.967,34.275,continue
HUVEC_PH_03.tif,cd7_huvec_dic,ph|03,calib,B,39.449,17.565,,continue,41.333,22.579,continue,39.389,3.148,continue,43.05,34.275,continue
HUVEC_TREX_CD7_01_1-0005.tif,cd7_huvec_dic,trex|01,test,,34.973,6.123,,continue,34.314,22.579,continue,35.053,3.148,continue,31.254,34.275,continue
HUVEC_TREX_CD7_02_2-0007.tif,cd7_huvec_dic,trex|02,calib,A,15.367,1.539,,continue,16.14,22.579,continue,16.777,3.148,continue,9.133,34.275,continue
HUVEC_TREX_CD7_03_3-0005.tif,cd7_huvec_dic,trex|03,test,,37.669,7.789,,continue,39.051,22.579,continue,35.589,3.148,continue,39.498,34.275,continue
HUVEC_TREX_CD7_04_4-0005.tif,cd7_huvec_dic,trex|04,test,,27.574,4.009,,continue,21.715,22.579,continue,28.114,3.148,continue,21.403,34.275,continue
HUVEC_TREX_CD7_05_5-0015.tif,cd7_huvec_dic,trex|05,calib,B,22.656,4.448,,continue,21.932,22.579,continue,21.625,3.148,continue,21.882,34.275,continue
HUVEC_TREX_CD7_06_6-0006.tif,cd7_huvec_dic,trex|06,test,,33.787,7.762,,continue,33.803,22.579,continue,31.725,3.148,continue,37.883,34.275,continue
HUVEC_TREX_CD7_07_7-0001.tif,cd7_huvec_dic,trex|07,test,,56.162,50.755,,continue,64.047,22.579,review,55.44,3.148,continue,63.935,34.275,review
HUVEC_TREX_CD7_08_8-0006.tif,cd7_huvec_dic,trex|08,calib,A,34.902,8.721,,continue,38.103,22.579,continue,35.981,3.148,continue,32.382,34.275,continue
HUVEC_TREX_CD7_09_9-018.tif,cd7_huvec_dic,trex|09,test,,25.682,14.627,,continue,29.515,22.579,continue,25.124,3.148,continue,19.438,34.275,continue
HUVEC_TREX_CD7_10_10-0006.tif,cd7_huvec_dic,trex|10,test,,44.859,14.681,,continue,48.229,22.579,continue,46.582,3.148,continue,51.495,34.275,review
HUVEC_TREX_CD7_11_11-0001.tif,cd7_huvec_dic,trex|11,test,,57.803,58.297,,continue,66.179,22.579,review,57.508,3.148,continue,64.77,34.275,review
HUVEC_TREX_CD7_12_12-0005.tif,cd7_huvec_dic,trex|12,test,,40.422,5.574,,continue,36.672,22.579,continue,40.25,3.148,continue,33.376,34.275,continue
JP_Polymers_17h_20x_CO_1_BF.tif,jp_bf_2048,jp|polymers|co,test,,75.863,3.821,,continue,,,,,,,,,
JP_Polymers_17h_20x_P1_1_BF.tif,jp_bf_2048,jp|polymers|p1,calib,,78.455,18.855,,continue,,,,,,,,,
JP_Polymers_17h_20x_P2_1_BF.tif,jp_bf_2048,jp|polymers|p2,calib,,75.84,3.327,,continue,,,,,,,,,
JP_Polymers_17h_20x_P3_1_BF.tif,jp_bf_2048,jp|polymers|p3,test,,84.973,5.483,,continue,,,,,,,,,
JP_Polymers_3h_17h_20x_CO_1_BF.tif,jp_bf_2048,jp|polymers|co,test,,73.32,28.024,,continue,,,,,,,,,
JP_Polymers_3h_17h_20x_P1_1_BF.tif,jp_bf_2048,jp|polymers|p1,calib,,70.697,14.867,,continue,,,,,,,,,
Lipo_20x_1_BF.tif,bf_20x_3440,lipo,calib,,25.308,0.309,,continue,,,,,,,,,
Lipo_HEK_40x_1_BF.tif,lsm_2796,lipo|hek,test,,15.258,0.538,,continue,10.024,19.659,continue,16.029,12.484,continue,7.966,23.971,continue
Lipo_HEK_40x_2_BF.tif,lsm_2796,lipo|hek,test,,23.413,0.791,,continue,21.264,19.659,continue,23.905,12.484,continue,26.295,23.971,continue
Lipo_HEK_40x_3_BF.tif,lsm_2796,lipo|hek,test,,21.695,0.928,,continue,21.204,19.659,continue,21.138,12.484,continue,24.259,23.971,continue
Lipo_HEK_40x_4_BF.tif,lsm_2796,lipo|hek,test,,22.13,2.71,,continue,23.492,19.659,continue,21.169,12.484,continue,24.499,23.971,continue
Lipo_HEK_40x_5_BF.tif,lsm_2796,lipo|hek,test,,25.168,1.152,,continue,21.924,19.659,continue,25.077,12.484,continue,24.936,23.971,continue
Lipo_HEK_40x_8_DIC.tif,lsm_2796,lipo|hek,test,,23.552,1.007,,continue,15.202,19.659,continue,21.463,12.484,continue,22.28,23.971,continue
Lipo_HEK_40x_BF.tif,lsm_2796,lipo|hek,test,,27.137,0.674,,continue,23.245,19.659,continue,28.99,12.484,continue,23.463,23.971,continue
Lipo_siRNA_HEK_40x_1_BF.tif,lsm_2796,lipo|sirna|hek,test,,30.314,0.405,,continue,20.953,19.659,continue,31.065,12.484,continue,21.243,23.971,continue
Lipo_siRNA_HEK_40x_4Speed_BF.tif,lsm_2796,lipo|sirna|hek,test,,30.141,0.99,,continue,29.302,19.659,continue,30.75,12.484,continue,26.018,23.971,continue
P1_4_40xoir-C_3.tif,oir_1024,p1,test,,45.1,12.526,,continue,41.859,26.424,continue,41.835,15.463,continue,56.932,51.294,review
P1_5_40xoir-C_3.tif,oir_1024,p1,test,,40.668,27.153,,continue,46.64,26.424,continue,39.78,15.463,continue,52.018,51.294,review
P1_6_40xoir-C_3.tif,oir_1024,p1,test,,44.483,37.839,,continue,49.296,26.424,continue,41.934,15.463,continue,54.7,51.294,review
P1_HEK_40x_2_DIC.tif,lsm_2796,p1|hek,test,,23.528,1.112,,continue,17.979,19.659,continue,24.284,12.484,continue,21.261,23.971,continue
P1_HEK_40x_4_DIC.tif,lsm_2796,p1|hek,test,,36.678,1.477,,continue,23.432,19.659,continue,36.834,12.484,continue,42.025,23.971,continue
P1_HEK_40x_5_DIC.tif,lsm_2796,p1|hek,test,,24.252,0.664,,continue,19.46,19.659,continue,25.049,12.484,continue,24.77,23.971,continue
P1_HEK_40x_6_DIC.tif,lsm_2796,p1|hek,test,,34.828,1.678,,continue,19.728,19.659,continue,36.224,12.484,continue,42.336,23.971,continue
P1_HEK_40x_7_DIC.tif,lsm_2796,p1|hek,test,,34.951,2.009,,continue,26.462,19.659,continue,35.472,12.484,continue,40.222,23.971,continue
P1_HEK_40x_8_DIC.tif,lsm_2796,p1|hek,test,,23.343,3.157,,continue,20.442,19.659,continue,24.753,12.484,continue,26.119,23.971,continue
P1_Hep_5_40xoir-C_3.tif,oir_1024,p1|hep,test,,52.056,5.636,,continue,37.242,26.424,continue,53.989,15.463,continue,67.24,51.294,review
P1_Hep_6_40xoir-C_3.tif,oir_1024,p1|hep,test,,50.159,1.699,,continue,40.199,26.424,continue,59.675,15.463,continue,61.703,51.294,review
P1_Hep_siRNA_5_40xoir-C_3.tif,oir_1024,p1|hep|sirna,calib,A,31.391,0.164,,continue,20.333,26.424,continue,29.969,15.463,continue,25.079,51.294,continue
P1_siRNA_1_40xoir-C_3.tif,oir_1024,p1|sirna,calib,B,30.866,1.609,,continue,18.774,26.424,continue,27.724,15.463,continue,32.646,51.294,review
P1_siRNA_2_40xoir-C_3.tif,oir_1024,p1|sirna,calib,B,46.335,1.625,,continue,19.91,26.424,continue,45.935,15.463,continue,36.682,51.294,review
P1_siRNA_HEK_40x_1_BF.tif,lsm_2796,p1|sirna|hek,calib,A,33.376,2.305,,continue,29.095,19.659,continue,35.475,12.484,continue,32.311,23.971,continue
P1_siRNA_HEK_40x_2_BF.tif,lsm_2796,p1|sirna|hek,calib,A,29.724,0.452,,continue,27.2,19.659,continue,32.907,12.484,continue,36.531,23.971,continue
P1_siRNA_HEK_40x_3_BF.tif,lsm_2796,p1|sirna|hek,calib,A,24.257,0.857,,continue,17.747,19.659,continue,25.802,12.484,continue,24.381,23.971,continue
P1_siRNA_HEK_40x_4_DIC.tif,lsm_2796,p1|sirna|hek,calib,A,28.183,0.851,,continue,19.954,19.659,continue,28.899,12.484,continue,33.012,23.971,continue
P1_siRNA_HEK_40x_5_DIC.tif,lsm_2796,p1|sirna|hek,calib,A,46.322,2.768,,continue,35.85,19.659,continue,46.062,12.484,continue,53.976,23.971,continue
P1_siRNA_HEK_40x_6_DIC.tif,lsm_2796,p1|sirna|hek,calib,A,27.852,4.274,,continue,26.056,19.659,continue,26.995,12.484,continue,34.792,23.971,continue
P1_siRNA_HEK_40x_7_DIC.tif,lsm_2796,p1|sirna|hek,calib,A,23.353,0.737,,continue,16.105,19.659,continue,22.353,12.484,continue,25.442,23.971,continue
P2_1_40xoir-C_3.tif,oir_1024,p2,calib,B,60.04,0.638,,continue,34.782,26.424,continue,62.206,15.463,continue,17.557,51.294,continue
P2_2_40xoir-C_3.tif,oir_1024,p2,calib,B,73.171,63.159,,continue,84.989,26.424,review,71.678,15.463,review,94.298,51.294,review
P2_HEK_40x_4_DIC.tif,lsm_2796,p2|hek,test,,33.356,1.042,,continue,20.148,19.659,continue,34.209,12.484,continue,41.169,23.971,continue
P2_HEK_40x_6_DIC.tif,lsm_2796,p2|hek,test,,24.367,1.451,,continue,18.187,19.659,continue,25.111,12.484,continue,28.792,23.971,continue
P2_HEK_40x_8_DIC.tif,lsm_2796,p2|hek,test,,34.098,6.016,,continue,32.234,19.659,continue,35.224,12.484,continue,40.693,23.971,continue
P2_Hep_4_40xoir-C_3.tif,oir_1024,p2|hep,calib,A,50.656,13.051,,continue,42.235,26.424,continue,48.984,15.463,continue,64.888,51.294,review
P2_Hep_5_40xoir-C_3.tif,oir_1024,p2|hep,calib,A,59.696,20.28,,continue,58.308,26.424,review,60.835,15.463,continue,78.707,51.294,review
P2_Hep_6_40xoir-C_3.tif,oir_1024,p2|hep,calib,A,70.156,28.466,,continue,71.929,26.424,review,72.429,15.463,review,84.96,51.294,review
P2_siRNA_1_40xoir-C_3.tif,oir_1024,p2|sirna,test,,65.312,31.758,,continue,80.993,26.424,review,91.577,15.463,review,96.992,51.294,review
P2_siRNA_5_40xoir-C_3.tif,oir_1024,p2|sirna,test,,70.972,3.233,,continue,62.058,26.424,review,91.686,15.463,review,34.383,51.294,review
P2_siRNA_6_40xoir-C_3.tif,oir_1024,p2|sirna,test,,63.311,30.47,,continue,72.332,26.424,review,65.125,15.463,review,67.959,51.294,review
P2_siRNA_HEK_40x_1_DIC.tif,lsm_2796,p2|sirna|hek,calib,B,33.62,0.273,,continue,17.086,19.659,continue,34.48,12.484,continue,35.973,23.971,continue
P2_siRNA_HEK_40x_2_DIC.tif,lsm_2796,p2|sirna|hek,calib,B,34.992,2.569,,continue,23.555,19.659,continue,35.786,12.484,continue,40.381,23.971,continue
P2_siRNA_HEK_40x_3_DIC.tif,lsm_2796,p2|sirna|hek,calib,B,24.173,4.337,,continue,27.144,19.659,continue,25.687,12.484,continue,30.425,23.971,continue
P2_siRNA_HEK_40x_5_DIC.tif,lsm_2796,p2|sirna|hek,calib,B,24.509,1.749,,continue,21.248,19.659,continue,25.773,12.484,continue,28.608,23.971,continue
P2_siRNA_HEK_40x_7_DIC.tif,lsm_2796,p2|sirna|hek,calib,B,33.356,2.044,,continue,23.005,19.659,continue,32.675,12.484,continue,36.675,23.971,continue
P2_siRNA_Hep_4_40xoir-C_3.tif,oir_1024,p2|sirna|hep,test,,75.378,0.183,,continue,47.587,26.424,continue,79.511,15.463,review,28.096,51.294,continue
P2_siRNA_Hep_5_40xoir-C_3.tif,oir_1024,p2|sirna|hep,test,,64.981,13.024,,continue,61.468,26.424,review,69.482,15.463,review,79.964,51.294,review
P2_siRNA_Hep_6_40xoir-C_3.tif,oir_1024,p2|sirna|hep,test,,68.727,0.191,,continue,54.869,26.424,review,73.664,15.463,review,68.86,51.294,review
P3_2_40xoir-C_3.tif,oir_1024,p3,test,,42.512,17.872,,continue,37.234,26.424,continue,42.658,15.463,continue,50.665,51.294,review
P3_3_40xoir-C_3.tif,oir_1024,p3,test,,33.22,11.349,,continue,30.332,26.424,continue,33.118,15.463,continue,42.072,51.294,review
P3_HEK_40x_4_BF.tif,lsm_2796,p3|hek,calib,B,23.391,1.138,,continue,22.723,19.659,continue,24.8,12.484,continue,21.584,23.971,continue
P3_HEK_40x_5_BF.tif,lsm_2796,p3|hek,calib,B,26.581,1.223,,continue,21.87,19.659,continue,26.408,12.484,continue,27.393,23.971,continue
P3_Hep_1_40xoir-C_3.tif,oir_1024,p3|hep,calib,A,39.499,8.188,,continue,32.365,26.424,continue,39.998,15.463,continue,10.71,51.294,continue
P3_Hep_20x_1_BF.tif,bf_20x_3440,p3|hep,test,,64.526,0.848,,continue,,,,,,,,,
P3_Hep_2_40xoir-C_3.tif,oir_1024,p3|hep,calib,A,42.535,4.812,,continue,34.707,26.424,continue,46.406,15.463,continue,27.625,51.294,continue
P3_Hep_4_40xoir-C_3.tif,oir_1024,p3|hep,calib,A,54.679,5.138,,continue,40.02,26.424,continue,70.141,15.463,review,22.763,51.294,continue
P3_Hep_siRNA_1_40xoir-C_3.tif,oir_1024,p3|hep|sirna,calib,B,53.473,8.572,,continue,40.124,26.424,continue,50.69,15.463,continue,67.042,51.294,review
P3_Hep_siRNA_2_40xoir-C_3.tif,oir_1024,p3|hep|sirna,calib,B,51.207,13.969,,continue,43.161,26.424,continue,51.644,15.463,continue,68.785,51.294,review
P3_Hep_siRNA_5_40xoir-C_3.tif,oir_1024,p3|hep|sirna,calib,B,67.48,13.218,,continue,66.48,26.424,review,69.305,15.463,review,16.186,51.294,continue
P3_siRNA_3_40xoir-C_3.tif,oir_1024,p3|sirna,test,,63.014,25.836,,continue,54.23,26.424,review,61.92,15.463,continue,75.719,51.294,review
P3_siRNA_4_40xoir-C_3.tif,oir_1024,p3|sirna,test,,49.167,11.46,,continue,43.154,26.424,continue,48.986,15.463,continue,59.264,51.294,review
P3_siRNA_5_40xoir-C_3.tif,oir_1024,p3|sirna,test,,54.92,11.974,,continue,49.496,26.424,continue,56.138,15.463,continue,63.73,51.294,review
P3_siRNA_6_40xoir-C_3.tif,oir_1024,p3|sirna,test,,66.809,44.172,,continue,68.043,26.424,review,67.348,15.463,review,82.185,51.294,review
P3_siRNA_HEK_40x_1_BF.tif,lsm_2796,p3|sirna|hek,calib,A,27.546,1.044,,continue,26.688,19.659,continue,29.284,12.484,continue,30.457,23.971,continue
P3_siRNA_HEK_40x_2_BF.tif,lsm_2796,p3|sirna|hek,calib,A,32.108,1.882,,continue,29.756,19.659,continue,34.743,12.484,continue,38.174,23.971,continue
P3_siRNA_HEK_40x_3_DIC.tif,lsm_2796,p3|sirna|hek,calib,A,24.015,1.268,,continue,16.754,19.659,continue,23.603,12.484,continue,28.86,23.971,continue
P3_siRNA_HEK_40x_5_DIC.tif,lsm_2796,p3|sirna|hek,calib,A,23.559,1.089,,continue,16.288,19.659,continue,22.838,12.484,continue,25.576,23.971,continue
P3_siRNA_HEK_40x_7_DIC.tif,lsm_2796,p3|sirna|hek,calib,A,37.104,5.274,,continue,31.488,19.659,continue,37.59,12.484,continue,41.885,23.971,continue
P3_si_20x_1_BF.tif,bf_20x_3440,p3|si,test,,37.745,1.692,,continue,,,,,,,,,
P4_HEK_40x_1_BF.tif,lsm_2796,p4|hek,test,,36.234,3.198,,continue,35.605,19.659,continue,35.506,12.484,continue,32.62,23.971,continue
P4_HEK_40x_7_DIC.tif,lsm_2796,p4|hek,test,,21.452,2.567,,continue,31.923,19.659,continue,16.28,12.484,continue,17.054,23.971,continue
P4_HUVEC_20x_1_DIC.tif,lsm_2796,p4|huvec,calib,B,43.571,1.429,,continue,33.138,19.659,continue,29.376,12.484,continue,22.008,23.971,continue
P4_HUVEC_20x_DIC.tif,lsm_2796,p4|huvec,calib,B,34.467,1.392,,continue,25.055,19.659,continue,20.796,12.484,continue,20.758,23.971,continue
P4_Hep_20x_1_BF.tif,bf_20x_3440,p4|hep,calib,,43.871,1.172,,continue,,,,,,,,,
P4_Hep_HUVEC_20x_1_DIC.tif,lsm_2796,p4|hep|huvec,test,,47.711,1.524,,continue,24.756,19.659,continue,40.766,12.484,continue,12.813,23.971,continue
P4_Hep_HUVEC_20x_2_DIC.tif,lsm_2796,p4|hep|huvec,test,,34.871,1.523,,continue,21.966,19.659,continue,30.999,12.484,continue,20.667,23.971,continue
P4_Hep_HUVEC_20x_3_DIC.tif,lsm_2796,p4|hep|huvec,test,,45.382,0.783,,continue,23.788,19.659,continue,40.793,12.484,continue,6.487,23.971,continue
P4_Hep_HUVEC_20x_4_DIC.tif,lsm_2796,p4|hep|huvec,test,,43.338,0.658,,continue,19.844,19.659,continue,36.669,12.484,continue,10.198,23.971,continue
P4_Hep_HUVEC_20x_5_DIC.tif,lsm_2796,p4|hep|huvec,test,,35.339,1.446,,continue,23.156,19.659,continue,30.285,12.484,continue,14.192,23.971,continue
P4_Hep_HUVEC_20x_DIC.tif,lsm_2796,p4|hep|huvec,test,,43.984,1.843,,continue,26.52,19.659,continue,35.465,12.484,continue,22.325,23.971,continue
P4_Hep_siRNA_HUVEC_20x_3_DIC.tif,lsm_2796,p4|hep|sirna|huvec,test,,38.836,1.451,,continue,21.512,19.659,continue,38.293,12.484,continue,19.268,23.971,continue
P4_Hep_siRNA_HUVEC_20x_4_DIC.tif,lsm_2796,p4|hep|sirna|huvec,test,,30.52,0.536,,continue,14.862,19.659,continue,23.93,12.484,continue,9.506,23.971,continue
P4_siRNA_HUVEC_20x_2_DIC.tif,lsm_2796,p4|sirna|huvec,calib,B,33.515,0.338,,continue,22.57,19.659,continue,21.03,12.484,continue,9.906,23.971,continue
P4_siRNA_HUVEC_20x_5_DIC.tif,lsm_2796,p4|sirna|huvec,calib,B,28.053,0.858,,continue,17.33,19.659,continue,18.328,12.484,continue,5.661,23.971,continue
P4_si_20x_2_BF.tif,bf_20x_3440,p4|si,test,,20.641,2.462,,continue,,,,,,,,,
Polymer_Test_026.tif,polymer_lowmag,polymer|test,test,,21.203,0.931,,continue,,,,,,,,,
Polymer_Test_146.tif,polymer_lowmag,polymer|test,test,,53.561,17.706,,continue,,,,,,,,,
Polymer_Test_147.tif,polymer_lowmag,polymer|test,test,,29.61,17.571,,continue,,,,,,,,,
Polymer_Test_149.tif,polymer_lowmag,polymer|test,test,,39.484,14.822,,continue,,,,,,,,,
Polymer_Test_150.tif,polymer_lowmag,polymer|test,test,,27.548,11.79,,continue,,,,,,,,,
Polymer_Test_164.tif,polymer_lowmag,polymer|test,test,,57.911,23.061,,continue,,,,,,,,,
Polymer_Test_165.tif,polymer_lowmag,polymer|test,test,,75.637,34.146,,continue,,,,,,,,,
Polymer_Test_27.tif,polymer_lowmag,polymer|test,test,,71.484,19.894,,continue,,,,,,,,,
Polymer_Test_61.tif,polymer_lowmag,polymer|test,test,,89.602,40.08,,continue,,,,,,,,,
