name,population,grid,cell,gt_pct,cutoff,reading_pct,reading_cut0_pct,band_pp
218-4_part_14_tile_3.png,218-4,2,1,63.893,-1.5,56.03,22.548,7.6305
218-4_part_14_tile_4.png,218-4,2,0,63.836,-1.5,62.1,43.528,7.6305
218-4_part_16_tile_15.png,218-4,2,3,68.757,-1.5,57.688,38.792,7.6305
218-4_part_16_tile_16.png,218-4,2,3,60.211,-1.5,57.572,41.776,7.6305
218-4_part_16_tile_5.png,218-4,2,3,61.001,-1.5,71.183,56.47,7.6305
218-4_part_16_tile_6.png,218-4,2,3,72.454,-1.5,42.25,27.647,7.6305
218-5_part_19_tile_10.png,218-5,2,2,66.592,-1.5,26.142,6.605,6.4247
218-5_part_21_tile_10.png,218-5,2,1,64.241,-1.5,76.651,69.813,6.4247
218-5_part_21_tile_11.png,218-5,2,0,64.45,-1.5,68.145,37.661,6.4247
218-5_part_21_tile_11.png,218-5,2,2,64.78,-1.5,73.681,55.034,6.4247
218-5_part_21_tile_12.png,218-5,2,0,60.827,-1.5,50.444,31.37,6.4247
218-5_part_21_tile_12.png,218-5,2,3,69.443,-1.5,67.913,44.146,6.4247
218-5_part_21_tile_14.png,218-5,2,2,65.404,-1.5,69.056,44.193,6.4247
218-5_part_21_tile_15.png,218-5,2,0,74.752,-1.5,42.912,17.008,6.4247
218-5_part_21_tile_15.png,218-5,2,1,69.134,-1.5,80.716,51.126,6.4247
218-5_part_21_tile_15.png,218-5,2,2,63.282,-1.5,72.222,46.816,6.4247
218-5_part_21_tile_15.png,218-5,2,3,62.757,-1.5,31.392,17.492,6.4247
218-5_part_21_tile_16.png,218-5,2,0,61.446,-1.5,62.624,46.14,6.4247
218-5_part_21_tile_16.png,218-5,2,1,66.948,-1.5,70.5,53.668,6.4247
218-5_part_21_tile_16.png,218-5,2,2,67.832,-1.5,69.351,49.388,6.4247
218-5_part_21_tile_16.png,218-5,2,3,71.324,-1.5,60.372,30.155,6.4247
218-5_part_21_tile_7.png,218-5,2,2,77.192,-1.5,32.698,14.917,6.4247
218-5_part_21_tile_8.png,218-5,2,2,64.604,-1.5,57.083,27.743,6.4247
218-5_part_21_tile_9.png,218-5,2,0,63.416,-1.5,45.416,28.706,6.4247
218-5_part_21_tile_9.png,218-5,2,3,63.016,-1.5,26.645,3.204,6.4247
218-5_part_23_tile_10.png,218-5,2,0,62.795,-1.5,66.64,52.726,6.4247
218-5_part_23_tile_14.png,218-5,2,3,66.7,-1.5,62.923,47.239,6.4247
218-5_part_23_tile_16.png,218-5,2,2,71.014,-1.5,65.425,47.904,6.4247
218-5_part_23_tile_4.png,218-5,2,0,60.045,-1.5,59.803,46.546,6.4247
218-5_part_23_tile_7.png,218-5,2,3,70.904,-1.5,52.516,14.745,6.4247
218-6_part_18_tile_15.png,218-6,2,0,60.636,-1.5,56.179,38.104,7.6964
218-6_part_19_tile_3.png,218-6,2,2,69.038,-1.5,44.97,22.373,7.6964
218-6_part_19_tile_6.png,218-6,2,2,61.928,-1.5,52.627,37.997,7.6964
218-6_part_3_tile_15.png,218-6,2,2,70.762,-1.5,76.059,53.73,7.6964
218-6_part_3_tile_15.png,218-6,2,3,69.168,-1.5,75.108,56.443,7.6964
218-6_part_3_tile_16.png,218-6,2,1,66.4,-1.5,62.455,50.179,7.6964
218-6_part_3_tile_16.png,218-6,2,2,60.714,-1.5,51.47,37.663,7.6964
218-6_part_3_tile_16.png,218-6,2,3,62.949,-1.5,57.683,43.366,7.6964
218-6_part_3_tile_5.png,218-6,2,0,62.898,-1.5,48.759,38.679,7.6964
218-4_part_10_tile_2.png,218-4,4,6,83.962,-1.5,50.734,25.965,7.6305
218-4_part_14_tile_1.png,218-4,4,1,65.469,-1.5,69.184,55.989,7.6305
218-4_part_14_tile_1.png,218-4,4,4,73.915,-1.5,74.632,67.419,7.6305
218-4_part_14_tile_1.png,218-4,4,7,68.197,-1.5,75.024,44.264,7.6305
218-4_part_14_tile_1.png,218-4,4,13,79.141,-1.5,74.688,54.786,7.6305
218-4_part_14_tile_10.png,218-4,4,9,73.794,-1.5,78.595,68.226,7.6305
218-4_part_14_tile_12.png,218-4,4,8,62.096,-1.5,51.243,34.234,7.6305
218-4_part_14_tile_14.png,218-4,4,3,68.966,-1.5,11.627,6.238,7.6305
218-4_part_14_tile_15.png,218-4,4,5,61.318,-1.5,60.406,37.834,7.6305
218-4_part_14_tile_15.png,218-4,4,15,61.23,-1.5,55.245,14.35,7.6305
218-4_part_14_tile_16.png,218-4,4,3,72.81,-1.5,10.712,5.882,7.6305
218-4_part_14_tile_2.png,218-4,4,14,79.317,-1.5,78.482,67.877,7.6305
218-4_part_14_tile_3.png,218-4,4,2,79.434,-1.5,83.074,14.205,7.6305
218-4_part_14_tile_3.png,218-4,4,3,78.907,-1.5,40.355,7.838,7.6305
218-4_part_14_tile_3.png,218-4,4,9,85.686,-1.5,71.478,33.402,7.6305
218-4_part_14_tile_3.png,218-4,4,13,67.707,-1.5,73.493,59.792,7.6305
218-4_part_14_tile_3.png,218-4,4,14,86.112,-1.5,88.061,64.336,7.6305
218-4_part_14_tile_4.png,218-4,4,0,81.397,-1.5,37.83,15.802,7.6305
218-4_part_14_tile_4.png,218-4,4,4,64.987,-1.5,71.523,56.31,7.6305
218-4_part_14_tile_4.png,218-4,4,7,61.014,-1.5,61.12,42.197,7.6305
218-4_part_14_tile_4.png,218-4,4,8,68.542,-1.5,70.95,52.765,7.6305
218-4_part_14_tile_6.png,218-4,4,3,81.928,-1.5,81.869,15.693,7.6305
218-4_part_14_tile_6.png,218-4,4,4,64.966,-1.5,67.6,11.41,7.6305
218-4_part_14_tile_6.png,218-4,4,5,82.634,-1.5,67.72,10.568,7.6305
218-4_part_14_tile_7.png,218-4,4,1,80.49,-1.5,85.176,60.203,7.6305
218-4_part_14_tile_7.png,218-4,4,6,72.021,-1.5,75.021,68.427,7.6305
218-4_part_14_tile_8.png,218-4,4,6,62.912,-1.5,68.819,60.413,7.6305
218-4_part_14_tile_9.png,218-4,4,11,62.128,-1.5,47.861,5.173,7.6305
218-4_part_14_tile_9.png,218-4,4,15,82.704,-1.5,84.451,7.088,7.6305
218-4_part_16_tile_1.png,218-4,4,8,82.179,-1.5,35.429,13.589,7.6305
218-4_part_16_tile_1.png,218-4,4,12,61.73,-1.5,63.922,26.101,7.6305
218-4_part_16_tile_10.png,218-4,4,3,74.653,-1.5,36.315,22.438,7.6305
218-4_part_16_tile_10.png,218-4,4,15,77.938,-1.5,68.115,42.302,7.6305
218-4_part_16_tile_11.png,218-4,4,4,70.39,-1.5,77.515,43.166,7.6305
218-4_part_16_tile_11.png,218-4,4,7,65.83,-1.5,59.234,49.301,7.6305
218-4_part_16_tile_11.png,218-4,4,11,78.458,-1.5,8.626,5.459,7.6305
218-4_part_16_tile_11.png,218-4,4,13,65.586,-1.5,64.032,34.896,7.6305
218-4_part_16_tile_12.png,218-4,4,1,68.842,-1.5,81.36,57.451,7.6305
218-4_part_16_tile_12.png,218-4,4,2,60.387,-1.5,69.166,64.021,7.6305
218-4_part_16_tile_12.png,218-4,4,5,69.573,-1.5,20.01,11.794,7.6305
218-4_part_16_tile_12.png,218-4,4,6,67.248,-1.5,78.738,66.493,7.6305
218-4_part_16_tile_12.png,218-4,4,8,64.426,-1.5,65.112,55.8,7.6305
218-4_part_16_tile_12.png,218-4,4,9,68.203,-1.5,34.632,14.389,7.6305
218-4_part_16_tile_12.png,218-4,4,13,60.757,-1.5,56.965,34.933,7.6305
218-4_part_16_tile_13.png,218-4,4,6,68.576,-1.5,51.706,20.512,7.6305
218-4_part_16_tile_13.png,218-4,4,7,70.858,-1.5,49.416,36.085,7.6305
218-4_part_16_tile_14.png,218-4,4,2,68.426,-1.5,47.419,22.498,7.6305
218-4_part_16_tile_14.png,218-4,4,11,88.246,-1.5,48.494,30.221,7.6305
218-4_part_16_tile_15.png,218-4,4,7,64.222,-1.5,67.616,32.666,7.6305
218-4_part_16_tile_15.png,218-4,4,8,81.288,-1.5,87.781,29.115,7.6305
218-4_part_16_tile_15.png,218-4,4,10,74.414,-1.5,81.302,64.434,7.6305
218-4_part_16_tile_15.png,218-4,4,11,78.102,-1.5,38.624,18.23,7.6305
218-4_part_16_tile_15.png,218-4,4,14,65.814,-1.5,76.154,64.763,7.6305
218-4_part_16_tile_16.png,218-4,4,7,70.6,-1.5,57.558,41.638,7.6305
218-4_part_16_tile_16.png,218-4,4,10,83.077,-1.5,69.986,52.11,7.6305
218-4_part_16_tile_16.png,218-4,4,11,68.382,-1.5,43.517,17.354,7.6305
218-4_part_16_tile_16.png,218-4,4,12,60.469,-1.5,67.664,53.907,7.6305
218-4_part_16_tile_2.png,218-4,4,6,60.637,-1.5,66.509,59.086,7.6305
218-4_part_16_tile_2.png,218-4,4,10,66.066,-1.5,70.368,62.571,7.6305
218-4_part_16_tile_3.png,218-4,4,3,85.859,-1.5,45.203,17.397,7.6305
218-4_part_16_tile_3.png,218-4,4,6,63.069,-1.5,70.63,63.842,7.6305
218-4_part_16_tile_3.png,218-4,4,10,72.867,-1.5,83.314,77.75,7.6305
218-4_part_16_tile_3.png,218-4,4,12,61.478,-1.5,64.594,52.976,7.6305
218-4_part_16_tile_3.png,218-4,4,13,68.021,-1.5,73.797,45.379,7.6305
218-4_part_16_tile_3.png,218-4,4,15,79.402,-1.5,63.046,38.051,7.6305
218-4_part_16_tile_4.png,218-4,4,7,60.235,-1.5,66.563,57.866,7.6305
218-4_part_16_tile_5.png,218-4,4,11,65.667,-1.5,72.978,63.776,7.6305
218-4_part_16_tile_5.png,218-4,4,14,75.53,-1.5,92.002,55.717,7.6305
218-4_part_16_tile_6.png,218-4,4,10,64.134,-1.5,75.646,57.795,7.6305
218-4_part_16_tile_6.png,218-4,4,11,70.965,-1.5,40.218,24.922,7.6305
218-4_part_16_tile_6.png,218-4,4,12,73.931,-1.5,77.547,60.541,7.6305
218-4_part_16_tile_6.png,218-4,4,14,67.973,-1.5,48.469,25.77,7.6305
218-4_part_16_tile_6.png,218-4,4,15,86.744,-1.5,4.667,2.101,7.6305
218-4_part_16_tile_7.png,218-4,4,0,68.653,-1.5,72.954,66.597,7.6305
218-4_part_16_tile_7.png,218-4,4,14,71.584,-1.5,79.312,50.958,7.6305
218-4_part_16_tile_8.png,218-4,4,1,64.874,-1.5,68.074,51.638,7.6305
218-4_part_16_tile_8.png,218-4,4,3,62.075,-1.5,61.018,33.149,7.6305
218-4_part_16_tile_8.png,218-4,4,5,64.813,-1.5,63.21,51.11,7.6305
218-4_part_16_tile_8.png,218-4,4,7,67.45,-1.5,50.227,14.251,7.6305
218-4_part_16_tile_8.png,218-4,4,12,80.571,-1.5,57.269,17.45,7.6305
218-4_part_16_tile_8.png,218-4,4,15,80.114,-1.5,34.858,12.81,7.6305
218-4_part_1_tile_6.png,218-4,4,11,76.808,-1.5,67.864,51.997,7.6305
218-4_part_20_tile_15.png,218-4,4,2,60.408,-1.5,22.974,6.6,7.6305
218-4_part_20_tile_2.png,218-4,4,13,70.539,-1.5,42.438,35.429,7.6305
218-4_part_20_tile_3.png,218-4,4,1,62.882,-1.5,72.714,59.725,7.6305
218-4_part_20_tile_5.png,218-4,4,1,64.15,-1.5,23.061,1.835,7.6305
218-4_part_5_tile_2.png,218-4,4,6,68.275,-1.5,69.078,21.512,7.6305
218-5_part_14_tile_1.png,218-5,4,5,65.0,-1.5,68.669,48.728,6.4247
218-5_part_14_tile_11.png,218-5,4,0,61.93,-1.5,0.598,0.317,6.4247
218-5_part_14_tile_15.png,218-5,4,0,71.842,-1.5,4.648,0.371,6.4247
218-5_part_14_tile_15.png,218-5,4,1,89.093,-1.5,5.89,0.728,6.4247
218-5_part_14_tile_15.png,218-5,4,7,67.371,-1.5,23.283,0.0,6.4247
218-5_part_14_tile_16.png,218-5,4,15,86.498,-1.5,12.122,2.517,6.4247
218-5_part_14_tile_2.png,218-5,4,0,63.885,-1.5,68.563,59.074,6.4247
218-5_part_14_tile_2.png,218-5,4,9,61.634,-1.5,64.811,58.406,6.4247
218-5_part_14_tile_3.png,218-5,4,3,68.301,-1.5,5.902,0.754,6.4247
218-5_part_15_tile_1.png,218-5,4,13,60.771,-1.5,64.187,61.034,6.4247
218-5_part_15_tile_11.png,218-5,4,1,61.39,-1.5,57.005,27.256,6.4247
218-5_part_15_tile_12.png,218-5,4,0,76.146,-1.5,8.755,3.131,6.4247
218-5_part_15_tile_12.png,218-5,4,10,68.71,-1.5,29.808,5.074,6.4247
218-5_part_15_tile_13.png,218-5,4,5,60.418,-1.5,42.4,33.107,6.4247
218-5_part_15_tile_16.png,218-5,4,6,82.787,-1.5,86.474,60.811,6.4247
218-5_part_15_tile_16.png,218-5,4,15,65.131,-1.5,57.76,22.739,6.4247
218-5_part_15_tile_4.png,218-5,4,12,62.67,-1.5,21.642,7.626,6.4247
218-5_part_15_tile_5.png,218-5,4,1,64.619,-1.5,18.808,16.933,6.4247
218-5_part_15_tile_7.png,218-5,4,6,74.834,-1.5,82.496,67.123,6.4247
218-5_part_15_tile_8.png,218-5,4,12,62.83,-1.5,0.266,0.054,6.4247
218-5_part_15_tile_9.png,218-5,4,1,64.507,-1.5,69.304,62.918,6.4247
218-5_part_15_tile_9.png,218-5,4,9,77.157,-1.5,88.571,78.434,6.4247
218-5_part_15_tile_9.png,218-5,4,14,62.24,-1.5,74.034,37.379,6.4247
218-5_part_19_tile_10.png,218-5,4,9,80.576,-1.5,25.355,11.277,6.4247
218-5_part_19_tile_10.png,218-5,4,13,81.493,-1.5,28.363,4.782,6.4247
218-5_part_19_tile_11.png,218-5,4,4,77.686,-1.5,82.314,50.976,6.4247
218-5_part_19_tile_11.png,218-5,4,14,60.338,-1.5,39.421,12.253,6.4247
218-5_part_19_tile_12.png,218-5,4,0,73.382,-1.5,7.374,2.627,6.4247
218-5_part_19_tile_12.png,218-5,4,2,63.611,-1.5,70.194,50.264,6.4247
218-5_part_19_tile_13.png,218-5,4,3,61.427,-1.5,61.282,4.563,6.4247
218-5_part_19_tile_14.png,218-5,4,11,67.258,-1.5,72.851,57.24,6.4247
218-5_part_19_tile_16.png,218-5,4,9,60.938,-1.5,67.429,56.286,6.4247
218-5_part_19_tile_2.png,218-5,4,2,62.891,-1.5,10.378,6.202,6.4247
218-5_part_19_tile_2.png,218-5,4,3,71.354,-1.5,8.269,2.946,6.4247
218-5_part_19_tile_2.png,218-5,4,11,64.774,-1.5,69.557,53.578,6.4247
218-5_part_19_tile_3.png,218-5,4,2,61.026,-1.5,67.152,57.618,6.4247
218-5_part_19_tile_3.png,218-5,4,9,70.115,-1.5,78.256,57.694,6.4247
218-5_part_19_tile_3.png,218-5,4,11,75.125,-1.5,76.147,24.754,6.4247
218-5_part_19_tile_3.png,218-5,4,12,65.886,-1.5,68.186,28.69,6.4247
218-5_part_19_tile_3.png,218-5,4,15,67.234,-1.5,66.395,34.254,6.4247
218-5_part_19_tile_4.png,218-5,4,8,74.618,-1.5,65.899,34.074,6.4247
218-5_part_19_tile_4.png,218-5,4,14,76.946,-1.5,35.651,21.349,6.4247
218-5_part_19_tile_6.png,218-5,4,3,60.04,-1.5,4.786,1.342,6.4247
218-5_part_19_tile_6.png,218-5,4,11,67.787,-1.5,57.757,40.882,6.4247
218-5_part_19_tile_6.png,218-5,4,12,60.664,-1.5,63.277,58.896,6.4247
218-5_part_19_tile_6.png,218-5,4,15,67.526,-1.5,29.064,12.531,6.4247
218-5_part_19_tile_7.png,218-5,4,4,68.283,-1.5,73.982,65.915,6.4247
218-5_part_19_tile_7.png,218-5,4,5,66.949,-1.5,71.958,60.346,6.4247
218-5_part_19_tile_7.png,218-5,4,10,62.525,-1.5,69.374,61.662,6.4247
218-5_part_19_tile_7.png,218-5,4,12,72.731,-1.5,67.984,14.165,6.4247
218-5_part_19_tile_7.png,218-5,4,13,66.15,-1.5,53.109,4.368,6.4247
218-5_part_19_tile_7.png,218-5,4,14,62.242,-1.5,43.046,15.824,6.4247
218-5_part_19_tile_8.png,218-5,4,7,63.094,-1.5,36.333,10.306,6.4247
218-5_part_19_tile_8.png,218-5,4,10,63.768,-1.5,64.411,43.515,6.4247
218-5_part_21_tile_1.png,218-5,4,1,67.224,-1.5,69.992,41.931,6.4247
218-5_part_21_tile_1.png,218-5,4,2,71.386,-1.5,74.854,51.478,6.4247
218-5_part_21_tile_1.png,218-5,4,6,62.354,-1.5,65.768,52.256,6.4247
218-5_part_21_tile_1.png,218-5,4,12,76.61,-1.5,10.587,0.0,6.4247
218-5_part_21_tile_10.png,218-5,4,5,67.568,-1.5,73.219,67.458,6.4247
218-5_part_21_tile_10.png,218-5,4,6,74.662,-1.5,83.435,78.259,6.4247
218-5_part_21_tile_10.png,218-5,4,13,60.898,-1.5,73.68,64.413,6.4247
218-5_part_21_tile_10.png,218-5,4,14,65.091,-1.5,72.354,38.47,6.4247
218-5_part_21_tile_11.png,218-5,4,4,79.694,-1.5,84.518,28.894,6.4247
218-5_part_21_tile_11.png,218-5,4,5,62.898,-1.5,68.866,27.405,6.4247
218-5_part_21_tile_11.png,218-5,4,6,64.269,-1.5,69.934,47.506,6.4247
218-5_part_21_tile_11.png,218-5,4,7,72.262,-1.5,70.798,48.99,6.4247
218-5_part_21_tile_11.png,218-5,4,8,77.115,-1.5,83.251,63.056,6.4247
218-5_part_21_tile_11.png,218-5,4,9,61.403,-1.5,71.878,44.795,6.4247
218-5_part_21_tile_11.png,218-5,4,11,69.408,-1.5,72.688,67.197,6.4247
218-5_part_21_tile_11.png,218-5,4,13,62.44,-1.5,76.066,60.477,6.4247
218-5_part_21_tile_12.png,218-5,4,0,84.184,-1.5,83.106,52.87,6.4247
218-5_part_21_tile_12.png,218-5,4,3,69.52,-1.5,73.266,40.963,6.4247
218-5_part_21_tile_12.png,218-5,4,5,67.221,-1.5,45.262,25.634,6.4247
218-5_part_21_tile_12.png,218-5,4,11,72.2,-1.5,87.203,63.558,6.4247
218-5_part_21_tile_12.png,218-5,4,12,77.186,-1.5,24.397,0.659,6.4247
218-5_part_21_tile_12.png,218-5,4,14,60.264,-1.5,64.446,35.747,6.4247
218-5_part_21_tile_12.png,218-5,4,15,87.502,-1.5,57.746,21.765,6.4247
218-5_part_21_tile_13.png,218-5,4,0,82.755,-1.5,9.637,4.221,6.4247
218-5_part_21_tile_13.png,218-5,4,13,60.304,-1.5,65.045,55.218,6.4247
218-5_part_21_tile_13.png,218-5,4,14,70.805,-1.5,69.195,40.912,6.4247
218-5_part_21_tile_13.png,218-5,4,15,68.982,-1.5,24.691,8.136,6.4247
218-5_part_21_tile_14.png,218-5,4,1,68.349,-1.5,88.045,76.246,6.4247
218-5_part_21_tile_14.png,218-5,4,2,68.63,-1.5,50.299,32.97,6.4247
218-5_part_21_tile_14.png,218-5,4,3,60.0,-1.5,48.464,19.341,6.4247
218-5_part_21_tile_14.png,218-5,4,5,62.467,-1.5,74.005,57.621,6.4247
218-5_part_21_tile_14.png,218-5,4,9,67.648,-1.5,56.566,29.352,6.4247
218-5_part_21_tile_14.png,218-5,4,12,71.674,-1.5,81.557,72.923,6.4247
218-5_part_21_tile_14.png,218-5,4,13,83.157,-1.5,78.854,24.154,6.4247
218-5_part_21_tile_14.png,218-5,4,14,72.49,-1.5,86.122,70.595,6.4247
218-5_part_21_tile_15.png,218-5,4,0,83.99,-1.5,26.41,10.842,6.4247
218-5_part_21_tile_15.png,218-5,4,2,88.701,-1.5,87.522,43.962,6.4247
218-5_part_21_tile_15.png,218-5,4,4,84.411,-1.5,45.56,17.443,6.4247
218-5_part_21_tile_15.png,218-5,4,5,79.894,-1.5,56.71,30.016,6.4247
218-5_part_21_tile_15.png,218-5,4,6,69.813,-1.5,87.253,62.864,6.4247
218-5_part_21_tile_15.png,218-5,4,7,62.544,-1.5,89.186,50.07,6.4247
218-5_part_21_tile_15.png,218-5,4,8,62.618,-1.5,70.355,51.645,6.4247
218-5_part_21_tile_15.png,218-5,4,9,68.418,-1.5,75.245,64.794,6.4247
218-5_part_21_tile_15.png,218-5,4,12,69.851,-1.5,91.266,36.424,6.4247
218-5_part_21_tile_15.png,218-5,4,14,84.958,-1.5,16.362,3.554,6.4247
218-5_part_21_tile_15.png,218-5,4,15,65.978,-1.5,10.165,1.942,6.4247
218-5_part_21_tile_16.png,218-5,4,0,61.318,-1.5,68.218,55.789,6.4247
218-5_part_21_tile_16.png,218-5,4,1,66.558,-1.5,61.512,48.696,6.4247
218-5_part_21_tile_16.png,218-5,4,2,85.997,-1.5,77.032,55.878,6.4247
218-5_part_21_tile_16.png,218-5,4,5,72.069,-1.5,71.402,45.902,6.4247
218-5_part_21_tile_16.png,218-5,4,6,66.69,-1.5,72.552,47.362,6.4247
218-5_part_21_tile_16.png,218-5,4,7,60.075,-1.5,64.63,51.306,6.4247
218-5_part_21_tile_16.png,218-5,4,8,62.765,-1.5,70.235,58.974,6.4247
218-5_part_21_tile_16.png,218-5,4,9,80.79,-1.5,83.494,53.355,6.4247
218-5_part_21_tile_16.png,218-5,4,10,61.931,-1.5,66.147,26.312,6.4247
218-5_part_21_tile_16.png,218-5,4,11,78.294,-1.5,78.766,36.082,6.4247
218-5_part_21_tile_16.png,218-5,4,13,74.274,-1.5,67.878,39.782,6.4247
218-5_part_21_tile_16.png,218-5,4,14,77.901,-1.5,58.222,36.592,6.4247
218-5_part_21_tile_16.png,218-5,4,15,67.168,-1.5,38.352,21.634,6.4247
218-5_part_21_tile_2.png,218-5,4,2,75.611,-1.5,79.656,63.65,6.4247
218-5_part_21_tile_2.png,218-5,4,14,66.061,-1.5,42.531,19.192,6.4247
218-5_part_21_tile_2.png,218-5,4,15,64.589,-1.5,57.354,25.568,6.4247
218-5_part_21_tile_3.png,218-5,4,4,61.938,-1.5,40.986,10.21,6.4247
218-5_part_21_tile_3.png,218-5,4,5,66.902,-1.5,34.157,27.478,6.4247
218-5_part_21_tile_3.png,218-5,4,10,74.79,-1.5,97.286,94.4,6.4247
218-5_part_21_tile_4.png,218-5,4,2,69.211,-1.5,75.147,47.915,6.4247
218-5_part_21_tile_4.png,218-5,4,4,61.206,-1.5,64.742,44.371,6.4247
218-5_part_21_tile_4.png,218-5,4,6,65.666,-1.5,72.707,62.95,6.4247
218-5_part_21_tile_4.png,218-5,4,8,61.461,-1.5,54.118,43.955,6.4247
218-5_part_21_tile_4.png,218-5,4,9,64.76,-1.5,61.534,52.458,6.4247
218-5_part_21_tile_4.png,218-5,4,13,63.315,-1.5,68.859,64.464,6.4247
218-5_part_21_tile_5.png,218-5,4,1,69.331,-1.5,25.886,16.296,6.4247
218-5_part_21_tile_5.png,218-5,4,2,64.146,-1.5,69.061,55.307,6.4247
218-5_part_21_tile_5.png,218-5,4,9,67.49,-1.5,70.371,63.768,6.4247
218-5_part_21_tile_5.png,218-5,4,11,64.104,-1.5,32.938,3.726,6.4247
218-5_part_21_tile_6.png,218-5,4,0,69.85,-1.5,75.232,66.077,6.4247
218-5_part_21_tile_6.png,218-5,4,3,63.421,-1.5,22.141,8.944,6.4247
218-5_part_21_tile_6.png,218-5,4,6,69.76,-1.5,33.866,4.579,6.4247
218-5_part_21_tile_6.png,218-5,4,13,77.144,-1.5,72.282,54.891,6.4247
218-5_part_21_tile_6.png,218-5,4,14,64.602,-1.5,70.779,59.173,6.4247
218-5_part_21_tile_7.png,218-5,4,0,72.277,-1.5,26.886,8.637,6.4247
218-5_part_21_tile_7.png,218-5,4,4,60.899,-1.5,11.755,4.376,6.4247
218-5_part_21_tile_7.png,218-5,4,6,69.901,-1.5,66.835,24.845,6.4247
218-5_part_21_tile_7.png,218-5,4,7,64.008,-1.5,38.491,25.555,6.4247
218-5_part_21_tile_7.png,218-5,4,8,88.494,-1.5,0.806,0.142,6.4247
218-5_part_21_tile_7.png,218-5,4,9,75.344,-1.5,50.842,30.338,6.4247
218-5_part_21_tile_7.png,218-5,4,12,66.995,-1.5,3.451,1.152,6.4247
218-5_part_21_tile_7.png,218-5,4,13,77.933,-1.5,75.691,28.035,6.4247
218-5_part_21_tile_8.png,218-5,4,4,62.528,-1.5,60.106,36.643,6.4247
218-5_part_21_tile_8.png,218-5,4,8,71.176,-1.5,67.998,39.885,6.4247
218-5_part_21_tile_8.png,218-5,4,9,88.485,-1.5,70.61,15.269,6.4247
218-5_part_21_tile_9.png,218-5,4,2,64.171,-1.5,69.934,52.126,6.4247
218-5_part_21_tile_9.png,218-5,4,4,62.099,-1.5,36.555,21.901,6.4247
218-5_part_21_tile_9.png,218-5,4,5,88.077,-1.5,33.778,13.149,6.4247
218-5_part_21_tile_9.png,218-5,4,8,66.256,-1.5,5.427,0.0,6.4247
218-5_part_21_tile_9.png,218-5,4,9,60.349,-1.5,15.29,0.165,6.4247
218-5_part_21_tile_9.png,218-5,4,10,71.854,-1.5,19.477,11.87,6.4247
218-5_part_21_tile_9.png,218-5,4,11,80.139,-1.5,58.072,0.0,6.4247
218-5_part_23_tile_1.png,218-5,4,1,64.938,-1.5,52.677,39.298,6.4247
218-5_part_23_tile_10.png,218-5,4,0,71.76,-1.5,63.786,42.514,6.4247
218-5_part_23_tile_10.png,218-5,4,3,69.486,-1.5,34.726,12.742,6.4247
218-5_part_23_tile_10.png,218-5,4,4,71.475,-1.5,86.181,66.122,6.4247
218-5_part_23_tile_10.png,218-5,4,5,75.376,-1.5,79.702,72.451,6.4247
218-5_part_23_tile_10.png,218-5,4,6,77.25,-1.5,86.538,69.227,6.4247
218-5_part_23_tile_11.png,218-5,4,1,63.198,-1.5,53.618,15.261,6.4247
218-5_part_23_tile_11.png,218-5,4,3,60.402,-1.5,60.102,28.558,6.4247
218-5_part_23_tile_11.png,218-5,4,6,65.371,-1.5,75.315,58.307,6.4247
218-5_part_23_tile_11.png,218-5,4,12,62.531,-1.5,67.936,60.389,6.4247
218-5_part_23_tile_11.png,218-5,4,13,78.48,-1.5,57.488,33.997,6.4247
218-5_part_23_tile_11.png,218-5,4,14,66.842,-1.5,66.637,47.912,6.4247
218-5_part_23_tile_12.png,218-5,4,7,83.202,-1.5,81.462,53.53,6.4247
218-5_part_23_tile_12.png,218-5,4,8,63.645,-1.5,67.222,61.112,6.4247
218-5_part_23_tile_12.png,218-5,4,12,70.158,-1.5,75.837,46.221,6.4247
218-5_part_23_tile_12.png,218-5,4,14,80.202,-1.5,75.181,3.666,6.4247
218-5_part_23_tile_12.png,218-5,4,15,70.283,-1.5,54.01,7.36,6.4247
218-5_part_23_tile_13.png,218-5,4,9,75.992,-1.5,79.613,44.957,6.4247
218-5_part_23_tile_13.png,218-5,4,10,63.84,-1.5,67.376,42.411,6.4247
218-5_part_23_tile_14.png,218-5,4,5,77.462,-1.5,44.472,16.73,6.4247
218-5_part_23_tile_14.png,218-5,4,6,71.53,-1.5,51.085,33.918,6.4247
218-5_part_23_tile_14.png,218-5,4,9,61.762,-1.5,61.477,31.848,6.4247
218-5_part_23_tile_14.png,218-5,4,10,73.624,-1.5,76.688,61.538,6.4247
218-5_part_23_tile_14.png,218-5,4,11,68.653,-1.5,75.259,51.349,6.4247
218-5_part_23_tile_14.png,218-5,4,15,67.725,-1.5,36.131,18.773,6.4247
218-5_part_23_tile_15.png,218-5,4,1,62.021,-1.5,71.781,49.083,6.4247
218-5_part_23_tile_15.png,218-5,4,6,60.714,-1.5,67.978,60.36,6.4247
218-5_part_23_tile_15.png,218-5,4,9,75.634,-1.5,79.011,68.85,6.4247
218-5_part_23_tile_16.png,218-5,4,0,60.037,-1.5,63.432,54.589,6.4247
218-5_part_23_tile_16.png,218-5,4,1,61.15,-1.5,67.117,56.488,6.4247
218-5_part_23_tile_16.png,218-5,4,4,65.118,-1.5,68.834,56.517,6.4247
218-5_part_23_tile_16.png,218-5,4,8,73.472,-1.5,78.307,63.731,6.4247
218-5_part_23_tile_16.png,218-5,4,9,66.525,-1.5,58.206,34.422,6.4247
218-5_part_23_tile_16.png,218-5,4,12,80.65,-1.5,79.09,59.298,6.4247
218-5_part_23_tile_16.png,218-5,4,13,63.411,-1.5,46.096,34.163,6.4247
218-5_part_23_tile_16.png,218-5,4,14,61.957,-1.5,73.086,65.808,6.4247
218-5_part_23_tile_2.png,218-5,4,0,69.496,-1.5,70.52,41.97,6.4247
218-5_part_23_tile_2.png,218-5,4,8,79.134,-1.5,13.397,5.826,6.4247
218-5_part_23_tile_3.png,218-5,4,0,60.552,-1.5,24.667,4.114,6.4247
218-5_part_23_tile_3.png,218-5,4,2,80.87,-1.5,63.773,7.787,6.4247
218-5_part_23_tile_3.png,218-5,4,5,67.301,-1.5,55.027,34.099,6.4247
218-5_part_23_tile_4.png,218-5,4,0,67.776,-1.5,70.186,58.542,6.4247
218-5_part_23_tile_4.png,218-5,4,1,61.226,-1.5,67.805,59.379,6.4247
218-5_part_23_tile_4.png,218-5,4,5,65.168,-1.5,66.95,50.286,6.4247
218-5_part_23_tile_4.png,218-5,4,15,60.456,-1.5,26.614,8.368,6.4247
218-5_part_23_tile_5.png,218-5,4,2,73.258,-1.5,44.229,7.493,6.4247
218-5_part_23_tile_5.png,218-5,4,6,67.954,-1.5,65.0,37.134,6.4247
218-5_part_23_tile_5.png,218-5,4,10,65.811,-1.5,72.43,59.12,6.4247
218-5_part_23_tile_5.png,218-5,4,15,62.771,-1.5,58.03,22.427,6.4247
218-5_part_23_tile_6.png,218-5,4,5,69.467,-1.5,64.11,38.616,6.4247
218-5_part_23_tile_6.png,218-5,4,8,67.434,-1.5,72.834,37.634,6.4247
218-5_part_23_tile_7.png,218-5,4,0,62.35,-1.5,17.902,3.947,6.4247
218-5_part_23_tile_7.png,218-5,4,3,63.21,-1.5,65.771,57.528,6.4247
218-5_part_23_tile_7.png,218-5,4,4,62.954,-1.5,67.538,55.602,6.4247
218-5_part_23_tile_7.png,218-5,4,7,68.493,-1.5,63.397,28.888,6.4247
218-5_part_23_tile_7.png,218-5,4,10,75.01,-1.5,84.552,28.462,6.4247
218-5_part_23_tile_7.png,218-5,4,14,82.352,-1.5,62.046,16.902,6.4247
218-5_part_23_tile_7.png,218-5,4,15,85.546,-1.5,37.227,7.384,6.4247
218-5_part_23_tile_8.png,218-5,4,0,64.387,-1.5,59.71,51.483,6.4247
218-5_part_23_tile_8.png,218-5,4,2,62.222,-1.5,63.282,48.144,6.4247
218-5_part_23_tile_8.png,218-5,4,14,79.069,-1.5,64.76,44.795,6.4247
218-5_part_23_tile_8.png,218-5,4,15,72.013,-1.5,21.87,7.621,6.4247
218-5_part_23_tile_9.png,218-5,4,2,65.115,-1.5,43.202,20.067,6.4247
218-5_part_23_tile_9.png,218-5,4,10,60.902,-1.5,68.256,56.186,6.4247
218-5_part_23_tile_9.png,218-5,4,11,62.365,-1.5,19.678,4.235,6.4247
218-5_part_4_tile_1.png,218-5,4,9,61.893,-1.5,12.094,0.0,6.4247
218-5_part_4_tile_4.png,218-5,4,12,68.92,-1.5,1.595,0.397,6.4247
218-5_part_9_tile_11.png,218-5,4,4,62.766,-1.5,45.117,5.126,6.4247
218-5_part_9_tile_2.png,218-5,4,0,64.778,-1.5,72.312,63.23,6.4247
218-5_part_9_tile_3.png,218-5,4,12,81.339,-1.5,6.442,0.168,6.4247
218-5_part_9_tile_4.png,218-5,4,15,61.582,-1.5,26.792,9.216,6.4247
218-5_part_9_tile_9.png,218-5,4,5,61.693,-1.5,66.602,57.757,6.4247
218-6_part_16_tile_10.png,218-6,4,7,67.986,-1.5,69.624,49.322,7.6964
218-6_part_16_tile_11.png,218-6,4,3,68.39,-1.5,13.341,1.406,7.6964
218-6_part_16_tile_13.png,218-6,4,1,74.085,-1.5,71.382,40.085,7.6964
218-6_part_16_tile_13.png,218-6,4,2,60.302,-1.5,69.963,54.784,7.6964
218-6_part_16_tile_13.png,218-6,4,8,83.462,-1.5,34.405,22.765,7.6964
218-6_part_16_tile_2.png,218-6,4,6,60.123,-1.5,65.264,59.696,7.6964
218-6_part_16_tile_2.png,218-6,4,12,84.419,-1.5,89.97,81.558,7.6964
218-6_part_16_tile_3.png,218-6,4,6,64.238,-1.5,71.536,60.269,7.6964
218-6_part_16_tile_4.png,218-6,4,5,74.509,-1.5,86.496,79.048,7.6964
218-6_part_16_tile_8.png,218-6,4,4,62.547,-1.5,62.64,38.821,7.6964
218-6_part_18_tile_10.png,218-6,4,13,62.514,-1.5,5.603,3.694,7.6964
218-6_part_18_tile_11.png,218-6,4,11,63.422,-1.5,59.49,38.173,7.6964
218-6_part_18_tile_12.png,218-6,4,6,82.051,-1.5,88.363,75.928,7.6964
218-6_part_18_tile_12.png,218-6,4,7,79.662,-1.5,86.165,71.286,7.6964
218-6_part_18_tile_13.png,218-6,4,13,75.227,-1.5,54.394,32.147,7.6964
218-6_part_18_tile_13.png,218-6,4,14,80.302,-1.5,38.214,23.344,7.6964
218-6_part_18_tile_15.png,218-6,4,0,73.662,-1.5,80.922,57.298,7.6964
218-6_part_18_tile_15.png,218-6,4,4,72.834,-1.5,70.299,53.493,7.6964
218-6_part_18_tile_15.png,218-6,4,5,73.307,-1.5,50.018,23.648,7.6964
218-6_part_18_tile_15.png,218-6,4,13,63.174,-1.5,61.558,14.738,7.6964
218-6_part_18_tile_15.png,218-6,4,15,62.306,-1.5,57.15,33.229,7.6964
218-6_part_18_tile_16.png,218-6,4,3,61.758,-1.5,62.565,51.752,7.6964
218-6_part_18_tile_4.png,218-6,4,8,64.104,-1.5,59.882,36.272,7.6964
218-6_part_18_tile_4.png,218-6,4,13,65.213,-1.5,85.154,74.235,7.6964
218-6_part_18_tile_4.png,218-6,4,15,60.574,-1.5,72.808,49.051,7.6964
218-6_part_18_tile_5.png,218-6,4,6,70.33,-1.5,61.485,45.694,7.6964
218-6_part_18_tile_6.png,218-6,4,12,70.155,-1.5,0.35,0.077,7.6964
218-6_part_18_tile_9.png,218-6,4,12,68.467,-1.5,72.035,55.966,7.6964
218-6_part_19_tile_1.png,218-6,4,7,71.466,-1.5,78.854,69.04,7.6964
218-6_part_19_tile_10.png,218-6,4,12,67.714,-1.5,17.163,9.483,7.6964
218-6_part_19_tile_10.png,218-6,4,13,66.051,-1.5,70.954,61.952,7.6964
218-6_part_19_tile_11.png,218-6,4,0,76.848,-1.5,84.693,48.978,7.6964
218-6_part_19_tile_11.png,218-6,4,8,64.618,-1.5,71.834,38.499,7.6964
218-6_part_19_tile_15.png,218-6,4,11,65.582,-1.5,69.184,38.73,7.6964
218-6_part_19_tile_3.png,218-6,4,8,79.162,-1.5,25.611,4.438,7.6964
218-6_part_19_tile_3.png,218-6,4,9,69.779,-1.5,39.818,29.829,7.6964
218-6_part_19_tile_3.png,218-6,4,11,71.816,-1.5,76.378,55.056,7.6964
218-6_part_19_tile_3.png,218-6,4,13,70.514,-1.5,60.418,21.926,7.6964
218-6_part_19_tile_6.png,218-6,4,2,68.03,-1.5,73.834,66.733,7.6964
218-6_part_19_tile_6.png,218-6,4,5,60.278,-1.5,64.922,48.837,7.6964
218-6_part_19_tile_6.png,218-6,4,9,77.454,-1.5,80.728,58.584,7.6964
218-6_part_19_tile_6.png,218-6,4,13,78.923,-1.5,29.837,13.947,7.6964
218-6_part_19_tile_6.png,218-6,4,14,74.026,-1.5,73.698,53.821,7.6964
218-6_part_19_tile_7.png,218-6,4,3,71.139,-1.5,39.782,19.909,7.6964
218-6_part_19_tile_7.png,218-6,4,11,80.714,-1.5,81.598,29.888,7.6964
218-6_part_19_tile_8.png,218-6,4,15,72.211,-1.5,56.982,30.139,7.6964
218-6_part_1_tile_1.png,218-6,4,12,77.304,-1.5,24.403,6.909,7.6964
218-6_part_1_tile_10.png,218-6,4,5,75.797,-1.5,54.467,19.101,7.6964
218-6_part_1_tile_10.png,218-6,4,15,63.288,-1.5,65.234,44.848,7.6964
218-6_part_1_tile_12.png,218-6,4,5,60.97,-1.5,64.336,50.773,7.6964
218-6_part_1_tile_12.png,218-6,4,8,66.461,-1.5,71.573,46.584,7.6964
218-6_part_1_tile_13.png,218-6,4,13,60.613,-1.5,64.715,57.458,7.6964
218-6_part_1_tile_14.png,218-6,4,6,62.632,-1.5,60.597,47.75,7.6964
218-6_part_1_tile_14.png,218-6,4,11,70.014,-1.5,76.272,36.376,7.6964
218-6_part_1_tile_15.png,218-6,4,6,61.926,-1.5,67.605,60.278,7.6964
218-6_part_1_tile_16.png,218-6,4,0,63.878,-1.5,67.899,61.35,7.6964
218-6_part_1_tile_16.png,218-6,4,1,60.288,-1.5,52.944,21.314,7.6964
218-6_part_1_tile_16.png,218-6,4,2,61.352,-1.5,51.96,41.648,7.6964
218-6_part_1_tile_16.png,218-6,4,3,63.821,-1.5,46.55,5.253,7.6964
218-6_part_1_tile_16.png,218-6,4,9,64.85,-1.5,70.89,49.637,7.6964
218-6_part_1_tile_16.png,218-6,4,13,62.314,-1.5,69.53,54.75,7.6964
218-6_part_1_tile_2.png,218-6,4,13,62.762,-1.5,43.067,11.952,7.6964
218-6_part_1_tile_3.png,218-6,4,1,64.189,-1.5,68.789,55.566,7.6964
218-6_part_1_tile_3.png,218-6,4,15,74.765,-1.5,35.859,13.613,7.6964
218-6_part_1_tile_4.png,218-6,4,3,74.57,-1.5,32.747,15.53,7.6964
218-6_part_1_tile_5.png,218-6,4,8,66.678,-1.5,18.806,10.733,7.6964
218-6_part_1_tile_5.png,218-6,4,9,60.144,-1.5,55.019,37.038,7.6964
218-6_part_1_tile_7.png,218-6,4,4,66.066,-1.5,66.525,17.877,7.6964
218-6_part_1_tile_7.png,218-6,4,9,69.264,-1.5,75.126,55.592,7.6964
218-6_part_1_tile_7.png,218-6,4,13,62.286,-1.5,62.798,35.874,7.6964
218-6_part_1_tile_8.png,218-6,4,1,61.978,-1.5,66.926,55.666,7.6964
218-6_part_1_tile_9.png,218-6,4,15,85.261,-1.5,63.574,37.12,7.6964
218-6_part_25_tile_10.png,218-6,4,3,70.656,-1.5,2.738,0.435,7.6964
218-6_part_25_tile_13.png,218-6,4,8,81.163,-1.5,43.742,18.87,7.6964
218-6_part_25_tile_13.png,218-6,4,10,72.614,-1.5,77.627,72.403,7.6964
218-6_part_25_tile_15.png,218-6,4,6,68.042,-1.5,77.646,53.941,7.6964
218-6_part_25_tile_15.png,218-6,4,10,66.682,-1.5,69.666,43.69,7.6964
218-6_part_25_tile_16.png,218-6,4,8,65.322,-1.5,67.043,28.941,7.6964
218-6_part_25_tile_2.png,218-6,4,1,82.957,-1.5,40.931,29.715,7.6964
218-6_part_25_tile_2.png,218-6,4,2,80.842,-1.5,86.512,73.686,7.6964
218-6_part_25_tile_2.png,218-6,4,8,67.814,-1.5,46.528,19.435,7.6964
218-6_part_25_tile_6.png,218-6,4,0,60.454,-1.5,61.758,39.523,7.6964
218-6_part_25_tile_6.png,218-6,4,2,67.12,-1.5,73.102,64.696,7.6964
218-6_part_25_tile_6.png,218-6,4,5,68.411,-1.5,64.218,56.213,7.6964
218-6_part_25_tile_8.png,218-6,4,9,69.691,-1.5,70.949,49.381,7.6964
218-6_part_25_tile_8.png,218-6,4,10,61.709,-1.5,66.334,41.565,7.6964
218-6_part_25_tile_9.png,218-6,4,11,77.266,-1.5,82.288,50.694,7.6964
218-6_part_25_tile_9.png,218-6,4,15,63.795,-1.5,22.429,12.259,7.6964
218-6_part_3_tile_10.png,218-6,4,4,75.304,-1.5,71.749,47.925,7.6964
218-6_part_3_tile_10.png,218-6,4,5,66.147,-1.5,75.139,66.75,7.6964
218-6_part_3_tile_11.png,218-6,4,12,61.97,-1.5,68.138,31.587,7.6964
218-6_part_3_tile_12.png,218-6,4,0,67.835,-1.5,75.834,56.339,7.6964
218-6_part_3_tile_12.png,218-6,4,14,72.587,-1.5,77.093,64.242,7.6964
218-6_part_3_tile_13.png,218-6,4,3,73.912,-1.5,83.8,72.726,7.6964
218-6_part_3_tile_13.png,218-6,4,5,68.946,-1.5,62.701,48.547,7.6964
218-6_part_3_tile_13.png,218-6,4,6,73.882,-1.5,83.558,74.678,7.6964
218-6_part_3_tile_13.png,218-6,4,8,61.744,-1.5,64.832,46.504,7.6964
218-6_part_3_tile_14.png,218-6,4,15,65.499,-1.5,65.344,26.024,7.6964
218-6_part_3_tile_15.png,218-6,4,2,72.208,-1.5,80.136,67.606,7.6964
218-6_part_3_tile_15.png,218-6,4,7,74.091,-1.5,79.24,70.12,7.6964
218-6_part_3_tile_15.png,218-6,4,9,87.264,-1.5,85.709,59.096,7.6964
218-6_part_3_tile_15.png,218-6,4,11,72.854,-1.5,82.387,75.186,7.6964
218-6_part_3_tile_15.png,218-6,4,12,85.838,-1.5,88.784,61.896,7.6964
218-6_part_3_tile_15.png,218-6,4,13,70.293,-1.5,75.176,49.563,7.6964
218-6_part_3_tile_15.png,218-6,4,14,73.208,-1.5,81.283,53.422,7.6964
218-6_part_3_tile_15.png,218-6,4,15,75.443,-1.5,80.418,59.779,7.6964
218-6_part_3_tile_16.png,218-6,4,1,73.458,-1.5,76.467,58.17,7.6964
218-6_part_3_tile_16.png,218-6,4,2,65.422,-1.5,75.379,65.115,7.6964
218-6_part_3_tile_16.png,218-6,4,6,85.774,-1.5,83.526,61.962,7.6964
218-6_part_3_tile_16.png,218-6,4,7,80.754,-1.5,75.973,62.808,7.6964
218-6_part_3_tile_16.png,218-6,4,8,64.35,-1.5,69.768,58.126,7.6964
218-6_part_3_tile_16.png,218-6,4,9,78.981,-1.5,59.318,42.914,7.6964
218-6_part_3_tile_16.png,218-6,4,10,81.611,-1.5,89.386,63.923,7.6964
218-6_part_3_tile_16.png,218-6,4,11,72.338,-1.5,71.597,55.882,7.6964
218-6_part_3_tile_16.png,218-6,4,12,64.44,-1.5,37.73,16.882,7.6964
218-6_part_3_tile_2.png,218-6,4,14,62.109,-1.5,21.16,9.053,7.6964
218-6_part_3_tile_4.png,218-6,4,12,65.661,-1.5,36.299,18.842,7.6964
218-6_part_3_tile_5.png,218-6,4,1,79.464,-1.5,25.037,11.987,7.6964
218-6_part_3_tile_5.png,218-6,4,3,67.347,-1.5,52.87,22.611,7.6964
218-6_part_3_tile_5.png,218-6,4,4,79.211,-1.5,82.344,67.624,7.6964
218-6_part_3_tile_5.png,218-6,4,7,65.912,-1.5,64.949,52.474,7.6964
218-6_part_3_tile_5.png,218-6,4,8,72.998,-1.5,72.63,52.026,7.6964
218-6_part_3_tile_6.png,218-6,4,4,79.576,-1.5,83.357,45.299,7.6964
218-6_part_3_tile_6.png,218-6,4,7,68.563,-1.5,42.429,26.432,7.6964
218-6_part_3_tile_6.png,218-6,4,8,65.834,-1.5,71.914,50.651,7.6964
218-6_part_3_tile_8.png,218-6,4,0,70.022,-1.5,16.488,8.126,7.6964
218-6_part_3_tile_8.png,218-6,4,15,63.856,-1.5,30.187,15.197,7.6964
218-6_part_3_tile_9.png,218-6,4,3,64.522,-1.5,71.362,48.55,7.6964
