image_sha256,frac,mean_pct,sd_pct,n_crops,dataset
01b0e579a49886608d5c4685705ce27b5e45db3034650a05a1feeb053ba31fd6,0.25,0.00375,0.010606601717798212,8,evican_eval2019
01b0e579a49886608d5c4685705ce27b5e45db3034650a05a1feeb053ba31fd6,0.5,0.0,0.0,8,evican_eval2019
034cf78d6ed5476c1c434f3291b07de6ea01c4b52f36886192eef9e992091559,0.25,1.18875,0.706145219787383,8,autoqc_bench_test
034cf78d6ed5476c1c434f3291b07de6ea01c4b52f36886192eef9e992091559,0.5,1.7175,0.21697596970303284,8,autoqc_bench_test
035296cad8926e2a6d2217719d83fda5b7c2aae60053c19b9c3267793b21d1d4,0.25,4.98375,3.046927902471134,8,autoqc_bench_test
035296cad8926e2a6d2217719d83fda5b7c2aae60053c19b9c3267793b21d1d4,0.5,11.75,9.75441584983071,8,autoqc_bench_test
04adb2fd9fd67f7207c6752159b57265193b4e4b9f567ed3004dff18126fb809,0.25,8.67375,3.4767346646776804,8,autoqc_bench_test
04adb2fd9fd67f7207c6752159b57265193b4e4b9f567ed3004dff18126fb809,0.5,8.91875,0.6749484107269657,8,autoqc_bench_test
04f6c898445cd8311f1cfd8216f66005289c747f12ba122f87bc91742cf06b62,0.25,2.88375,1.146982843314207,8,autoqc_bench_test
04f6c898445cd8311f1cfd8216f66005289c747f12ba122f87bc91742cf06b62,0.5,2.9575,0.3274032027070859,8,autoqc_bench_test
0605d92e5d8010448ae58eb158d45934812f39183d73b28f8e14613bdbe0bdea,0.25,1.44625,2.6541446698647437,8,evican_eval2019
0605d92e5d8010448ae58eb158d45934812f39183d73b28f8e14613bdbe0bdea,0.5,8.17875,3.7538720485843493,8,evican_eval2019
0a5793fbb90fd5448e074a3081a6c86869b81714177758927d7edc6ce4c1a0e3,0.25,10.72125,29.85790177179712,8,evican_eval2019
0a5793fbb90fd5448e074a3081a6c86869b81714177758927d7edc6ce4c1a0e3,0.5,0.355,0.5266606389046257,8,evican_eval2019
0a7fadd0e2a89cfe8cdc892cc326c61eb48e615d04cef0585aa513bece085b35,0.25,16.83,34.22552723166897,8,evican_eval2019
0a7fadd0e2a89cfe8cdc892cc326c61eb48e615d04cef0585aa513bece085b35,0.5,17.502499999999998,16.995808516891955,8,evican_eval2019
0ae34d57532b040e9c3c6c660351fab5a55cda5c3e3ffbb091ba2b760a62a3cc,0.25,2.5675,0.8367923449526942,8,autoqc_bench_test
0ae34d57532b040e9c3c6c660351fab5a55cda5c3e3ffbb091ba2b760a62a3cc,0.5,6.936249999999999,7.2570870533568765,8,autoqc_bench_test
0b06320abc631685f3af4dc3f0b4c612d5fd480acf4d14a6f1f083e6a4f1f782,0.25,3.68375,0.5659615711335886,8,autoqc_bench_test
0b06320abc631685f3af4dc3f0b4c612d5fd480acf4d14a6f1f083e6a4f1f782,0.5,5.06875,2.695866876217317,8,autoqc_bench_test
0b567ad35d77e1bf1af11d603884c068c35d7a6c0d0c190eb8253ae511dad8f0,0.25,0.01125,0.031819805153394644,8,evican_eval2019
0b567ad35d77e1bf1af11d603884c068c35d7a6c0d0c190eb8253ae511dad8f0,0.5,0.0,0.0,8,evican_eval2019
0ba22b2333d1e988989d36983a34c4f140953950ac1d439cc415f4b553153579,0.25,3.83,1.6169017992974801,8,autoqc_bench_test
0ba22b2333d1e988989d36983a34c4f140953950ac1d439cc415f4b553153579,0.5,4.55875,0.9177680612691391,8,autoqc_bench_test
0c3bda6108105097f3b93304339f9893944c2f6eb152c8aef2da952f930a9916,0.25,0.0625,0.1767766952966369,8,evican_eval2019
0c3bda6108105097f3b93304339f9893944c2f6eb152c8aef2da952f930a9916,0.5,3.22875,5.97861770335394,8,evican_eval2019
0ce422b77e5e42d05d6cb68f9d07b6006bc3c77a51ef2a2faa72fc19a609486e,0.25,13.7425,32.01664243572619,8,evican_eval2019
0ce422b77e5e42d05d6cb68f9d07b6006bc3c77a51ef2a2faa72fc19a609486e,0.5,8.182500000000001,9.997016340603114,8,evican_eval2019
0e89b50960dbcbeccbdb8a3e7725163735c11d09680a20f545a90cb5df736ba0,0.25,1.46125,3.004807754725274,8,evican_eval2019
0e89b50960dbcbeccbdb8a3e7725163735c11d09680a20f545a90cb5df736ba0,0.5,35.085,8.578233251333616,8,evican_eval2019
0f14b9423d122e9024d904aa766a3b09cf5b7ad9abf105bc12a41f2a17a6d169,0.25,0.0,0.0,8,evican_eval2019
0f14b9423d122e9024d904aa766a3b09cf5b7ad9abf105bc12a41f2a17a6d169,0.5,8.03875,9.233741599621002,8,evican_eval2019
0f3338610463210f6abb56b8321bd87309baf1b5441f9e9e4ab37c8c4abea18d,0.25,2.53375,1.2591826997813194,8,autoqc_bench_test
0f3338610463210f6abb56b8321bd87309baf1b5441f9e9e4ab37c8c4abea18d,0.5,2.4075,0.3358890122814806,8,autoqc_bench_test
0fe9dc34d56212ee09587a3f41d5cfc8aef75fbbb21f0067fb121bf6c0298e10,0.25,4.8774999999999995,8.971174075098213,8,evican_eval2019
0fe9dc34d56212ee09587a3f41d5cfc8aef75fbbb21f0067fb121bf6c0298e10,0.5,7.235,4.892641705371737,8,evican_eval2019
10255747cbeffaedbe0d024e96a591baf7badee25258cb6e660f4dfdfde636c1,0.25,4.43,1.3253786520947783,8,autoqc_bench_test
10255747cbeffaedbe0d024e96a591baf7badee25258cb6e660f4dfdfde636c1,0.5,4.35625,0.5675998968086083,8,autoqc_bench_test
109bf0de4738fd849e991d24e4960c9872c466b15f1a82ad2f6e3342d21ee3bb,0.25,0.19,0.359682399585285,8,evican_eval2019
109bf0de4738fd849e991d24e4960c9872c466b15f1a82ad2f6e3342d21ee3bb,0.5,3.43375,3.936789618458167,8,evican_eval2019
1161e19f25a94651ff32db1627ed51a3c2048443d7a2b2366cfaa10f27c741e0,0.25,4.7725,3.8321748767135206,8,autoqc_bench_test
1161e19f25a94651ff32db1627ed51a3c2048443d7a2b2366cfaa10f27c741e0,0.5,4.5912500000000005,0.8782846512215892,8,autoqc_bench_test
120762750d318950248b4cc0283433f49d999b7812b55140c8b5e9dec02024b1,0.25,0.3375,0.33298434111617237,8,autoqc_bench_test
120762750d318950248b4cc0283433f49d999b7812b55140c8b5e9dec02024b1,0.5,0.24625,0.059024813184190346,8,autoqc_bench_test
122ebcd453e92930ed749588ee24ceb623ecc118d6fe679707885758b806920c,0.25,16.6025,34.006408954783794,8,evican_eval2019
122ebcd453e92930ed749588ee24ceb623ecc118d6fe679707885758b806920c,0.5,1.7175,2.429701627772431,8,evican_eval2019
123f02a70a3fd75d6fdf2b91013c017c35f1060f2f1011b28880e85ba17db96c,0.25,5.36,2.9379438874345927,8,autoqc_bench_test
123f02a70a3fd75d6fdf2b91013c017c35f1060f2f1011b28880e85ba17db96c,0.5,5.6175,0.3513138604886358,8,autoqc_bench_test
12b0dba5a256d8b1ecb27a73da5bfc0ff3beaff2d5754e153aac6b349d12709a,0.25,0.0,0.0,8,evican_eval2019
12b0dba5a256d8b1ecb27a73da5bfc0ff3beaff2d5754e153aac6b349d12709a,0.5,7.76,6.513528778078527,8,evican_eval2019
14522804fde96e9f51ef94d43e992ec50fd2bfde5c0a182591225a34f70fc697,0.25,3.0700000000000003,1.8240927294724592,8,autoqc_bench_test
14522804fde96e9f51ef94d43e992ec50fd2bfde5c0a182591225a34f70fc697,0.5,3.83125,0.2744572566252998,8,autoqc_bench_test
147904548c5c5266046d3c6760ebad0e3e0c055f93ccbc09dd84c5f402b74a76,0.25,3.4625,1.1357407903466101,8,autoqc_bench_test
147904548c5c5266046d3c6760ebad0e3e0c055f93ccbc09dd84c5f402b74a76,0.5,3.54625,0.6337177717925497,8,autoqc_bench_test
15b10183c8c00c03fb92389ed14a8ef358a33b1deac12e1a37528443c648e39f,0.25,21.5675,39.939044895225734,8,evican_eval2019
15b10183c8c00c03fb92389ed14a8ef358a33b1deac12e1a37528443c648e39f,0.5,4.123749999999999,5.616363687603267,8,evican_eval2019
1632001a6a19e82d0c456890e7bbb02dec560f78b1f68eed6caf2cd9d72670fc,0.25,0.5625,0.46086099546702486,8,autoqc_bench_test
1632001a6a19e82d0c456890e7bbb02dec560f78b1f68eed6caf2cd9d72670fc,0.5,0.2025,0.08013381665332416,8,autoqc_bench_test
16b25b4429b4a8dd31209f2b52d125d5bfdbbda17f230fc89c745ba84a084ed9,0.25,64.105,32.96793290456652,8,evican_eval2019
16b25b4429b4a8dd31209f2b52d125d5bfdbbda17f230fc89c745ba84a084ed9,0.5,14.445,20.553039399841296,8,evican_eval2019
16c22ebbc5e47b57355f1a4606f53e045fbf616447fb671bc32b5ca3195f83a6,0.25,3.48625,2.4592039217135753,8,evican_eval2019
16c22ebbc5e47b57355f1a4606f53e045fbf616447fb671bc32b5ca3195f83a6,0.5,10.401250000000001,7.8089114615473605,8,evican_eval2019
18f6d85f2cf44f4910f8bef16afb042219cdd193325b78c761963b87c94e14e0,0.25,2.01625,5.261322314779812,8,evican_eval2019
18f6d85f2cf44f4910f8bef16afb042219cdd193325b78c761963b87c94e14e0,0.5,0.0,0.0,8,evican_eval2019
19e37d5af0f8befabb5dc3e55ad23a18c821e6a25769f8fcf3d73244637fac6d,0.25,3.1125,2.2247744669002807,8,autoqc_bench_test
19e37d5af0f8befabb5dc3e55ad23a18c821e6a25769f8fcf3d73244637fac6d,0.5,4.0675,0.7098440472586716,8,autoqc_bench_test
1bc4d7587d7a345d53dedf85f36b4b92e512dc4110c02594bc1af2238c88955c,0.25,0.07125,0.20152543263816602,8,evican_eval2019
1bc4d7587d7a345d53dedf85f36b4b92e512dc4110c02594bc1af2238c88955c,0.5,0.0,0.0,8,evican_eval2019
1dd8e1d3cf9e0e516d9cb9483aed16da14df43c760fd9f64882f4de03e6e20c5,0.25,1.5237500000000002,0.5989261223222778,8,autoqc_bench_test
1dd8e1d3cf9e0e516d9cb9483aed16da14df43c760fd9f64882f4de03e6e20c5,0.5,1.8575,0.22606888962690738,8,autoqc_bench_test
2171c49ce6af7d757e5733d8e308c8eedb2798e63a0cd16c6003760fbd73761f,0.25,0.8150000000000001,0.4342481186734476,8,autoqc_bench_test
2171c49ce6af7d757e5733d8e308c8eedb2798e63a0cd16c6003760fbd73761f,0.5,0.99125,0.14769055487741928,8,autoqc_bench_test
22607a311c4f50c4a3c3f7906143c581662d34486fc3a92a5868ecf6c5c4656e,0.25,8.7375,24.576173565932862,8,evican_eval2019
22607a311c4f50c4a3c3f7906143c581662d34486fc3a92a5868ecf6c5c4656e,0.5,1.99875,5.568645481622976,8,evican_eval2019
266804f1f75a7aa604b450cb18e66786f4ecacfddeac00fb2769a8996bd106d7,0.25,2.09,1.5344612828518773,8,autoqc_bench_test
266804f1f75a7aa604b450cb18e66786f4ecacfddeac00fb2769a8996bd106d7,0.5,3.43125,0.2994488985739349,8,autoqc_bench_test
26cd6d64a19a1511a63df3e4194deeb81c20dcfe30ccaa19a6552981cb4419a1,0.25,4.07375,1.532616227240205,8,autoqc_bench_test
26cd6d64a19a1511a63df3e4194deeb81c20dcfe30ccaa19a6552981cb4419a1,0.5,17.462500000000002,11.902425623136056,8,autoqc_bench_test
2822c00e919272d2e879ce6c6d2e188d19b5dae70abcfe0e4a04c903b0c923c7,0.25,1.53125,0.9979613147383448,8,autoqc_bench_test
2822c00e919272d2e879ce6c6d2e188d19b5dae70abcfe0e4a04c903b0c923c7,0.5,1.09125,0.16625604178065664,8,autoqc_bench_test
2b3fbaf7dd49b91ff11a0785b42c25fd29193ba959118114c5cf7d3a40388239,0.25,0.0,0.0,8,evican_eval2019
2b3fbaf7dd49b91ff11a0785b42c25fd29193ba959118114c5cf7d3a40388239,0.5,0.0,0.0,8,evican_eval2019
2cd6f9d418360cde8db11f5bccace54c0562e0b66b33349a30fe9e384ceef4e9,0.25,36.26,50.11585662955673,8,evican_eval2019
2cd6f9d418360cde8db11f5bccace54c0562e0b66b33349a30fe9e384ceef4e9,0.5,0.0,0.0,8,evican_eval2019
2df74651e0aacac2b7d3ccdd69064208f3542ca74efa6d5ddd51ae80b9a459a1,0.25,1.05375,0.4579749681244286,8,autoqc_bench_test
2df74651e0aacac2b7d3ccdd69064208f3542ca74efa6d5ddd51ae80b9a459a1,0.5,0.88875,0.13410417059669907,8,autoqc_bench_test
2eae9550a4e57135cdfee96a8f65509ac2e951ace2f6097b6afa9d13a494dea3,0.25,0.16875,0.18901530550271772,8,autoqc_bench_test
2eae9550a4e57135cdfee96a8f65509ac2e951ace2f6097b6afa9d13a494dea3,0.5,0.605,0.10783585409580357,8,autoqc_bench_test
2fa4c29da6069197e9965eda4273db1781a84601ac8824c2e55c4c6cb12e58c6,0.25,0.03125,0.08838834764831845,8,evican_eval2019
2fa4c29da6069197e9965eda4273db1781a84601ac8824c2e55c4c6cb12e58c6,0.5,0.155,0.43437968908054886,8,evican_eval2019
2fe08030ff762719105ed5c428345aa63d9d05882a271e3589b592f8ad654dc4,0.25,1.885,0.8598504853419908,8,autoqc_bench_test
2fe08030ff762719105ed5c428345aa63d9d05882a271e3589b592f8ad654dc4,0.5,2.0100000000000002,0.33572948293869825,8,autoqc_bench_test
302df0fa1c7acc2cf5e1ceb0ef3e26441a2522ccb9f66a1a0c115ce2fde83796,0.25,6.62125,1.5904845398269583,8,autoqc_bench_test
302df0fa1c7acc2cf5e1ceb0ef3e26441a2522ccb9f66a1a0c115ce2fde83796,0.5,6.29875,0.808410035634322,8,autoqc_bench_test
327b8e128343d3bb64c727408db68030fd16d097f48e4a5a19035d5f5ca4602a,0.25,1.6837499999999999,0.6825987631314399,8,autoqc_bench_test
327b8e128343d3bb64c727408db68030fd16d097f48e4a5a19035d5f5ca4602a,0.5,1.87375,0.4898086361018966,8,autoqc_bench_test
34f99129430c5a81cf4ee2daa55d6077234b0e44a5e565ff694ef010e9049bec,0.25,4.23875,0.5649130780166854,8,autoqc_bench_test
34f99129430c5a81cf4ee2daa55d6077234b0e44a5e565ff694ef010e9049bec,0.5,4.005,0.4250378134438663,8,autoqc_bench_test
34fe8666b5df252b92825df2e879c75c5c2a1c80642d5540c972b22667cbf9ea,0.25,1.3812499999999999,3.7904256734190533,8,evican_eval2019
34fe8666b5df252b92825df2e879c75c5c2a1c80642d5540c972b22667cbf9ea,0.5,13.78375,18.92023250951969,8,evican_eval2019
3646dd88048730c7cefd85f369ae55c203fb34d9916b450de695b7fd5ed9170b,0.25,8.01625,2.2068590316815175,8,autoqc_bench_test
3646dd88048730c7cefd85f369ae55c203fb34d9916b450de695b7fd5ed9170b,0.5,7.3100000000000005,1.4441309794178245,8,autoqc_bench_test
3665513f490d067de509516ab8a0aef173f745bf45367109676f6aa04329fc8a,0.25,6.1775,1.808865074333312,8,autoqc_bench_test
3665513f490d067de509516ab8a0aef173f745bf45367109676f6aa04329fc8a,0.5,5.26375,0.480652458346242,8,autoqc_bench_test
373c18c0466b35ff0c5663f7957fd36655e4efca487421d15e92ea71478d7330,0.25,3.4375,1.0505474763188953,8,autoqc_bench_test
373c18c0466b35ff0c5663f7957fd36655e4efca487421d15e92ea71478d7330,0.5,4.21375,0.26202167304033674,8,autoqc_bench_test
37490307420b73e9795f34a43a069dc9f3fa954700868ea49f1e3ae742038062,0.25,3.98375,0.6922827147508865,8,autoqc_bench_test
37490307420b73e9795f34a43a069dc9f3fa954700868ea49f1e3ae742038062,0.5,4.1375,0.3346533387594649,8,autoqc_bench_test
382ae13d3b41a8a4b83c30383cec27a15ef94ac6d5486e2ac7b8814f2ec4fb37,0.25,0.60125,0.5162623225786341,8,autoqc_bench_test
382ae13d3b41a8a4b83c30383cec27a15ef94ac6d5486e2ac7b8814f2ec4fb37,0.5,0.25375,0.211453304537905,8,autoqc_bench_test
387123ff294b36f5fc631aafbd57e02790aab69e1a88b111baee390223731fff,0.25,3.14625,0.5842929182231411,8,autoqc_bench_test
387123ff294b36f5fc631aafbd57e02790aab69e1a88b111baee390223731fff,0.5,2.82875,0.26744492089827715,8,autoqc_bench_test
3909fa3f9a1ae7ba9ee9fc8626e8ad7e5efb85e173e5b083b6b880c1a9b417a2,0.25,6.4125,1.2622966597210252,8,autoqc_bench_test
3909fa3f9a1ae7ba9ee9fc8626e8ad7e5efb85e173e5b083b6b880c1a9b417a2,0.5,5.53625,0.3772811570017398,8,autoqc_bench_test
39f512178c12a9fa6ebaf814d4a5457d78ed54a0180f7395717729787ef5a685,0.25,14.9975,33.927755072885596,8,autoqc_bench_test
39f512178c12a9fa6ebaf814d4a5457d78ed54a0180f7395717729787ef5a685,0.5,4.5337499999999995,2.9685587532384416,8,autoqc_bench_test
3b628de1763259854f53669647be0b5e4beccc5fff2741decded2580b890ad67,0.25,1.3725,2.3260189779351084,8,autoqc_bench_test
3b628de1763259854f53669647be0b5e4beccc5fff2741decded2580b890ad67,0.5,1.4025,1.1690869453185617,8,autoqc_bench_test
3b893d90edb621658fa96c0a4311319f975e6c3c0c33288272dcf2bdb3f09b1e,0.25,3.63375,1.3069259187661926,8,autoqc_bench_test
3b893d90edb621658fa96c0a4311319f975e6c3c0c33288272dcf2bdb3f09b1e,0.5,3.52875,0.4616256213488526,8,autoqc_bench_test
3e6c37fd0499434fe4777c1eff63b3ffa0a59e6fb711ecb7d915e7ba9aeae69e,0.25,5.30375,1.244151317163632,8,autoqc_bench_test
3e6c37fd0499434fe4777c1eff63b3ffa0a59e6fb711ecb7d915e7ba9aeae69e,0.5,5.42625,0.6129072989799168,8,autoqc_bench_test
3f4c1ec88ce0e884c11b075263ea6bfd135efa47ce485380bcd7f61a1c5f423e,0.25,1.9975,1.2199268127930578,8,autoqc_bench_test
3f4c1ec88ce0e884c11b075263ea6bfd135efa47ce485380bcd7f61a1c5f423e,0.5,2.135,0.31085136549253173,8,autoqc_bench_test
3fad46bd589ca581db2f7b680191bb9cd4f32d3c2c9af731424a754eb7f7a44d,0.25,24.48375,36.107354192542466,8,evican_eval2019
3fad46bd589ca581db2f7b680191bb9cd4f32d3c2c9af731424a754eb7f7a44d,0.5,34.53125,27.318603518743153,8,evican_eval2019
4017ec2466f5816640446da989ed5fd125b2c053ab47b5995c4b41306001a2f3,0.25,3.85,1.1629027720075555,8,autoqc_bench_test
4017ec2466f5816640446da989ed5fd125b2c053ab47b5995c4b41306001a2f3,0.5,4.8375,0.42704131616775165,8,autoqc_bench_test
416325b251885f55b8161e4a314d458aa76c4263539375fb5042cdacf136b631,0.25,4.04125,1.7802843873943286,8,autoqc_bench_test
416325b251885f55b8161e4a314d458aa76c4263539375fb5042cdacf136b631,0.5,3.39375,0.7306736128884281,8,autoqc_bench_test
436955cb219003d713b49245ea71f79c03f1356322bba079476aac94afae57a6,0.25,0.23875000000000002,0.18357073373965221,8,autoqc_bench_test
436955cb219003d713b49245ea71f79c03f1356322bba079476aac94afae57a6,0.5,0.12375,0.047790465277381136,8,autoqc_bench_test
44a89ab7c0c35f974873a7468700a43b2c06c2313bdf880300c43988554c3e90,0.25,0.11875,0.17537205348303686,8,autoqc_bench_test
44a89ab7c0c35f974873a7468700a43b2c06c2313bdf880300c43988554c3e90,0.5,1.56,3.808449253211301,8,autoqc_bench_test
452663d7752ddfc155190904b86ebe56e0f66f20ea6862b011d853f2d7528c5e,0.25,1.49,1.0417841838472524,8,autoqc_bench_test
452663d7752ddfc155190904b86ebe56e0f66f20ea6862b011d853f2d7528c5e,0.5,1.1075,0.40682569099940447,8,autoqc_bench_test
45eb1ac84c0e907114fb5470e553caccef2a438e0ff13cab1f229bfa1addea3a,0.25,0.57,0.603750184856523,8,autoqc_bench_test
45eb1ac84c0e907114fb5470e553caccef2a438e0ff13cab1f229bfa1addea3a,0.5,0.9025,0.49839026589898117,8,autoqc_bench_test
466180daa04a72640a741d5c971da1b972f6c7c4314d3d6ea7a63ada48d65057,0.25,0.16625,0.47022600948905413,8,autoqc_bench_test
466180daa04a72640a741d5c971da1b972f6c7c4314d3d6ea7a63ada48d65057,0.5,0.085,0.11735173015950201,8,autoqc_bench_test
468b5f1258f10230ebe3c2d19a5d15a41c96ca9d8cca953c4af01e403d162cc7,0.25,0.66625,1.0816909711848655,8,autoqc_bench_test
468b5f1258f10230ebe3c2d19a5d15a41c96ca9d8cca953c4af01e403d162cc7,0.5,0.7325,0.23974689034181745,8,autoqc_bench_test
4835faf3d2b71c5384265ca7f35ebd96e2b972486600f7daf9c74e1f92748781,0.25,0.49125,0.28382275656271316,8,autoqc_bench_test
4835faf3d2b71c5384265ca7f35ebd96e2b972486600f7daf9c74e1f92748781,0.5,0.445,0.21071307505705478,8,autoqc_bench_test
49e80e169938b87003b01684b3a1f6e3ac48c707d9a1656aaafb7d9d9809c709,0.25,10.44375,22.996438815918555,8,autoqc_bench_test
49e80e169938b87003b01684b3a1f6e3ac48c707d9a1656aaafb7d9d9809c709,0.5,84.1125,18.97090686137215,8,autoqc_bench_test
4c9bdd992f5bcf3a001f6eb78367cc6e34c0df0c4c624125942e1a2279a4f203,0.25,10.0775,10.16917857337272,8,autoqc_bench_test
4c9bdd992f5bcf3a001f6eb78367cc6e34c0df0c4c624125942e1a2279a4f203,0.5,23.38375,6.074673271637154,8,autoqc_bench_test
4cd9db62d79c83d0dec4c4f5b061ede4cdead61c5a3889c3be0a764eebe5b087,0.25,0.09125,0.20406144032759208,8,evican_eval2019
4cd9db62d79c83d0dec4c4f5b061ede4cdead61c5a3889c3be0a764eebe5b087,0.5,3.87,9.265957663866775,8,evican_eval2019
4cf384a13f7e6f481e246ba736a9e5f01ee8c682c60d9380b635591e302fdb73,0.25,9.1525,3.065400230219305,8,autoqc_bench_test
4cf384a13f7e6f481e246ba736a9e5f01ee8c682c60d9380b635591e302fdb73,0.5,9.0625,1.4430696448889773,8,autoqc_bench_test
4db1c75dc6fe628dca869804ff3078c706355e1f4b5a67adba522e1d1b843b90,0.25,0.5050000000000001,0.9389812108267739,8,evican_eval2019
4db1c75dc6fe628dca869804ff3078c706355e1f4b5a67adba522e1d1b843b90,0.5,0.92375,2.612759556484293,8,evican_eval2019
4dfd3da8a44cb9208ccc1ce1ad7eae2bf54b31bb430c0273228db5ccb3859469,0.25,3.3575,1.1899549811412435,8,autoqc_bench_test
4dfd3da8a44cb9208ccc1ce1ad7eae2bf54b31bb430c0273228db5ccb3859469,0.5,4.1000000000000005,1.2712198865656563,8,autoqc_bench_test
4e283131742832326d95dae0d4c5c4d0a7ea17d13c4487d93a3fa1c6c744df5a,0.25,1.5399999999999998,4.307495128925195,8,evican_eval2019
4e283131742832326d95dae0d4c5c4d0a7ea17d13c4487d93a3fa1c6c744df5a,0.5,4.9275,3.902430561293088,8,evican_eval2019
50825b766d7dbd8e7e6c9571ce9a9bf1839232dd5468971c9bf97b9b3175af34,0.25,5.00125,5.127796623725019,8,autoqc_bench_test
50825b766d7dbd8e7e6c9571ce9a9bf1839232dd5468971c9bf97b9b3175af34,0.5,5.49125,2.3204890956126345,8,autoqc_bench_test
517db38dd3963c663c84be909c02cd298a37184f363ef21eaed9f286762dfd7c,0.25,0.0,0.0,8,evican_eval2019
517db38dd3963c663c84be909c02cd298a37184f363ef21eaed9f286762dfd7c,0.5,3.15125,1.7686834288330324,8,evican_eval2019
53e2856f79f9b6d80b96a8f4fcfc84d0dcd671310c6f3c2fca0a894212fed0bb,0.25,0.0,0.0,8,evican_eval2019
53e2856f79f9b6d80b96a8f4fcfc84d0dcd671310c6f3c2fca0a894212fed0bb,0.5,0.00875,0.024748737341529166,8,evican_eval2019
5411dc411985dd4425a06c05480c35e8028248db0499a133f33635d635a8b1c0,0.25,5.11625,1.8593849789648187,8,autoqc_bench_test
5411dc411985dd4425a06c05480c35e8028248db0499a133f33635d635a8b1c0,0.5,4.04375,0.5543835057327835,8,autoqc_bench_test
54657f2312c48635c8c72e2c4ebdf9d2584b4882f51c89582dbfe53b5f7e6af2,0.25,15.8425,34.22986488433747,8,evican_eval2019
54657f2312c48635c8c72e2c4ebdf9d2584b4882f51c89582dbfe53b5f7e6af2,0.5,0.08125,0.1396360064084987,8,evican_eval2019
550fd6cda45205e0706198e835ffd11fc1a538f33ba48c9fe363db3377b2ef21,0.25,5.88625,1.8575939699360722,8,autoqc_bench_test
550fd6cda45205e0706198e835ffd11fc1a538f33ba48c9fe363db3377b2ef21,0.5,6.315,0.6621178142898739,8,autoqc_bench_test
55c8e9eb81f33ac4ccb59622524c839c262a20a1a3574d31c0c1732a1f35ad64,0.25,0.19624999999999998,0.34653128079789364,8,autoqc_bench_test
55c8e9eb81f33ac4ccb59622524c839c262a20a1a3574d31c0c1732a1f35ad64,0.5,0.33625,0.153524079079286,8,autoqc_bench_test
564157570754c3d6c151d4b1a5ad499ded20408e3c930e540b3ba626c32a83c4,0.25,3.78125,0.802699685881517,8,autoqc_bench_test
564157570754c3d6c151d4b1a5ad499ded20408e3c930e540b3ba626c32a83c4,0.5,34.8125,31.277356368922412,8,autoqc_bench_test
5671c4c5d7b44871af6067810651df86c6a6532505d397228790f099f18ce799,0.25,5.475,10.748424469261929,8,evican_eval2019
5671c4c5d7b44871af6067810651df86c6a6532505d397228790f099f18ce799,0.5,13.6325,14.911488140739962,8,evican_eval2019
58bffd36d17a9cbbcab5360b9136675d482f2e15fb993cd957b37a7c5a6625c8,0.25,1.08625,0.6999783159906762,8,autoqc_bench_test
58bffd36d17a9cbbcab5360b9136675d482f2e15fb993cd957b37a7c5a6625c8,0.5,1.5425,0.14655569394797135,8,autoqc_bench_test
59d121be58507adc17834e38bd50aef0e9bb22fc8802356e0f3040d492f20f44,0.25,1.2974999999999999,0.9027220739835394,8,autoqc_bench_test
59d121be58507adc17834e38bd50aef0e9bb22fc8802356e0f3040d492f20f44,0.5,1.21625,0.4585361023331283,8,autoqc_bench_test
5e8be1e142fd277dd2c27272b68c6af658d039aafe79b80c9323c6d7eb0a18f0,0.25,3.85625,1.7620437606046322,8,autoqc_bench_test
5e8be1e142fd277dd2c27272b68c6af658d039aafe79b80c9323c6d7eb0a18f0,0.5,4.109999999999999,0.5656601705718977,8,autoqc_bench_test
5ed56c9bd844e235d45d6ced3235560c6b6f25ab343a1b1d256b637c5205de99,0.25,18.5,30.523410219511376,8,evican_eval2019
5ed56c9bd844e235d45d6ced3235560c6b6f25ab343a1b1d256b637c5205de99,0.5,12.95125,18.28804171153536,8,evican_eval2019
5ff6ae956fa7213d053dee19359ac9b0c10426864ec60b28f535e647d531f46f,0.25,2.99125,1.019011250463619,8,autoqc_bench_test
5ff6ae956fa7213d053dee19359ac9b0c10426864ec60b28f535e647d531f46f,0.5,3.41375,0.5111314480081,8,autoqc_bench_test
60455fd8e9eeedce0d5993381f8696f2bba99f62b5a55a4873e6f5cd137db2ac,0.25,0.01875,0.053033008588991064,8,evican_eval2019
60455fd8e9eeedce0d5993381f8696f2bba99f62b5a55a4873e6f5cd137db2ac,0.5,39.945,24.920977394269958,8,evican_eval2019
60e55be3f17e2c1ab10065fe978503904388c4128b65a8eb1a4457b87030e1b0,0.25,4.29,2.9527227144741217,8,autoqc_bench_test
60e55be3f17e2c1ab10065fe978503904388c4128b65a8eb1a4457b87030e1b0,0.5,4.93625,1.4034542844608187,8,autoqc_bench_test
61c4e9aa9ed931e54e7720b36b2fc73e4f6daeca2b1a223f542b9680abe2117a,0.25,0.0,0.0,8,evican_eval2019
61c4e9aa9ed931e54e7720b36b2fc73e4f6daeca2b1a223f542b9680abe2117a,0.5,1.1724999999999999,1.8788351254358189,8,evican_eval2019
61ebf811db1591f66e231e5988dde13f898f2b0786373d790e64fd7106dbd04b,0.25,3.81125,1.059008127582463,8,autoqc_bench_test
61ebf811db1591f66e231e5988dde13f898f2b0786373d790e64fd7106dbd04b,0.5,4.14,0.4599068228612027,8,autoqc_bench_test
634d049807b22f714e0091c9611904abe6d129d88c57438625448a199b2bd3b4,0.25,3.545,1.4105723255878393,8,autoqc_bench_test
634d049807b22f714e0091c9611904abe6d129d88c57438625448a199b2bd3b4,0.5,4.55875,0.6714044448552814,8,autoqc_bench_test
639904bb830c5bcf9866a53ac3c99ed11a435d675ac11edae44a85eedf56d55f,0.25,29.3125,37.876715708428875,8,evican_eval2019
639904bb830c5bcf9866a53ac3c99ed11a435d675ac11edae44a85eedf56d55f,0.5,17.330000000000002,8.89285588066543,8,evican_eval2019
63c3094d23cdc4c53a2fcf16e2371cd9464d46f1183295d57d4a046f83841e6c,0.25,0.025,0.07071067811865477,8,autoqc_bench_test
63c3094d23cdc4c53a2fcf16e2371cd9464d46f1183295d57d4a046f83841e6c,0.5,0.0,0.0,8,autoqc_bench_test
647d0c25298b5edd7792bac4b0ff78e35870f9790b977dcbd54aecc1a35f0a45,0.25,1.03,0.8051796605194929,8,autoqc_bench_test
647d0c25298b5edd7792bac4b0ff78e35870f9790b977dcbd54aecc1a35f0a45,0.5,2.1475,0.43552103442723794,8,autoqc_bench_test
65364278ea3bf2447766a6a1e9adcbbc2d14ad6d42405415c0fc34fab755d5f5,0.25,6.01375,2.0476602501391676,8,autoqc_bench_test
65364278ea3bf2447766a6a1e9adcbbc2d14ad6d42405415c0fc34fab755d5f5,0.5,5.8325000000000005,0.6037679308192132,8,autoqc_bench_test
65ceaa8a6cb1905a11df6e2cbf88fe73ae1324f5d13980a056a70f2ea81881d2,0.25,8.057500000000001,1.7541440729231532,8,autoqc_bench_test
65ceaa8a6cb1905a11df6e2cbf88fe73ae1324f5d13980a056a70f2ea81881d2,0.5,7.77125,0.9342137641583199,8,autoqc_bench_test
65edcf46ebdf01c424ff4adb3dbae885db35c60ad7766c58af68bc85dbfcffc5,0.25,0.77125,0.4608823060174908,8,autoqc_bench_test
65edcf46ebdf01c424ff4adb3dbae885db35c60ad7766c58af68bc85dbfcffc5,0.5,1.30875,0.3419038085276534,8,autoqc_bench_test
6667fa6f1595be614a2c01c841df82c1cb1ea6d57d68d2a4faf63819dc9f8f5e,0.25,0.70375,0.558747003827058,8,autoqc_bench_test
6667fa6f1595be614a2c01c841df82c1cb1ea6d57d68d2a4faf63819dc9f8f5e,0.5,0.62375,0.26054544434978816,8,autoqc_bench_test
67fd3af4194245c091563db16a793959797fdeed6ccd9746932d1c479ede526b,0.25,3.11375,0.9258654252720994,8,autoqc_bench_test
67fd3af4194245c091563db16a793959797fdeed6ccd9746932d1c479ede526b,0.5,3.41375,0.3936981258346481,8,autoqc_bench_test
6861207404fd79b5034472177687637de6e98ac338d9a2dd12f19f2559d77821,0.25,37.3075,51.27829692681189,8,evican_eval2019
6861207404fd79b5034472177687637de6e98ac338d9a2dd12f19f2559d77821,0.5,0.0,0.0,8,evican_eval2019
689f871e28c2a602942a422f91abee369e6ad13a0b1c130cc47e06fe657c2fd6,0.25,30.6075,45.17241470189523,8,evican_eval2019
689f871e28c2a602942a422f91abee369e6ad13a0b1c130cc47e06fe657c2fd6,0.5,0.0,0.0,8,evican_eval2019
68f59061aaedfed67730ac2373d754d6e96efe9ee7f71d46293ced21ba17babe,0.25,4.18375,0.6765445292070582,8,autoqc_bench_test
68f59061aaedfed67730ac2373d754d6e96efe9ee7f71d46293ced21ba17babe,0.5,4.67,0.38172540616821077,8,autoqc_bench_test
69da7afcf800eda7bb3626b9339303747de29695f06c0bd47576c8903e0b2133,0.25,8.845,2.167790184892045,8,autoqc_bench_test
69da7afcf800eda7bb3626b9339303747de29695f06c0bd47576c8903e0b2133,0.5,11.22875,1.1430215283561875,8,autoqc_bench_test
6a2e4c52b20f817361886839d3dbbf79b999ad314316a9e7aceef547ed94a2ce,0.25,0.38,0.4127953488110058,8,autoqc_bench_test
6a2e4c52b20f817361886839d3dbbf79b999ad314316a9e7aceef547ed94a2ce,0.5,0.60625,0.3046748852699968,8,autoqc_bench_test
6c001ba04511381de4d07462b5a51617791f19105bb03c38ce4eb29da16720ab,0.25,6.63375,5.876281471183237,8,autoqc_bench_test
6c001ba04511381de4d07462b5a51617791f19105bb03c38ce4eb29da16720ab,0.5,5.95875,3.964382270381388,8,autoqc_bench_test
6d25360420017879d74a6292e7cc908c1f78707d2f07a6d15b58e4957a9d49ca,0.25,0.0,0.0,8,evican_eval2019
6d25360420017879d74a6292e7cc908c1f78707d2f07a6d15b58e4957a9d49ca,0.5,0.4875,1.3788582233137676,8,evican_eval2019
6dbc1015643467a61b79aa4d46d7f2c252fb3411e0fb3399b7d5958e9b07b9c9,0.25,58.09625,44.21197411739429,8,evican_eval2019
6dbc1015643467a61b79aa4d46d7f2c252fb3411e0fb3399b7d5958e9b07b9c9,0.5,7.53125,5.586016821364883,8,evican_eval2019
6dcfb0aed0571f4209865bacfac5be155cb465128d404b20691877f69fc29c86,0.25,0.0,0.0,8,evican_eval2019
6dcfb0aed0571f4209865bacfac5be155cb465128d404b20691877f69fc29c86,0.5,9.6925,4.388516670975351,8,evican_eval2019
6e089463e46703ef04cae3cfd0af0aa6f0e1fb3992a85865670d7535911e4728,0.25,0.685,0.4892559949264072,8,autoqc_bench_test
6e089463e46703ef04cae3cfd0af0aa6f0e1fb3992a85865670d7535911e4728,0.5,0.70875,0.16864480848390037,8,autoqc_bench_test
6e613d71d1d8b39bb256df884e1510e642bbb8be6fbca7ee79387af35c14f1cf,0.25,2.845,6.28705472720392,8,evican_eval2019
6e613d71d1d8b39bb256df884e1510e642bbb8be6fbca7ee79387af35c14f1cf,0.5,10.5875,5.769426190829428,8,evican_eval2019
6ef17f1dc49054dbd971dd190f56afc8ac8a0f32de504bbc6e69f36a416137c0,0.25,14.1625,20.420388096214037,8,evican_eval2019
6ef17f1dc49054dbd971dd190f56afc8ac8a0f32de504bbc6e69f36a416137c0,0.5,9.45875,17.400423178351563,8,evican_eval2019
6fde733a260174e08840d3eeef2f75107a705b6b8cab1ea4d2f6421fb86762a6,0.25,3.8125,1.3501084612514866,8,autoqc_bench_test
6fde733a260174e08840d3eeef2f75107a705b6b8cab1ea4d2f6421fb86762a6,0.5,7.72,5.382437047604791,8,autoqc_bench_test
7061211e1fe0906ceddfda5892b6806a4ac403f224b5e6447b2b1e9cb1f0fec7,0.25,3.56,1.9024645669687068,8,autoqc_bench_test
7061211e1fe0906ceddfda5892b6806a4ac403f224b5e6447b2b1e9cb1f0fec7,0.5,3.095,0.602471101855872,8,autoqc_bench_test
7121f6929d4bad113f5b0e7dba3888d957b635e6bc7a90c705244fd7f2b871bf,0.25,0.1925,0.13123044071947854,8,autoqc_bench_test
7121f6929d4bad113f5b0e7dba3888d957b635e6bc7a90c705244fd7f2b871bf,0.5,0.04625,0.021339098923270936,8,autoqc_bench_test
72292c0c13f2a3dd31174b28026922c1f7bf37bf1c8750b3aaabf9993122d2b6,0.25,0.7825,1.2416665068711945,8,evican_eval2019
72292c0c13f2a3dd31174b28026922c1f7bf37bf1c8750b3aaabf9993122d2b6,0.5,0.01625,0.04596194077712559,8,evican_eval2019
73544d1d1957297dd61675cbcd639accf3f986bc35dd47ff4ce8aa4a3cefd7d7,0.25,4.99125,2.778670995278138,8,autoqc_bench_test
73544d1d1957297dd61675cbcd639accf3f986bc35dd47ff4ce8aa4a3cefd7d7,0.5,4.39125,1.2240966056647653,8,autoqc_bench_test
771e46bf38d3ae3267bac1b6ccd45449af95854258bbe25fdf35c49f3f4e5285,0.25,4.17375,1.7803285210480515,8,autoqc_bench_test
771e46bf38d3ae3267bac1b6ccd45449af95854258bbe25fdf35c49f3f4e5285,0.5,4.57625,0.5791850802143105,8,autoqc_bench_test
7899fdcd618e09e1ec771d98a72920c1fec0a6be6d67fed9b7cd8f10632ee256,0.25,1.51625,2.8943735443590755,8,evican_eval2019
7899fdcd618e09e1ec771d98a72920c1fec0a6be6d67fed9b7cd8f10632ee256,0.5,6.538749999999999,4.584693283088847,8,evican_eval2019
79f5d0ed2470a4ed24aa239694f001dc1220bb3e2abdb6c8175556ecd0b4f397,0.25,0.0,0.0,8,evican_eval2019
79f5d0ed2470a4ed24aa239694f001dc1220bb3e2abdb6c8175556ecd0b4f397,0.5,0.0,0.0,8,evican_eval2019
7c35f57bcb5e1c5a6c2931ada23e67c1b89a6fb148d756ab839655c17fde50df,0.25,16.322499999999998,22.438717654981982,8,evican_eval2019
7c35f57bcb5e1c5a6c2931ada23e67c1b89a6fb148d756ab839655c17fde50df,0.5,41.896249999999995,10.769091933465353,8,evican_eval2019
7e48e65310cacf15c889912671d83ab317c62ac2188e7cf872eeef97cf491eb6,0.25,1.4000000000000001,0.9725959372436518,8,autoqc_bench_test
7e48e65310cacf15c889912671d83ab317c62ac2188e7cf872eeef97cf491eb6,0.5,1.1775,0.29378077346406256,8,autoqc_bench_test
7fd9df68d139ec3b014554158901560cb64a5960bdf789f9ff8078cb32c9de47,0.25,0.29125,0.7919494482423916,8,evican_eval2019
7fd9df68d139ec3b014554158901560cb64a5960bdf789f9ff8078cb32c9de47,0.5,32.69125,4.656134011019382,8,evican_eval2019
7fe9159aa849f3f3c1fadb47f1f06de5cd518836645c956ce1a956d6eb8aad9d,0.25,4.78375,1.6090364241637647,8,autoqc_bench_test
7fe9159aa849f3f3c1fadb47f1f06de5cd518836645c956ce1a956d6eb8aad9d,0.5,5.8375,0.3397793401606401,8,autoqc_bench_test
812a1f9319bb723730c6f03a97b66a236e5ad21ac9ee059eb00839cdb6bf69f9,0.25,0.0,0.0,8,evican_eval2019
812a1f9319bb723730c6f03a97b66a236e5ad21ac9ee059eb00839cdb6bf69f9,0.5,0.41875,0.8034468157347353,8,evican_eval2019
83efd1be6c0e4c8f27d7d3a70ce7d36d594163c6a6072a1a32dd7acb8497a3cb,0.25,11.2575,31.402908304805145,8,evican_eval2019
83efd1be6c0e4c8f27d7d3a70ce7d36d594163c6a6072a1a32dd7acb8497a3cb,0.5,1.01,2.856711395993652,8,evican_eval2019
8485b76d167becabe74f1153458da57823bb814eb7914183ae33aa8c04317ac0,0.25,0.0,0.0,8,evican_eval2019
8485b76d167becabe74f1153458da57823bb814eb7914183ae33aa8c04317ac0,0.5,0.515,1.07292657184517,8,evican_eval2019
857418da269b56433ed2c6b7b0636c212138f59cad20182028663aae4ae6242e,0.25,1.36625,1.8028068393480208,8,evican_eval2019
857418da269b56433ed2c6b7b0636c212138f59cad20182028663aae4ae6242e,0.5,0.0,0.0,8,evican_eval2019
88c842bbd2554f80e5f4bd04d37cf13067133d1747168c3696a090f07f6ee915,0.25,0.0,0.0,8,evican_eval2019
88c842bbd2554f80e5f4bd04d37cf13067133d1747168c3696a090f07f6ee915,0.5,0.805,1.4191144119787222,8,evican_eval2019
895645c20ff1d94904a0e46874cfcd575cf54835ca3ae9464f6f1c2bea45249d,0.25,21.97625,40.96645942981021,8,evican_eval2019
895645c20ff1d94904a0e46874cfcd575cf54835ca3ae9464f6f1c2bea45249d,0.5,1.445,2.1305532480689475,8,evican_eval2019
8a3238d314bcc26581bcec4ed1d68711fd84041333e1938113c4715e1db3572b,0.25,7.095,20.067690450074217,8,evican_eval2019
8a3238d314bcc26581bcec4ed1d68711fd84041333e1938113c4715e1db3572b,0.5,4.605,11.797339893867116,8,evican_eval2019
8a4c45a84c64d2273f229a132043d7df30f221fc9ee2ca5797a89d54d4818ac4,0.25,6.5912500000000005,2.6888682563487563,8,autoqc_bench_test
8a4c45a84c64d2273f229a132043d7df30f221fc9ee2ca5797a89d54d4818ac4,0.5,6.91375,1.0519904603043835,8,autoqc_bench_test
8aaedd2e7accbe5fb76bbd499f7167c16f31d0b36ddd3d787f5d1508e078cd9b,0.25,0.92,2.602152954766495,8,evican_eval2019
8aaedd2e7accbe5fb76bbd499f7167c16f31d0b36ddd3d787f5d1508e078cd9b,0.5,6.188750000000001,5.087099756105775,8,evican_eval2019
8dc5f84549df370e82a744649375fdccab06170e02202223fcd725e6a5922ad4,0.25,2.86875,1.4084382181287594,8,autoqc_bench_test
8dc5f84549df370e82a744649375fdccab06170e02202223fcd725e6a5922ad4,0.5,3.03125,1.0236689964464658,8,autoqc_bench_test
8e162b2e1c21ca80dbbee6922bebcd15e44876cadff77712e82389e2377f44e1,0.25,4.3325,0.8103394350517562,8,autoqc_bench_test
8e162b2e1c21ca80dbbee6922bebcd15e44876cadff77712e82389e2377f44e1,0.5,4.78875,0.4095794881861848,8,autoqc_bench_test
914829432dbcbe9259b6421546ff512d9008d35342fbc62da879bd23d6816697,0.25,8.44875,2.312990874541939,8,autoqc_bench_test
914829432dbcbe9259b6421546ff512d9008d35342fbc62da879bd23d6816697,0.5,8.71375,0.9456658651825329,8,autoqc_bench_test
920bf9987f4bdf4de5aef5e8b31fb7bd9575c2bec0db205d39816ce47a552af4,0.25,4.4262500000000005,1.199129892880667,8,autoqc_bench_test
920bf9987f4bdf4de5aef5e8b31fb7bd9575c2bec0db205d39816ce47a552af4,0.5,4.945,0.6647018665752125,8,autoqc_bench_test
925087c49093327c891b3f299154039ac13435937dc464ae18deecc43146f5e3,0.25,1.03625,1.4757074574589637,8,evican_eval2019
925087c49093327c891b3f299154039ac13435937dc464ae18deecc43146f5e3,0.5,0.21625,0.5877788092228474,8,evican_eval2019
941bd424ca179b6f1d551f592ce50f1d6aca27cf86c9978d6df74c89a0995009,0.25,2.36375,1.0292429603492905,8,autoqc_bench_test
941bd424ca179b6f1d551f592ce50f1d6aca27cf86c9978d6df74c89a0995009,0.5,1.49375,0.26747162733376306,8,autoqc_bench_test
948704178e9a36b52589d74561593a0e30593bdab5f410d3a616f05566912393,0.25,0.0,0.0,8,evican_eval2019
948704178e9a36b52589d74561593a0e30593bdab5f410d3a616f05566912393,0.5,0.67,1.3705994517519906,8,evican_eval2019
94b8e4b83e61b682f84291267fde97d70c0b8fd5264a3d281a22d8fefcf41c0f,0.25,0.31,0.2655452611407059,8,autoqc_bench_test
94b8e4b83e61b682f84291267fde97d70c0b8fd5264a3d281a22d8fefcf41c0f,0.5,0.1375,0.07440238091428449,8,autoqc_bench_test
95c6f41ee2a89c4bdf471ea48e51b25fe6bdaf2694e51158a098ec4206451c97,0.25,0.03875,0.10960155108391487,8,evican_eval2019
95c6f41ee2a89c4bdf471ea48e51b25fe6bdaf2694e51158a098ec4206451c97,0.5,3.89,8.696105860835479,8,evican_eval2019
9a7f3371d0c251ad979344eafbb9124f0d65d247b7fbd3a938dd138b5a4c58b8,0.25,1.2125,0.5721326020126054,8,autoqc_bench_test
9a7f3371d0c251ad979344eafbb9124f0d65d247b7fbd3a938dd138b5a4c58b8,0.5,1.0375,0.12068258248100966,8,autoqc_bench_test
9c407b4b48267fdcf3f0745926b477b3dbe2388b00a986d26dec0780398f008f,0.25,10.53625,22.01678446581802,8,evican_eval2019
9c407b4b48267fdcf3f0745926b477b3dbe2388b00a986d26dec0780398f008f,0.5,0.0,0.0,8,evican_eval2019
9dcfddcddc06244f95fefd12a639107446f1d4c627ff9f84f4d11bf15355db0c,0.25,1.86125,0.8405344813187109,8,autoqc_bench_test
9dcfddcddc06244f95fefd12a639107446f1d4c627ff9f84f4d11bf15355db0c,0.5,1.7850000000000001,0.48231584198383054,8,autoqc_bench_test
9f2b013ef18058e58dc267bc8ba8956d3cc104bef51177a771f08331728c4bb1,0.25,7.43625,2.396324194022408,8,autoqc_bench_test
9f2b013ef18058e58dc267bc8ba8956d3cc104bef51177a771f08331728c4bb1,0.5,5.76875,1.8704960190128332,8,autoqc_bench_test
9f6c165e32730c8844c44377b95b6e298a4cf020ef035958df6b3caa7257bdb7,0.25,0.61375,1.1466091313084856,8,evican_eval2019
9f6c165e32730c8844c44377b95b6e298a4cf020ef035958df6b3caa7257bdb7,0.5,7.8475,5.3317184311037495,8,evican_eval2019
9fff5b999c46daec9e219df06f349cbfdf1e8ce0d3f59081f4e793bacfea49ce,0.25,3.0275,2.383800986420037,8,autoqc_bench_test
9fff5b999c46daec9e219df06f349cbfdf1e8ce0d3f59081f4e793bacfea49ce,0.5,3.94,1.4452879100224783,8,autoqc_bench_test
a11cb083999a92c99370b8fdfe8d2340eaa13f831e212e8d2b059d849e5e29fe,0.25,3.83,0.8322087650171853,8,autoqc_bench_test
a11cb083999a92c99370b8fdfe8d2340eaa13f831e212e8d2b059d849e5e29fe,0.5,3.6875,0.6940924187125845,8,autoqc_bench_test
a1274904879d71ab203b81de060050bc19cd2b24d1634605930bb1a535eb2fb0,0.25,0.01375,0.038890872965260115,8,evican_eval2019
a1274904879d71ab203b81de060050bc19cd2b24d1634605930bb1a535eb2fb0,0.5,3.00625,1.8010230227766186,8,evican_eval2019
a1f954a40def3ac26b52d55fd8826f92c0c93fbe2116dd2bddb315315da4c677,0.25,1.8262500000000002,0.8724176178872134,8,autoqc_bench_test
a1f954a40def3ac26b52d55fd8826f92c0c93fbe2116dd2bddb315315da4c677,0.5,2.76125,0.43959193740169017,8,autoqc_bench_test
a2d1d5cfb1fa7a5a21fdc7d9b7f7c7b03bc1ed5a902ff7ed7c4f8526a735ab71,0.25,0.0,0.0,8,evican_eval2019
a2d1d5cfb1fa7a5a21fdc7d9b7f7c7b03bc1ed5a902ff7ed7c4f8526a735ab71,0.5,3.27625,2.245643003685136,8,evican_eval2019
a2df15b93ed3904019694bc7915aa9233b30c9fdaa7fe93ffa8db406cd6dee2c,0.25,20.94625,39.28957765743989,8,evican_eval2019
a2df15b93ed3904019694bc7915aa9233b30c9fdaa7fe93ffa8db406cd6dee2c,0.5,0.87375,0.9193155450815413,8,evican_eval2019
a2f9e14621ffe6c35a6c949152c8b840098634ac0d45a12ca3e3e523e3e9a807,0.25,5.81375,1.5463776797960544,8,autoqc_bench_test
a2f9e14621ffe6c35a6c949152c8b840098634ac0d45a12ca3e3e523e3e9a807,0.5,5.9275,1.1482626628333532,8,autoqc_bench_test
a468d64353aaf161c9fd539476442900d759e118ab1168d8f0c2db6c90ff0aba,0.25,0.6224999999999999,0.8366899067157437,8,autoqc_bench_test
a468d64353aaf161c9fd539476442900d759e118ab1168d8f0c2db6c90ff0aba,0.5,1.345,0.4803867489548693,8,autoqc_bench_test
a67595a7655c473cd882e408ccdb74167506f29b0f59d3ed6833f22ccc9ed300,0.25,4.18125,1.6370307397410542,8,autoqc_bench_test
a67595a7655c473cd882e408ccdb74167506f29b0f59d3ed6833f22ccc9ed300,0.5,4.6225,0.3668300501789428,8,autoqc_bench_test
a6d2b8abb8a2f3827cbffaffcbeec4862a08099b73da9f7118901bdb46bfe0a0,0.25,28.7675,41.73475042284478,8,evican_eval2019
a6d2b8abb8a2f3827cbffaffcbeec4862a08099b73da9f7118901bdb46bfe0a0,0.5,0.0,0.0,8,evican_eval2019
a82a9311599e0dbd2115fe21b71bcaceff5e32055a673005ec9ebde21dad830f,0.25,9.395,14.84867093619589,8,evican_eval2019
a82a9311599e0dbd2115fe21b71bcaceff5e32055a673005ec9ebde21dad830f,0.5,12.45,4.543994466797436,8,evican_eval2019
a8cd10520ab7bd5df44d59ccced923715a182cfda0a96b62ef75c2ec2c9b162d,0.25,1.055,0.32649655434629016,8,autoqc_bench_test
a8cd10520ab7bd5df44d59ccced923715a182cfda0a96b62ef75c2ec2c9b162d,0.5,1.68625,0.30288788590594273,8,autoqc_bench_test
a9a97ab171f06b78f41476b2f41d7ccb10252399ea6996da4309084722c6eec0,0.25,5.1187499999999995,14.245101852416298,8,evican_eval2019
a9a97ab171f06b78f41476b2f41d7ccb10252399ea6996da4309084722c6eec0,0.5,0.40875,0.3666231034727626,8,evican_eval2019
aa1d057020b0990c2dec3f4a06a84af6d4127bfcb57bb9e7feeb5584566ab40e,0.25,0.0,0.0,8,evican_eval2019
aa1d057020b0990c2dec3f4a06a84af6d4127bfcb57bb9e7feeb5584566ab40e,0.5,0.0,0.0,8,evican_eval2019
aa358d7431b343a0314569afc4ac832fa50312634ee48d468860e4dd9b826b03,0.25,0.0,0.0,8,evican_eval2019
aa358d7431b343a0314569afc4ac832fa50312634ee48d468860e4dd9b826b03,0.5,8.43875,7.90577264228036,8,evican_eval2019
ab69e66b04338403ec573bea1634687d0d58ed3c7597160ea3abd397217073c1,0.25,0.055,0.15556349186104046,8,evican_eval2019
ab69e66b04338403ec573bea1634687d0d58ed3c7597160ea3abd397217073c1,0.5,0.01125,0.03181980515339464,8,evican_eval2019
ab789ad58a51621a98a2876ca92cad143ee8d14c039634dc41b5b8a05d7135e5,0.25,3.20125,0.681436245838785,8,autoqc_bench_test
ab789ad58a51621a98a2876ca92cad143ee8d14c039634dc41b5b8a05d7135e5,0.5,3.66,0.29655160957724896,8,autoqc_bench_test
abd5500b35b0b7e9dfe598b5a846cd09d3279ab448a1a9c514161bd2d0f4569f,0.25,0.1275,0.23759208741033444,8,evican_eval2019
abd5500b35b0b7e9dfe598b5a846cd09d3279ab448a1a9c514161bd2d0f4569f,0.5,0.0,0.0,8,evican_eval2019
ae14382c121f9fce4f7e60ce79efe9535375170e50fe954cae0b8db005d560ed,0.25,0.15625,0.14111165791670086,8,autoqc_bench_test
ae14382c121f9fce4f7e60ce79efe9535375170e50fe954cae0b8db005d560ed,0.5,0.13874999999999998,0.0906228448019593,8,autoqc_bench_test
aec13cd2590484ac3b7184ea083317cf42a80dad1a47eeb3bd617f3fe6a21e42,0.25,7.14375,1.0297841313318326,8,autoqc_bench_test
aec13cd2590484ac3b7184ea083317cf42a80dad1a47eeb3bd617f3fe6a21e42,0.5,7.315,0.9701988014245918,8,autoqc_bench_test
af682c7eda37aab1ea3a1249c5ba3badfa2a9b1653faf2cc1ac2ca0e2763190c,0.25,4.73625,1.2911671076975284,8,autoqc_bench_test
af682c7eda37aab1ea3a1249c5ba3badfa2a9b1653faf2cc1ac2ca0e2763190c,0.5,5.1987499999999995,0.9547391191913558,8,autoqc_bench_test
af98e8c4c1b82255f9eac549acffc15c2c4d58faf791fc5ac2f3ed68f3ff2d05,0.25,5.0325,1.7220813818499652,8,autoqc_bench_test
af98e8c4c1b82255f9eac549acffc15c2c4d58faf791fc5ac2f3ed68f3ff2d05,0.5,4.5425,0.4728862744586996,8,autoqc_bench_test
b2a80f184eea278b945a958106e74e877c82e2ab4cbea81eecc91f6efe3e2814,0.25,0.26875,0.7601397897755385,8,evican_eval2019
b2a80f184eea278b945a958106e74e877c82e2ab4cbea81eecc91f6efe3e2814,0.5,18.923750000000002,17.824306788764606,8,evican_eval2019
b6629a66d4c7bd59832b98460fe875e6e2e8be017617f8ae082948fcf4f014b3,0.25,0.54125,1.204864396637943,8,evican_eval2019
b6629a66d4c7bd59832b98460fe875e6e2e8be017617f8ae082948fcf4f014b3,0.5,11.63625,3.341714433811312,8,evican_eval2019
b6d55a58ca12a06f0aafca342d9c5cf632832dd740d5e85461083d3be5194278,0.25,4.29375,1.026964145987024,8,autoqc_bench_test
b6d55a58ca12a06f0aafca342d9c5cf632832dd740d5e85461083d3be5194278,0.5,4.01375,0.3946042321111114,8,autoqc_bench_test
b6ea9ec4d87e7ecf463dd804b7dc84bd0f67d586e6e77951140bf63b18a1f8c5,0.25,4.1225,1.3206897548521488,8,autoqc_bench_test
b6ea9ec4d87e7ecf463dd804b7dc84bd0f67d586e6e77951140bf63b18a1f8c5,0.5,6.22375,0.7810238244034009,8,autoqc_bench_test
b70f8aa94b2b802b4b33ea38cacc1e015972cca5b75183ad35d7e75be37c6395,0.25,25.05375,16.65917759717705,8,evican_eval2019
b70f8aa94b2b802b4b33ea38cacc1e015972cca5b75183ad35d7e75be37c6395,0.5,24.47,3.2052055873442584,8,evican_eval2019
b7e9a1d036b929e7be895e0707ff9d363e16d2399d623680787f2c891583c092,0.25,4.95125,2.8236725705567007,8,autoqc_bench_test
b7e9a1d036b929e7be895e0707ff9d363e16d2399d623680787f2c891583c092,0.5,4.6425,0.5547908228718795,8,autoqc_bench_test
b894f19f47f136af8358e04f6cb49a28284871a08395eddbee52db787d48a745,0.25,0.6425000000000001,0.5449180803439305,8,autoqc_bench_test
b894f19f47f136af8358e04f6cb49a28284871a08395eddbee52db787d48a745,0.5,0.5725,0.24140955123725205,8,autoqc_bench_test
b8a99a8b13c08ba8913936a5c7df76a4261f080a494e53bd1de14b6f5b71b819,0.25,3.44375,6.482662454578366,8,evican_eval2019
b8a99a8b13c08ba8913936a5c7df76a4261f080a494e53bd1de14b6f5b71b819,0.5,2.1625,1.6507465843412443,8,evican_eval2019
b9067db1533cbdb5e7206983ddae12a373d49868284bcc58b0be429ea60c5e9a,0.25,0.98,0.7453858061433689,8,autoqc_bench_test
b9067db1533cbdb5e7206983ddae12a373d49868284bcc58b0be429ea60c5e9a,0.5,0.99125,0.1105101805265017,8,autoqc_bench_test
b92eb0f5e99e62dd3f1ddea195841971c7aceeb9a05b14596069e21d45eb17d4,0.25,8.5675,12.51815453080616,8,autoqc_bench_test
b92eb0f5e99e62dd3f1ddea195841971c7aceeb9a05b14596069e21d45eb17d4,0.5,13.4225,11.91464854706172,8,autoqc_bench_test
bb4e591436dc582769fe147867057945647ac8d593d33b664d9185e5d56261aa,0.25,4.91625,0.8275598813033757,8,autoqc_bench_test
bb4e591436dc582769fe147867057945647ac8d593d33b664d9185e5d56261aa,0.5,5.35125,0.3655695165472245,8,autoqc_bench_test
bc15d1713a638db69da5f6861d9b7d00d340e33b5dd4463b882ef47482b03224,0.25,6.63625,1.9051579424589145,8,autoqc_bench_test
bc15d1713a638db69da5f6861d9b7d00d340e33b5dd4463b882ef47482b03224,0.5,7.31875,0.4526252786324942,8,autoqc_bench_test
bec134098ea14b606872b418dea57c4b82ce41fcac13dd9c960f97df830614ae,0.25,0.10125,0.1844247814150799,8,evican_eval2019
bec134098ea14b606872b418dea57c4b82ce41fcac13dd9c960f97df830614ae,0.5,18.44,11.088213819830752,8,evican_eval2019
bf2635f6939cc42e967296224aa09dfe2bee8b6d3f2c10d50afd4be616ef418f,0.25,1.70875,0.7036524608883888,8,autoqc_bench_test
bf2635f6939cc42e967296224aa09dfe2bee8b6d3f2c10d50afd4be616ef418f,0.5,2.2475,0.42787681805464944,8,autoqc_bench_test
c0b0761b8ae7ca90f36bcb0aa8a0d18e19fe23d836e6825538821230c234d90e,0.25,2.32,3.601971682287355,8,evican_eval2019
c0b0761b8ae7ca90f36bcb0aa8a0d18e19fe23d836e6825538821230c234d90e,0.5,3.67125,1.549603059772774,8,evican_eval2019
c14d80de8254174cdf3ef45b62ba590fb8a5fa352ed62973755184b9dab0df66,0.25,4.695,1.1238454392969577,8,autoqc_bench_test
c14d80de8254174cdf3ef45b62ba590fb8a5fa352ed62973755184b9dab0df66,0.5,4.69875,0.5838404258503711,8,autoqc_bench_test
c1d0b9487051286efba41effa90509804505ab0bbcb1163a26842f6beb17cb2c,0.25,5.3862499999999995,3.9697856635195956,8,autoqc_bench_test
c1d0b9487051286efba41effa90509804505ab0bbcb1163a26842f6beb17cb2c,0.5,7.0325,1.3349558580182124,8,autoqc_bench_test
c3a37343db1a7e4c67e19ecae79b1c5d3cb33288373820fb774a424ec3b0a744,0.25,0.895,0.5719640348333601,8,autoqc_bench_test
c3a37343db1a7e4c67e19ecae79b1c5d3cb33288373820fb774a424ec3b0a744,0.5,0.60625,0.25717906491114595,8,autoqc_bench_test
c44e81a92dd2bca030d718a80b4f2f5a14a16fe82d3444eca9a8193210d56cd6,0.25,0.0,0.0,8,autoqc_bench_test
c44e81a92dd2bca030d718a80b4f2f5a14a16fe82d3444eca9a8193210d56cd6,0.5,0.28375,0.5265504317184225,8,autoqc_bench_test
c79e1164d7ac24b7b407e6b813418bb20615af9533366560ea873b4192d77174,0.25,0.0,0.0,8,evican_eval2019
c79e1164d7ac24b7b407e6b813418bb20615af9533366560ea873b4192d77174,0.5,0.81875,1.1012387505506178,8,evican_eval2019
c8204d5d11bd420f2f8cf6bc9221d98dea5015b17645cf75f53828524811748d,0.25,1.7774999999999999,1.1813521308834454,8,autoqc_bench_test
c8204d5d11bd420f2f8cf6bc9221d98dea5015b17645cf75f53828524811748d,0.5,2.7575000000000003,0.8817474533156144,8,autoqc_bench_test
cacb23104d53c7f88fe0f9c30363d549c74ee930c9c21d2bb75ac49b86638545,0.25,36.235,50.01154780933814,8,evican_eval2019
cacb23104d53c7f88fe0f9c30363d549c74ee930c9c21d2bb75ac49b86638545,0.5,0.0,0.0,8,evican_eval2019
caf1a20a5b4f734dd1f1f874ba0d2d3bec35418229f914775529d85312562417,0.25,0.3675,0.4565319578862235,8,autoqc_bench_test
caf1a20a5b4f734dd1f1f874ba0d2d3bec35418229f914775529d85312562417,0.5,1.215,0.2799489749426288,8,autoqc_bench_test
cc08364017c16e3ed49bf0949f3de900226fc042e8969a5b9c284e284f7dda6a,0.25,1.9975,4.2937321428200095,8,evican_eval2019
cc08364017c16e3ed49bf0949f3de900226fc042e8969a5b9c284e284f7dda6a,0.5,2.47375,2.2736624796632787,8,evican_eval2019
cca26d20b264c9c71355a11f478447135bc81e825d0520b432965a550ea751ac,0.25,4.00625,11.331386168514424,8,evican_eval2019
cca26d20b264c9c71355a11f478447135bc81e825d0520b432965a550ea751ac,0.5,3.8837499999999996,4.675137698506858,8,evican_eval2019
cdea4d9f641c3d46504f0a4895206c5751e83948ddcda311902f0d8e55258819,0.25,3.73875,1.7933164607986591,8,autoqc_bench_test
cdea4d9f641c3d46504f0a4895206c5751e83948ddcda311902f0d8e55258819,0.5,4.0975,0.5230610453310944,8,autoqc_bench_test
ced462c37a663e986e40a1e253da4fce07174155447d6736023015f2a28fc07c,0.25,4.7524999999999995,2.1514496773770273,8,autoqc_bench_test
ced462c37a663e986e40a1e253da4fce07174155447d6736023015f2a28fc07c,0.5,5.535,1.027743714579244,8,autoqc_bench_test
cfe21614447a43dbf31e54ea4f0b85262766e821e36f425d05475df1dbd1eb7b,0.25,0.86625,0.3648850112413107,8,autoqc_bench_test
cfe21614447a43dbf31e54ea4f0b85262766e821e36f425d05475df1dbd1eb7b,0.5,0.91875,0.22235348305923042,8,autoqc_bench_test
d05a29018a3d5cf231afc0dd75b3d8407c6daaef9b611ad213ab39aafac2d957,0.25,0.9225000000000001,0.8855627750596954,8,autoqc_bench_test
d05a29018a3d5cf231afc0dd75b3d8407c6daaef9b611ad213ab39aafac2d957,0.5,0.835,0.431575187953551,8,autoqc_bench_test
d1a0bb65e2a25542e19ae6e1146df2b6d6b0445e3ec2654492c5762cb6bc09c1,0.25,7.547499999999999,4.007873500997755,8,autoqc_bench_test
d1a0bb65e2a25542e19ae6e1146df2b6d6b0445e3ec2654492c5762cb6bc09c1,0.5,4.75,1.2731625415251808,8,autoqc_bench_test
d1e8019a9ab196a43704e6ba146411b22cb62c4762e45e85c14cf891158aac9f,0.25,5.4975000000000005,3.489616229411398,8,autoqc_bench_test
d1e8019a9ab196a43704e6ba146411b22cb62c4762e45e85c14cf891158aac9f,0.5,8.64625,1.6665699376692407,8,autoqc_bench_test
d21c30f0cafc35c7161aaa6c008df75af2294ca3183578828125c512deef8540,0.25,73.64125,45.47838150075892,8,evican_eval2019
d21c30f0cafc35c7161aaa6c008df75af2294ca3183578828125c512deef8540,0.5,0.0,0.0,8,evican_eval2019
d27f4df4920687da70fe0aaa21d3b392db5d7ea7139804b53a5ef5cfff4019c8,0.25,6.87125,2.5403623897839003,8,autoqc_bench_test
d27f4df4920687da70fe0aaa21d3b392db5d7ea7139804b53a5ef5cfff4019c8,0.5,6.1975,0.8565003544324179,8,autoqc_bench_test
d4146edb69277fc0982be77a76bb60af4d1b2e8f8bf9a339edcf3be89e012ec5,0.25,0.0,0.0,8,evican_eval2019
d4146edb69277fc0982be77a76bb60af4d1b2e8f8bf9a339edcf3be89e012ec5,0.5,1.3887500000000002,2.080737764077238,8,evican_eval2019
d8381115485fbed4643b3ba98bc3dcda3db20cf95ec8209576c48cd4e9857753,0.25,0.335,0.2961177372021377,8,autoqc_bench_test
d8381115485fbed4643b3ba98bc3dcda3db20cf95ec8209576c48cd4e9857753,0.5,0.47375,0.16970036619204534,8,autoqc_bench_test
db45de6445e3f658e2da72cd672a2b265494ce6ddff2e1fd54db8c8fbc184103,0.25,0.045,0.12727922061357858,8,evican_eval2019
db45de6445e3f658e2da72cd672a2b265494ce6ddff2e1fd54db8c8fbc184103,0.5,3.3475,4.88230258908935,8,evican_eval2019
dba5390ae6d52bf20da2dbef81c35c3b1ecac486e5634c2faf2f2ab46052b0b1,0.25,3.6675,1.2797181609356691,8,autoqc_bench_test
dba5390ae6d52bf20da2dbef81c35c3b1ecac486e5634c2faf2f2ab46052b0b1,0.5,4.4425,0.652024320317666,8,autoqc_bench_test
dbc66ecb38738fe2d04cdff1321371304f6fc0149573b34c8b4d12396ff20722,0.25,4.42375,1.6910937922793385,8,autoqc_bench_test
dbc66ecb38738fe2d04cdff1321371304f6fc0149573b34c8b4d12396ff20722,0.5,4.2125,0.22056745000112768,8,autoqc_bench_test
dc262deba29f1e26dc85479c7cc93db5f86a2358c750a255489fcafc39907104,0.25,2.2937499999999997,1.0957181272050371,8,autoqc_bench_test
dc262deba29f1e26dc85479c7cc93db5f86a2358c750a255489fcafc39907104,0.5,2.3449999999999998,0.3121355017113103,8,autoqc_bench_test
dcf34eff0b91938d4297f26f5a34c47f02624e43918c89c1868a98e00adba245,0.25,8.78,24.821470544671598,8,evican_eval2019
dcf34eff0b91938d4297f26f5a34c47f02624e43918c89c1868a98e00adba245,0.5,15.77,13.071350351054019,8,evican_eval2019
df4cda4890c7be07d97355b538d452640708da89a2f98c09b81abb324e553382,0.25,36.385,50.258621435246596,8,evican_eval2019
df4cda4890c7be07d97355b538d452640708da89a2f98c09b81abb324e553382,0.5,0.08249999999999999,0.17010500958441607,8,evican_eval2019
e1f3a68e5eb902c9e65049eb7802f9854a0fb27f1db419c79ba27039d9856546,0.25,4.43,2.220675572883171,8,autoqc_bench_test
e1f3a68e5eb902c9e65049eb7802f9854a0fb27f1db419c79ba27039d9856546,0.5,5.165,0.39431676896337314,8,autoqc_bench_test
e425a0978d86d8fa3777f395f9575465b359d120efc5889c161f649d0a0e58bb,0.25,2.82375,1.4260528691862324,8,autoqc_bench_test
e425a0978d86d8fa3777f395f9575465b359d120efc5889c161f649d0a0e58bb,0.5,3.11375,0.5130284731725077,8,autoqc_bench_test
e63011b9828fbff37f4f1c9dd4c2fc182896698ad472f876caabccc875e7d48d,0.25,3.82375,1.2793741494518776,8,autoqc_bench_test
e63011b9828fbff37f4f1c9dd4c2fc182896698ad472f876caabccc875e7d48d,0.5,4.1362499999999995,0.6859599634297701,8,autoqc_bench_test
e6e76d73ed721b8ce4c589f2ab55e9d115867bf979ad0d987ac86b494fe222c8,0.25,0.10375000000000001,0.1547290258114858,8,autoqc_bench_test
e6e76d73ed721b8ce4c589f2ab55e9d115867bf979ad0d987ac86b494fe222c8,0.5,0.39625,0.11951539052117335,8,autoqc_bench_test
e7125e95274fccef4f5b679709204e153958ed882043f042a860c08f4e93cf1c,0.25,31.56875,41.63625529940394,8,evican_eval2019
e7125e95274fccef4f5b679709204e153958ed882043f042a860c08f4e93cf1c,0.5,4.895,5.468679652608767,8,evican_eval2019
e7661ca1b547c6c1acee5fe94f674c2131d07e7a2fb5cc951cb2f274b664e684,0.25,0.77,0.31437011853637015,8,autoqc_bench_test
e7661ca1b547c6c1acee5fe94f674c2131d07e7a2fb5cc951cb2f274b664e684,0.5,0.735,0.1676731514413853,8,autoqc_bench_test
e7a33c4a1d5aaa93da9c2ebef3ecf215dca8045ea0051f8fa94069d7fbe0ad08,0.25,0.0,0.0,8,evican_eval2019
e7a33c4a1d5aaa93da9c2ebef3ecf215dca8045ea0051f8fa94069d7fbe0ad08,0.5,30.60875,11.875036766860374,8,evican_eval2019
e8396da4a5121640bad9a8455a31c53d0ff1a741658812e949832d87e5a5cd27,0.25,5.2975,6.168606580327291,8,evican_eval2019
e8396da4a5121640bad9a8455a31c53d0ff1a741658812e949832d87e5a5cd27,0.5,3.21875,3.6404530232219336,8,evican_eval2019
e8c50d6889b572265271f23f1e51714c4dae5a142e8604c86b02261eeba14ed6,0.25,1.28875,0.6318778702068484,8,autoqc_bench_test
e8c50d6889b572265271f23f1e51714c4dae5a142e8604c86b02261eeba14ed6,0.5,1.41125,0.26771186536487845,8,autoqc_bench_test
ea87c026778c8c3aa11f72f947020a5db74f7f3910ef4ad17fb439cf69949500,0.25,1.585,2.1571939445227715,8,evican_eval2019
ea87c026778c8c3aa11f72f947020a5db74f7f3910ef4ad17fb439cf69949500,0.5,0.7775000000000001,0.8842066662106934,8,evican_eval2019
eb7bdc38e7998fbaced5aa6bf49d7f2a7bccc76b0865169b9539f0b1586b57c4,0.25,4.06625,1.7187199348019777,8,autoqc_bench_test
eb7bdc38e7998fbaced5aa6bf49d7f2a7bccc76b0865169b9539f0b1586b57c4,0.5,3.605,0.6582878224172596,8,autoqc_bench_test
ebc58c30b9a1155a33561dc5fe4bb50e1bb1b78e8dd9838562cad00a8eae9514,0.25,1.6975,2.9449508848681525,8,autoqc_bench_test
ebc58c30b9a1155a33561dc5fe4bb50e1bb1b78e8dd9838562cad00a8eae9514,0.5,11.61125,2.6079572602764354,8,autoqc_bench_test
eedf760d3e21a9490b220370a3b652a523a8f1c8ddd4a840e1ca1eed8e01f240,0.25,0.0,0.0,8,evican_eval2019
eedf760d3e21a9490b220370a3b652a523a8f1c8ddd4a840e1ca1eed8e01f240,0.5,3.1025,2.920057484757058,8,evican_eval2019
f17595c0fcae231d6b3c9404bdb58fef90f9ab543817c12382e0355e74066798,0.25,2.4225000000000003,4.4859837271216225,8,evican_eval2019
f17595c0fcae231d6b3c9404bdb58fef90f9ab543817c12382e0355e74066798,0.5,2.3725,2.1640421833754933,8,evican_eval2019
f452cf784275e6789ea4033cb7ad47fee92e9d779208c8ff626c032c75a8e579,0.25,2.9450000000000003,1.189909960579251,8,autoqc_bench_test
f452cf784275e6789ea4033cb7ad47fee92e9d779208c8ff626c032c75a8e579,0.5,3.0100000000000002,0.41064409338083924,8,autoqc_bench_test
f544dcf356a89ead367fac63c6c9eb290bc1dd9a04bdcd64504327a2a0d870d4,0.25,16.96875,31.761677464471912,8,evican_eval2019
f544dcf356a89ead367fac63c6c9eb290bc1dd9a04bdcd64504327a2a0d870d4,0.5,29.5175,9.228477277272933,8,evican_eval2019
f63da04994ced9a6ef17517c41bef3023dee9c09d0b21b0a11f054d03bd35e1c,0.25,0.47625,0.2461670454908908,8,autoqc_bench_test
f63da04994ced9a6ef17517c41bef3023dee9c09d0b21b0a11f054d03bd35e1c,0.5,0.95625,0.16061822526013134,8,autoqc_bench_test
f74ae205735196af5aef7c7a6dd73623caf62d0fc4127f2e9180958287530ec1,0.25,4.59375,0.825849130116564,8,autoqc_bench_test
f74ae205735196af5aef7c7a6dd73623caf62d0fc4127f2e9180958287530ec1,0.5,5.555,0.6586132617640106,8,autoqc_bench_test
f82ea0f05095f5b50ce3a6b3a1318129f89f5ddc866e7049a320157d9e0e4342,0.25,5.0425,1.129408821337201,8,autoqc_bench_test
f82ea0f05095f5b50ce3a6b3a1318129f89f5ddc866e7049a320157d9e0e4342,0.5,5.26125,0.6069228593016225,8,autoqc_bench_test
f8f68fa9f75f7b7a76798d390e2f51809e476106849b1fd3c6d79c8a2e880760,0.25,3.31125,3.1022270226403483,8,autoqc_bench_test
f8f68fa9f75f7b7a76798d390e2f51809e476106849b1fd3c6d79c8a2e880760,0.5,2.8024999999999998,1.1902670768721253,8,autoqc_bench_test
f949a3d5592e6f448007526da3421456c1e59815b865ea40ae564050f7f45383,0.25,2.30125,3.4673021109461213,8,autoqc_bench_test
f949a3d5592e6f448007526da3421456c1e59815b865ea40ae564050f7f45383,0.5,3.12125,1.9110463663359174,8,autoqc_bench_test
fb40129e8ee2dc5345373fa8cd2f3825e9de9e49390da59be34e99fc530d6778,0.25,2.78125,0.8567786428577355,8,autoqc_bench_test
fb40129e8ee2dc5345373fa8cd2f3825e9de9e49390da59be34e99fc530d6778,0.5,2.6025,0.811326075015465,8,autoqc_bench_test
fcb51649176a0802becb6c638965178232f8d5e8bb0073f1ace58e6256f3a1c0,0.25,0.0575,0.16263455967290594,8,evican_eval2019
fcb51649176a0802becb6c638965178232f8d5e8bb0073f1ace58e6256f3a1c0,0.5,20.217499999999998,21.42555000127518,8,evican_eval2019
fd32faddf2a1d85d52105e37b7a70230908067ceeea92f556d0c95f489276a85,0.25,3.025,4.465272348116869,8,autoqc_bench_test
fd32faddf2a1d85d52105e37b7a70230908067ceeea92f556d0c95f489276a85,0.5,1.93625,0.7071459235142752,8,autoqc_bench_test
fd35bc79c7244814fd2eac6447161e94bfd55ac0591579f07f973ab49347b537,0.25,0.3725,0.7081313437491664,8,evican_eval2019
fd35bc79c7244814fd2eac6447161e94bfd55ac0591579f07f973ab49347b537,0.5,19.58,11.198055953729519,8,evican_eval2019
fd3d6fc680603acd495ca37413f6265ac4981b383b9b9da9ac67339225ca003f,0.25,0.0225,0.04682795258023933,8,evican_eval2019
fd3d6fc680603acd495ca37413f6265ac4981b383b9b9da9ac67339225ca003f,0.5,0.265,0.7495331880577404,8,evican_eval2019
fdf3d99df75bda5fd7d68a9be2e49be19c9e9d0f0e28de73e2db5cdf35876ac1,0.25,2.08125,1.2192437644469858,8,autoqc_bench_test
fdf3d99df75bda5fd7d68a9be2e49be19c9e9d0f0e28de73e2db5cdf35876ac1,0.5,3.115,0.9435495293230316,8,autoqc_bench_test
fe5a5b6dcaaabac231d6107b51d7abdc81febaa796b7b12493805740ef517ea1,0.25,2.7725,2.9905888096780253,8,evican_eval2019
fe5a5b6dcaaabac231d6107b51d7abdc81febaa796b7b12493805740ef517ea1,0.5,1.30125,1.906383543331644,8,evican_eval2019
feb3e5cdcb63ad58b4e2c7913a4fd235d09d2bd03dbefef04f7713a41c630ff9,0.25,18.53625,30.859199108901986,8,evican_eval2019
feb3e5cdcb63ad58b4e2c7913a4fd235d09d2bd03dbefef04f7713a41c630ff9,0.5,4.71875,5.992427215125056,8,evican_eval2019
ff8e5572176d4eaf0b917ab8648a21010b2f8cdc86734d8e9b816a7f2b58aff2,0.25,1.11625,2.9834205560540266,8,evican_eval2019
ff8e5572176d4eaf0b917ab8648a21010b2f8cdc86734d8e9b816a7f2b58aff2,0.5,26.99375,17.560619040097322,8,evican_eval2019
