stream_id,cadence_h,n_fov,hours,dt,full_i,increment,sigma_fov,ratio,in_band
c2c12_090303_exp1_F0003_Data,6.0000,1,0.0000,6.4109,1.5200,2.4000,3.1430,0.7636,False
c2c12_090303_exp1_F0003_Data,6.0000,1,6.4109,5.3094,3.9200,2.7100,3.6402,0.7445,False
c2c12_090303_exp1_F0003_Data,6.0000,1,11.7202,4.6229,6.6300,0.8000,4.2017,0.1904,False
c2c12_090303_exp1_F0003_Data,6.0000,1,16.3432,4.5496,7.4300,-0.2700,4.3674,-0.0618,False
c2c12_090303_exp1_F0003_Data,6.0000,1,20.8927,6.9398,7.1600,1.7200,4.3115,0.3989,False
c2c12_090303_exp1_F0003_Data,6.0000,1,27.8326,7.2383,8.8800,3.5000,4.6678,0.7498,False
c2c12_090303_exp1_F0003_Data,6.0000,1,35.0708,6.3199,12.3800,2.0000,5.3929,0.3709,False
c2c12_090303_exp1_F0003_Data,6.0000,1,41.3907,6.6885,14.3800,1.9100,5.8073,0.3289,False
c2c12_090303_exp1_F0003_Data,6.0000,1,48.0792,6.1309,16.2900,5.7700,6.2030,0.9302,False
c2c12_090303_exp1_F0003_Data,6.0000,1,54.2101,7.3052,22.0600,7.4800,7.3985,1.0110,False
c2c12_090303_exp1_F0003_Data,6.0000,1,61.5153,6.9476,29.5400,3.9000,8.9482,0.4358,False
c2c12_090303_exp1_F0003_Data,6.0000,1,68.4629,4.5082,33.4400,6.4400,9.7562,0.6601,True
c2c12_090303_exp1_F0003_Data,6.0000,1,72.9711,7.0722,39.8800,7.7500,11.0904,0.6988,True
c2c12_090303_exp1_F0003_Data,6.0000,3,0.0000,6.4109,1.5200,2.4000,1.8146,1.3226,False
c2c12_090303_exp1_F0003_Data,6.0000,3,6.4109,5.3094,3.9200,2.7100,2.1017,1.2894,False
c2c12_090303_exp1_F0003_Data,6.0000,3,11.7202,4.6229,6.6300,0.8000,2.4258,0.3298,False
c2c12_090303_exp1_F0003_Data,6.0000,3,16.3432,4.5496,7.4300,-0.2700,2.5215,-0.1071,False
c2c12_090303_exp1_F0003_Data,6.0000,3,20.8927,6.9398,7.1600,1.7200,2.4892,0.6910,False
c2c12_090303_exp1_F0003_Data,6.0000,3,27.8326,7.2383,8.8800,3.5000,2.6950,1.2987,False
c2c12_090303_exp1_F0003_Data,6.0000,3,35.0708,6.3199,12.3800,2.0000,3.1136,0.6423,False
c2c12_090303_exp1_F0003_Data,6.0000,3,41.3907,6.6885,14.3800,1.9100,3.3529,0.5697,False
c2c12_090303_exp1_F0003_Data,6.0000,3,48.0792,6.1309,16.2900,5.7700,3.5813,1.6111,False
c2c12_090303_exp1_F0003_Data,6.0000,3,54.2101,7.3052,22.0600,7.4800,4.2715,1.7511,False
c2c12_090303_exp1_F0003_Data,6.0000,3,61.5153,6.9476,29.5400,3.9000,5.1662,0.7549,False
c2c12_090303_exp1_F0003_Data,6.0000,3,68.4629,4.5082,33.4400,6.4400,5.6327,1.1433,True
c2c12_090303_exp1_F0003_Data,6.0000,3,72.9711,7.0722,39.8800,7.7500,6.4030,1.2104,True
c2c12_090303_exp1_F0003_Data,12.0000,1,0.0000,12.8218,1.5200,5.2700,3.1430,1.6768,False
c2c12_090303_exp1_F0003_Data,12.0000,1,12.8218,10.6187,6.7900,1.4100,4.2348,0.3330,False
c2c12_090303_exp1_F0003_Data,12.0000,1,23.4405,9.2458,8.2000,3.5900,4.5269,0.7930,False
c2c12_090303_exp1_F0003_Data,12.0000,1,32.6863,9.0992,11.7900,2.6700,5.2707,0.5066,False
c2c12_090303_exp1_F0003_Data,12.0000,1,41.7855,13.8796,14.4600,7.8700,5.8239,1.3513,False
c2c12_090303_exp1_F0003_Data,12.0000,1,55.6651,14.4765,22.3300,12.9200,7.4544,1.7332,False
c2c12_090303_exp1_F0003_Data,12.0000,1,70.1417,12.6398,35.2500,14.6400,10.1312,1.4450,True
c2c12_090303_exp1_F0003_Data,12.0000,3,0.0000,12.8218,1.5200,5.2700,1.8146,2.9042,False
c2c12_090303_exp1_F0003_Data,12.0000,3,12.8218,10.6187,6.7900,1.4100,2.4450,0.5767,False
c2c12_090303_exp1_F0003_Data,12.0000,3,23.4405,9.2458,8.2000,3.5900,2.6136,1.3736,False
c2c12_090303_exp1_F0003_Data,12.0000,3,32.6863,9.0992,11.7900,2.6700,3.0430,0.8774,False
c2c12_090303_exp1_F0003_Data,12.0000,3,41.7855,13.8796,14.4600,7.8700,3.3624,2.3406,False
c2c12_090303_exp1_F0003_Data,12.0000,3,55.6651,14.4765,22.3300,12.9200,4.3038,3.0020,False
c2c12_090303_exp1_F0003_Data,12.0000,3,70.1417,12.6398,35.2500,14.6400,5.8492,2.5029,True
c2c12_090303_exp1_F0014_Data,6.0000,1,0.0000,6.4109,0.8200,2.0100,2.9979,0.6705,False
c2c12_090303_exp1_F0014_Data,6.0000,1,6.4109,5.3094,2.8300,1.6000,3.4144,0.4686,False
c2c12_090303_exp1_F0014_Data,6.0000,1,11.7202,4.6229,4.4300,-0.1700,3.7459,-0.0454,False
c2c12_090303_exp1_F0014_Data,6.0000,1,16.3432,4.5496,4.2600,-0.3500,3.7106,-0.0943,False
c2c12_090303_exp1_F0014_Data,6.0000,1,20.8927,6.9398,3.9100,3.0100,3.6381,0.8273,False
c2c12_090303_exp1_F0014_Data,6.0000,1,27.8326,7.2383,6.9200,1.9700,4.2617,0.4623,False
c2c12_090303_exp1_F0014_Data,6.0000,1,35.0708,6.3199,8.8900,1.6500,4.6699,0.3533,False
c2c12_090303_exp1_F0014_Data,6.0000,1,41.3907,6.6885,10.5400,2.3200,5.0117,0.4629,False
c2c12_090303_exp1_F0014_Data,6.0000,1,48.0792,6.1309,12.8600,3.0200,5.4924,0.5499,False
c2c12_090303_exp1_F0014_Data,6.0000,1,54.2101,7.3052,15.8800,4.1200,6.1181,0.6734,False
c2c12_090303_exp1_F0014_Data,6.0000,1,61.5153,6.9476,20.0000,3.8700,6.9717,0.5551,False
c2c12_090303_exp1_F0014_Data,6.0000,1,68.4629,4.5082,23.8700,3.1900,7.7734,0.4104,False
c2c12_090303_exp1_F0014_Data,6.0000,1,72.9711,7.0722,27.0600,5.8900,8.4344,0.6983,False
c2c12_090303_exp1_F0014_Data,6.0000,3,0.0000,6.4109,0.8200,2.0100,1.7309,1.1613,False
c2c12_090303_exp1_F0014_Data,6.0000,3,6.4109,5.3094,2.8300,1.6000,1.9713,0.8117,False
c2c12_090303_exp1_F0014_Data,6.0000,3,11.7202,4.6229,4.4300,-0.1700,2.1627,-0.0786,False
c2c12_090303_exp1_F0014_Data,6.0000,3,16.3432,4.5496,4.2600,-0.3500,2.1423,-0.1634,False
c2c12_090303_exp1_F0014_Data,6.0000,3,20.8927,6.9398,3.9100,3.0100,2.1005,1.4330,False
c2c12_090303_exp1_F0014_Data,6.0000,3,27.8326,7.2383,6.9200,1.9700,2.4605,0.8006,False
c2c12_090303_exp1_F0014_Data,6.0000,3,35.0708,6.3199,8.8900,1.6500,2.6962,0.6120,False
c2c12_090303_exp1_F0014_Data,6.0000,3,41.3907,6.6885,10.5400,2.3200,2.8935,0.8018,False
c2c12_090303_exp1_F0014_Data,6.0000,3,48.0792,6.1309,12.8600,3.0200,3.1710,0.9524,False
c2c12_090303_exp1_F0014_Data,6.0000,3,54.2101,7.3052,15.8800,4.1200,3.5323,1.1664,False
c2c12_090303_exp1_F0014_Data,6.0000,3,61.5153,6.9476,20.0000,3.8700,4.0251,0.9615,False
c2c12_090303_exp1_F0014_Data,6.0000,3,68.4629,4.5082,23.8700,3.1900,4.4880,0.7108,False
c2c12_090303_exp1_F0014_Data,6.0000,3,72.9711,7.0722,27.0600,5.8900,4.8696,1.2096,False
c2c12_090303_exp1_F0014_Data,12.0000,1,0.0000,12.8218,0.8200,3.5800,2.9979,1.1942,False
c2c12_090303_exp1_F0014_Data,12.0000,1,12.8218,10.6187,4.4000,1.1200,3.7397,0.2995,False
c2c12_090303_exp1_F0014_Data,12.0000,1,23.4405,9.2458,5.5200,2.4600,3.9717,0.6194,False
c2c12_090303_exp1_F0014_Data,12.0000,1,32.6863,9.0992,7.9800,3.2900,4.4814,0.7342,False
c2c12_090303_exp1_F0014_Data,12.0000,1,41.7855,13.8796,11.2700,6.1100,5.1630,1.1834,False
c2c12_090303_exp1_F0014_Data,12.0000,1,55.6651,14.4765,17.3800,7.8500,6.4288,1.2211,False
c2c12_090303_exp1_F0014_Data,12.0000,1,70.1417,12.6398,25.2300,10.4000,8.0552,1.2911,False
c2c12_090303_exp1_F0014_Data,12.0000,3,0.0000,12.8218,0.8200,3.5800,1.7309,2.0683,False
c2c12_090303_exp1_F0014_Data,12.0000,3,12.8218,10.6187,4.4000,1.1200,2.1591,0.5187,False
c2c12_090303_exp1_F0014_Data,12.0000,3,23.4405,9.2458,5.5200,2.4600,2.2931,1.0728,False
c2c12_090303_exp1_F0014_Data,12.0000,3,32.6863,9.0992,7.9800,3.2900,2.5873,1.2716,False
c2c12_090303_exp1_F0014_Data,12.0000,3,41.7855,13.8796,11.2700,6.1100,2.9808,2.0498,False
c2c12_090303_exp1_F0014_Data,12.0000,3,55.6651,14.4765,17.3800,7.8500,3.7117,2.1149,False
c2c12_090303_exp1_F0014_Data,12.0000,3,70.1417,12.6398,25.2300,10.4000,4.6507,2.2362,False
c2c12_090318_exp1_F0001_Data,6.0000,1,0.0000,6.4109,2.5600,2.2900,3.3584,0.6819,False
c2c12_090318_exp1_F0001_Data,6.0000,1,6.4109,5.3094,4.8500,1.2400,3.8329,0.3235,False
c2c12_090318_exp1_F0001_Data,6.0000,1,11.7202,4.6229,6.0900,1.9700,4.0898,0.4817,False
c2c12_090318_exp1_F0001_Data,6.0000,1,16.3432,4.5496,8.0600,1.4500,4.4979,0.3224,False
c2c12_090318_exp1_F0001_Data,6.0000,1,20.8927,6.9398,9.5100,0.2500,4.7983,0.0521,False
c2c12_090318_exp1_F0001_Data,6.0000,1,27.8326,7.2383,9.7600,3.4900,4.8501,0.7196,False
c2c12_090318_exp1_F0001_Data,6.0000,1,35.0708,6.3199,13.2500,2.9600,5.5732,0.5311,False
c2c12_090318_exp1_F0001_Data,6.0000,1,41.3907,6.6885,16.2100,4.3100,6.1864,0.6967,False
c2c12_090318_exp1_F0001_Data,6.0000,1,48.0792,6.1309,20.5200,4.7000,7.0794,0.6639,False
c2c12_090318_exp1_F0001_Data,6.0000,1,54.2101,7.3052,25.2200,5.1100,8.0531,0.6345,False
c2c12_090318_exp1_F0001_Data,6.0000,1,61.5153,6.9476,30.3300,2.8200,9.1118,0.3095,True
c2c12_090318_exp1_F0001_Data,6.0000,1,68.4629,4.5082,33.1500,3.8900,9.6961,0.4012,True
c2c12_090318_exp1_F0001_Data,6.0000,1,72.9711,7.0722,37.0400,8.4000,10.5020,0.7998,True
c2c12_090318_exp1_F0001_Data,6.0000,1,80.0433,4.6008,45.4400,1.1900,12.2423,0.0972,True
c2c12_090318_exp1_F0001_Data,6.0000,3,0.0000,6.4109,2.5600,2.2900,1.9390,1.1810,False
c2c12_090318_exp1_F0001_Data,6.0000,3,6.4109,5.3094,4.8500,1.2400,2.2129,0.5603,False
c2c12_090318_exp1_F0001_Data,6.0000,3,11.7202,4.6229,6.0900,1.9700,2.3612,0.8343,False
c2c12_090318_exp1_F0001_Data,6.0000,3,16.3432,4.5496,8.0600,1.4500,2.5969,0.5584,False
c2c12_090318_exp1_F0001_Data,6.0000,3,20.8927,6.9398,9.5100,0.2500,2.7703,0.0902,False
c2c12_090318_exp1_F0001_Data,6.0000,3,27.8326,7.2383,9.7600,3.4900,2.8002,1.2463,False
c2c12_090318_exp1_F0001_Data,6.0000,3,35.0708,6.3199,13.2500,2.9600,3.2177,0.9199,False
c2c12_090318_exp1_F0001_Data,6.0000,3,41.3907,6.6885,16.2100,4.3100,3.5717,1.2067,False
c2c12_090318_exp1_F0001_Data,6.0000,3,48.0792,6.1309,20.5200,4.7000,4.0873,1.1499,False
c2c12_090318_exp1_F0001_Data,6.0000,3,54.2101,7.3052,25.2200,5.1100,4.6495,1.0990,False
c2c12_090318_exp1_F0001_Data,6.0000,3,61.5153,6.9476,30.3300,2.8200,5.2607,0.5360,True
c2c12_090318_exp1_F0001_Data,6.0000,3,68.4629,4.5082,33.1500,3.8900,5.5980,0.6949,True
c2c12_090318_exp1_F0001_Data,6.0000,3,72.9711,7.0722,37.0400,8.4000,6.0633,1.3854,True
c2c12_090318_exp1_F0001_Data,6.0000,3,80.0433,4.6008,45.4400,1.1900,7.0681,0.1684,True
c2c12_090318_exp1_F0001_Data,12.0000,1,0.0000,12.8218,2.5600,3.8400,3.3584,1.1434,False
c2c12_090318_exp1_F0001_Data,12.0000,1,12.8218,10.6187,6.4000,3.3100,4.1540,0.7968,False
c2c12_090318_exp1_F0001_Data,12.0000,1,23.4405,9.2458,9.7100,1.6200,4.8398,0.3347,False
c2c12_090318_exp1_F0001_Data,12.0000,1,32.6863,9.0992,11.3300,5.6200,5.1754,1.0859,False
c2c12_090318_exp1_F0001_Data,12.0000,1,41.7855,13.8796,16.9500,8.6300,6.3398,1.3613,False
c2c12_090318_exp1_F0001_Data,12.0000,1,55.6651,14.4765,25.5800,8.0300,8.1277,0.9880,False
c2c12_090318_exp1_F0001_Data,12.0000,1,70.1417,12.6398,33.6100,12.1700,9.7914,1.2429,True
c2c12_090318_exp1_F0001_Data,12.0000,3,0.0000,12.8218,2.5600,3.8400,1.9390,1.9804,False
c2c12_090318_exp1_F0001_Data,12.0000,3,12.8218,10.6187,6.4000,3.3100,2.3983,1.3801,False
c2c12_090318_exp1_F0001_Data,12.0000,3,23.4405,9.2458,9.7100,1.6200,2.7942,0.5798,False
c2c12_090318_exp1_F0001_Data,12.0000,3,32.6863,9.0992,11.3300,5.6200,2.9880,1.8808,False
c2c12_090318_exp1_F0001_Data,12.0000,3,41.7855,13.8796,16.9500,8.6300,3.6603,2.3578,False
c2c12_090318_exp1_F0001_Data,12.0000,3,55.6651,14.4765,25.5800,8.0300,4.6925,1.7112,False
c2c12_090318_exp1_F0001_Data,12.0000,3,70.1417,12.6398,33.6100,12.1700,5.6531,2.1528,True
c2c12_090318_exp1_F0003_Data,6.0000,1,0.0000,6.4109,1.8700,1.7400,3.2155,0.5411,False
c2c12_090318_exp1_F0003_Data,6.0000,1,6.4109,5.3094,3.6100,1.4700,3.5760,0.4111,False
c2c12_090318_exp1_F0003_Data,6.0000,1,11.7202,4.6229,5.0800,1.3000,3.8805,0.3350,False
c2c12_090318_exp1_F0003_Data,6.0000,1,16.3432,4.5496,6.3800,0.3300,4.1499,0.0795,False
c2c12_090318_exp1_F0003_Data,6.0000,1,20.8927,6.9398,6.7100,2.7100,4.2182,0.6424,False
c2c12_090318_exp1_F0003_Data,6.0000,1,27.8326,7.2383,9.4200,0.4700,4.7797,0.0983,False
c2c12_090318_exp1_F0003_Data,6.0000,1,35.0708,6.3199,9.8900,2.7900,4.8771,0.5721,False
c2c12_090318_exp1_F0003_Data,6.0000,1,41.3907,6.6885,12.6800,4.6900,5.4551,0.8597,False
c2c12_090318_exp1_F0003_Data,6.0000,1,48.0792,6.1309,17.3700,2.0400,6.4268,0.3174,False
c2c12_090318_exp1_F0003_Data,6.0000,1,54.2101,7.3052,19.4100,4.7400,6.8494,0.6920,False
c2c12_090318_exp1_F0003_Data,6.0000,1,61.5153,6.9476,24.1500,6.0300,7.8315,0.7700,False
c2c12_090318_exp1_F0003_Data,6.0000,1,68.4629,4.5082,30.1800,6.4000,9.0808,0.7048,True
c2c12_090318_exp1_F0003_Data,6.0000,1,72.9711,7.0722,36.5800,5.2800,10.4067,0.5074,True
c2c12_090318_exp1_F0003_Data,6.0000,1,80.0433,4.6008,41.8600,7.7300,11.5006,0.6721,True
c2c12_090318_exp1_F0003_Data,6.0000,3,0.0000,6.4109,1.8700,1.7400,1.8565,0.9373,False
c2c12_090318_exp1_F0003_Data,6.0000,3,6.4109,5.3094,3.6100,1.4700,2.0646,0.7120,False
c2c12_090318_exp1_F0003_Data,6.0000,3,11.7202,4.6229,5.0800,1.3000,2.2404,0.5802,False
c2c12_090318_exp1_F0003_Data,6.0000,3,16.3432,4.5496,6.3800,0.3300,2.3959,0.1377,False
c2c12_090318_exp1_F0003_Data,6.0000,3,20.8927,6.9398,6.7100,2.7100,2.4354,1.1128,False
c2c12_090318_exp1_F0003_Data,6.0000,3,27.8326,7.2383,9.4200,0.4700,2.7596,0.1703,False
c2c12_090318_exp1_F0003_Data,6.0000,3,35.0708,6.3199,9.8900,2.7900,2.8158,0.9908,False
c2c12_090318_exp1_F0003_Data,6.0000,3,41.3907,6.6885,12.6800,4.6900,3.1495,1.4891,False
c2c12_090318_exp1_F0003_Data,6.0000,3,48.0792,6.1309,17.3700,2.0400,3.7105,0.5498,False
c2c12_090318_exp1_F0003_Data,6.0000,3,54.2101,7.3052,19.4100,4.7400,3.9545,1.1986,False
c2c12_090318_exp1_F0003_Data,6.0000,3,61.5153,6.9476,24.1500,6.0300,4.5215,1.3336,False
c2c12_090318_exp1_F0003_Data,6.0000,3,68.4629,4.5082,30.1800,6.4000,5.2428,1.2207,True
c2c12_090318_exp1_F0003_Data,6.0000,3,72.9711,7.0722,36.5800,5.2800,6.0083,0.8788,True
c2c12_090318_exp1_F0003_Data,6.0000,3,80.0433,4.6008,41.8600,7.7300,6.6399,1.1642,True
c2c12_090318_exp1_F0003_Data,12.0000,1,0.0000,12.8218,1.8700,3.5700,3.2155,1.1103,False
c2c12_090318_exp1_F0003_Data,12.0000,1,12.8218,10.6187,5.4400,1.5500,3.9551,0.3919,False
c2c12_090318_exp1_F0003_Data,12.0000,1,23.4405,9.2458,6.9900,2.4100,4.2762,0.5636,False
c2c12_090318_exp1_F0003_Data,12.0000,1,32.6863,9.0992,9.4000,3.3100,4.7756,0.6931,False
c2c12_090318_exp1_F0003_Data,12.0000,1,41.7855,13.8796,12.7100,6.4100,5.4613,1.1737,False
c2c12_090318_exp1_F0003_Data,12.0000,1,55.6651,14.4765,19.1200,13.8900,6.7893,2.0459,False
c2c12_090318_exp1_F0003_Data,12.0000,1,70.1417,12.6398,33.0100,10.9600,9.6671,1.1337,True
c2c12_090318_exp1_F0003_Data,12.0000,3,0.0000,12.8218,1.8700,3.5700,1.8565,1.9230,False
c2c12_090318_exp1_F0003_Data,12.0000,3,12.8218,10.6187,5.4400,1.5500,2.2835,0.6788,False
c2c12_090318_exp1_F0003_Data,12.0000,3,23.4405,9.2458,6.9900,2.4100,2.4689,0.9761,False
c2c12_090318_exp1_F0003_Data,12.0000,3,32.6863,9.0992,9.4000,3.3100,2.7572,1.2005,False
c2c12_090318_exp1_F0003_Data,12.0000,3,41.7855,13.8796,12.7100,6.4100,3.1531,2.0329,False
c2c12_090318_exp1_F0003_Data,12.0000,3,55.6651,14.4765,19.1200,13.8900,3.9198,3.5435,False
c2c12_090318_exp1_F0003_Data,12.0000,3,70.1417,12.6398,33.0100,10.9600,5.5813,1.9637,True
c2c12_090318_exp1_F0005_Data,6.0000,1,0.0000,6.4109,1.9000,1.0200,3.2217,0.3166,False
c2c12_090318_exp1_F0005_Data,6.0000,1,6.4109,5.3094,2.9200,1.5600,3.4330,0.4544,False
c2c12_090318_exp1_F0005_Data,6.0000,1,11.7202,4.6229,4.4800,-1.0000,3.7562,-0.2662,False
c2c12_090318_exp1_F0005_Data,6.0000,1,16.3432,4.5496,3.4800,2.8200,3.5490,0.7946,False
c2c12_090318_exp1_F0005_Data,6.0000,1,20.8927,6.9398,6.3000,1.7200,4.1333,0.4161,False
c2c12_090318_exp1_F0005_Data,6.0000,1,27.8326,7.2383,8.0200,1.3900,4.4896,0.3096,False
c2c12_090318_exp1_F0005_Data,6.0000,1,35.0708,6.3199,9.4100,1.0600,4.7776,0.2219,False
c2c12_090318_exp1_F0005_Data,6.0000,1,41.3907,6.6885,10.4700,2.3100,4.9972,0.4623,False
c2c12_090318_exp1_F0005_Data,6.0000,1,48.0792,6.1309,12.7800,2.1100,5.4758,0.3853,False
c2c12_090318_exp1_F0005_Data,6.0000,1,54.2101,7.3052,14.8900,1.0300,5.9130,0.1742,False
c2c12_090318_exp1_F0005_Data,6.0000,1,61.5153,6.9476,15.9200,1.7700,6.1264,0.2889,False
c2c12_090318_exp1_F0005_Data,6.0000,1,68.4629,4.5082,17.6900,1.8800,6.4931,0.2895,False
c2c12_090318_exp1_F0005_Data,6.0000,1,72.9711,7.0722,19.5700,0.7100,6.8826,0.1032,False
c2c12_090318_exp1_F0005_Data,6.0000,1,80.0433,4.6008,20.2800,2.7800,7.0297,0.3955,False
c2c12_090318_exp1_F0005_Data,6.0000,3,0.0000,6.4109,1.9000,1.0200,1.8601,0.5484,False
c2c12_090318_exp1_F0005_Data,6.0000,3,6.4109,5.3094,2.9200,1.5600,1.9821,0.7871,False
c2c12_090318_exp1_F0005_Data,6.0000,3,11.7202,4.6229,4.4800,-1.0000,2.1687,-0.4611,False
c2c12_090318_exp1_F0005_Data,6.0000,3,16.3432,4.5496,3.4800,2.8200,2.0490,1.3763,False
c2c12_090318_exp1_F0005_Data,6.0000,3,20.8927,6.9398,6.3000,1.7200,2.3864,0.7208,False
c2c12_090318_exp1_F0005_Data,6.0000,3,27.8326,7.2383,8.0200,1.3900,2.5921,0.5362,False
c2c12_090318_exp1_F0005_Data,6.0000,3,35.0708,6.3199,9.4100,1.0600,2.7584,0.3843,False
c2c12_090318_exp1_F0005_Data,6.0000,3,41.3907,6.6885,10.4700,2.3100,2.8852,0.8007,False
c2c12_090318_exp1_F0005_Data,6.0000,3,48.0792,6.1309,12.7800,2.1100,3.1615,0.6674,False
c2c12_090318_exp1_F0005_Data,6.0000,3,54.2101,7.3052,14.8900,1.0300,3.4139,0.3017,False
c2c12_090318_exp1_F0005_Data,6.0000,3,61.5153,6.9476,15.9200,1.7700,3.5371,0.5004,False
c2c12_090318_exp1_F0005_Data,6.0000,3,68.4629,4.5082,17.6900,1.8800,3.7488,0.5015,False
c2c12_090318_exp1_F0005_Data,6.0000,3,72.9711,7.0722,19.5700,0.7100,3.9737,0.1787,False
c2c12_090318_exp1_F0005_Data,6.0000,3,80.0433,4.6008,20.2800,2.7800,4.0586,0.6850,False
c2c12_090318_exp1_F0005_Data,12.0000,1,0.0000,12.8218,1.9000,2.4900,3.2217,0.7729,False
c2c12_090318_exp1_F0005_Data,12.0000,1,12.8218,10.6187,4.3900,1.5900,3.7376,0.4254,False
c2c12_090318_exp1_F0005_Data,12.0000,1,23.4405,9.2458,5.9800,3.4400,4.0670,0.8458,False
c2c12_090318_exp1_F0005_Data,12.0000,1,32.6863,9.0992,9.4200,0.7000,4.7797,0.1465,False
c2c12_090318_exp1_F0005_Data,12.0000,1,41.7855,13.8796,10.1200,5.3000,4.9247,1.0762,False
c2c12_090318_exp1_F0005_Data,12.0000,1,55.6651,14.4765,15.4200,2.7200,6.0228,0.4516,False
c2c12_090318_exp1_F0005_Data,12.0000,1,70.1417,12.6398,18.1400,4.0100,6.5863,0.6088,False
c2c12_090318_exp1_F0005_Data,12.0000,3,0.0000,12.8218,1.9000,2.4900,1.8601,1.3387,False
c2c12_090318_exp1_F0005_Data,12.0000,3,12.8218,10.6187,4.3900,1.5900,2.1579,0.7368,False
c2c12_090318_exp1_F0005_Data,12.0000,3,23.4405,9.2458,5.9800,3.4400,2.3481,1.4650,False
c2c12_090318_exp1_F0005_Data,12.0000,3,32.6863,9.0992,9.4200,0.7000,2.7596,0.2537,False
c2c12_090318_exp1_F0005_Data,12.0000,3,41.7855,13.8796,10.1200,5.3000,2.8433,1.8640,False
c2c12_090318_exp1_F0005_Data,12.0000,3,55.6651,14.4765,15.4200,2.7200,3.4773,0.7822,False
c2c12_090318_exp1_F0005_Data,12.0000,3,70.1417,12.6398,18.1400,4.0100,3.8026,1.0545,False
c2c12_090318_exp1_F0007_Data,6.0000,1,0.0000,6.4109,2.9700,1.7500,3.4434,0.5082,False
c2c12_090318_exp1_F0007_Data,6.0000,1,6.4109,5.3094,4.7200,0.1700,3.8059,0.0447,False
c2c12_090318_exp1_F0007_Data,6.0000,1,11.7202,4.6229,4.8900,1.8900,3.8412,0.4920,False
c2c12_090318_exp1_F0007_Data,6.0000,1,16.3432,4.5496,6.7800,1.0200,4.2327,0.2410,False
c2c12_090318_exp1_F0007_Data,6.0000,1,20.8927,6.9398,7.8000,2.9600,4.4441,0.6661,False
c2c12_090318_exp1_F0007_Data,6.0000,1,27.8326,7.2383,10.7600,4.8000,5.0573,0.9491,False
c2c12_090318_exp1_F0007_Data,6.0000,1,35.0708,6.3199,15.5600,1.6000,6.0518,0.2644,False
c2c12_090318_exp1_F0007_Data,6.0000,1,41.3907,6.6885,17.1600,3.3100,6.3833,0.5185,False
c2c12_090318_exp1_F0007_Data,6.0000,1,48.0792,6.1309,20.4700,-1.2800,7.0690,-0.1811,False
c2c12_090318_exp1_F0007_Data,6.0000,1,54.2101,7.3052,19.1900,8.4400,6.8038,1.2405,False
c2c12_090318_exp1_F0007_Data,6.0000,1,61.5153,6.9476,27.6300,1.3500,8.5524,0.1578,False
c2c12_090318_exp1_F0007_Data,6.0000,1,68.4629,4.5082,28.9800,0.8300,8.8321,0.0940,False
c2c12_090318_exp1_F0007_Data,6.0000,1,72.9711,7.0722,29.8100,6.0400,9.0041,0.6708,False
c2c12_090318_exp1_F0007_Data,6.0000,1,80.0433,4.6008,35.8500,-2.0900,10.2555,-0.2038,True
c2c12_090318_exp1_F0007_Data,6.0000,3,0.0000,6.4109,2.9700,1.7500,1.9880,0.8803,False
c2c12_090318_exp1_F0007_Data,6.0000,3,6.4109,5.3094,4.7200,0.1700,2.1974,0.0774,False
c2c12_090318_exp1_F0007_Data,6.0000,3,11.7202,4.6229,4.8900,1.8900,2.2177,0.8522,False
c2c12_090318_exp1_F0007_Data,6.0000,3,16.3432,4.5496,6.7800,1.0200,2.4438,0.4174,False
c2c12_090318_exp1_F0007_Data,6.0000,3,20.8927,6.9398,7.8000,2.9600,2.5658,1.1536,False
c2c12_090318_exp1_F0007_Data,6.0000,3,27.8326,7.2383,10.7600,4.8000,2.9198,1.6439,False
c2c12_090318_exp1_F0007_Data,6.0000,3,35.0708,6.3199,15.5600,1.6000,3.4940,0.4579,False
c2c12_090318_exp1_F0007_Data,6.0000,3,41.3907,6.6885,17.1600,3.3100,3.6854,0.8981,False
c2c12_090318_exp1_F0007_Data,6.0000,3,48.0792,6.1309,20.4700,-1.2800,4.0813,-0.3136,False
c2c12_090318_exp1_F0007_Data,6.0000,3,54.2101,7.3052,19.1900,8.4400,3.9282,2.1486,False
c2c12_090318_exp1_F0007_Data,6.0000,3,61.5153,6.9476,27.6300,1.3500,4.9378,0.2734,False
c2c12_090318_exp1_F0007_Data,6.0000,3,68.4629,4.5082,28.9800,0.8300,5.0992,0.1628,False
c2c12_090318_exp1_F0007_Data,6.0000,3,72.9711,7.0722,29.8100,6.0400,5.1985,1.1619,False
c2c12_090318_exp1_F0007_Data,6.0000,3,80.0433,4.6008,35.8500,-2.0900,5.9210,-0.3530,True
c2c12_090318_exp1_F0007_Data,12.0000,1,0.0000,12.8218,2.9700,2.2700,3.4434,0.6592,False
c2c12_090318_exp1_F0007_Data,12.0000,1,12.8218,10.6187,5.2400,3.2100,3.9137,0.8202,False
c2c12_090318_exp1_F0007_Data,12.0000,1,23.4405,9.2458,8.4500,5.6900,4.5787,1.2427,False
c2c12_090318_exp1_F0007_Data,12.0000,1,32.6863,9.0992,14.1400,3.5200,5.7576,0.6114,False
c2c12_090318_exp1_F0007_Data,12.0000,1,41.7855,13.8796,17.6600,4.5800,6.4869,0.7060,False
c2c12_090318_exp1_F0007_Data,12.0000,1,55.6651,14.4765,22.2400,6.6400,7.4357,0.8930,False
c2c12_090318_exp1_F0007_Data,12.0000,1,70.1417,12.6398,28.8800,6.2100,8.8114,0.7048,False
c2c12_090318_exp1_F0007_Data,12.0000,3,0.0000,12.8218,2.9700,2.2700,1.9880,1.1418,False
c2c12_090318_exp1_F0007_Data,12.0000,3,12.8218,10.6187,5.2400,3.2100,2.2596,1.4206,False
c2c12_090318_exp1_F0007_Data,12.0000,3,23.4405,9.2458,8.4500,5.6900,2.6435,2.1524,False
c2c12_090318_exp1_F0007_Data,12.0000,3,32.6863,9.0992,14.1400,3.5200,3.3241,1.0589,False
c2c12_090318_exp1_F0007_Data,12.0000,3,41.7855,13.8796,17.6600,4.5800,3.7452,1.2229,False
c2c12_090318_exp1_F0007_Data,12.0000,3,55.6651,14.4765,22.2400,6.6400,4.2930,1.5467,False
c2c12_090318_exp1_F0007_Data,12.0000,3,70.1417,12.6398,28.8800,6.2100,5.0873,1.2207,False
c2c12_090318_exp1_F0011_Data,6.0000,1,0.0000,6.4109,2.8800,3.6500,3.4247,1.0658,False
c2c12_090318_exp1_F0011_Data,6.0000,1,6.4109,5.3094,6.5300,3.9000,4.1809,0.9328,False
c2c12_090318_exp1_F0011_Data,6.0000,1,11.7202,4.6229,10.4300,0.2500,4.9889,0.0501,False
c2c12_090318_exp1_F0011_Data,6.0000,1,16.3432,4.5496,10.6800,4.3300,5.0407,0.8590,False
c2c12_090318_exp1_F0011_Data,6.0000,1,20.8927,6.9398,15.0100,6.9100,5.9378,1.1637,False
c2c12_090318_exp1_F0011_Data,6.0000,1,27.8326,7.2383,21.9200,3.7800,7.3694,0.5129,False
c2c12_090318_exp1_F0011_Data,6.0000,1,35.0708,6.3199,25.7000,6.3400,8.1526,0.7777,False
c2c12_090318_exp1_F0011_Data,6.0000,1,41.3907,6.6885,32.0400,3.9600,9.4661,0.4183,True
c2c12_090318_exp1_F0011_Data,6.0000,1,48.0792,6.1309,36.0000,5.3900,10.2865,0.5240,True
c2c12_090318_exp1_F0011_Data,6.0000,1,54.2101,7.3052,41.3900,2.6400,11.4032,0.2315,True
c2c12_090318_exp1_F0011_Data,6.0000,1,61.5153,6.9476,44.0300,1.7500,11.9502,0.1464,True
c2c12_090318_exp1_F0011_Data,6.0000,1,68.4629,4.5082,45.7800,3.1300,12.3128,0.2542,True
c2c12_090318_exp1_F0011_Data,6.0000,1,72.9711,7.0722,48.9100,4.5800,12.9612,0.3534,True
c2c12_090318_exp1_F0011_Data,6.0000,1,80.0433,4.6008,53.4900,-4.9700,13.9101,-0.3573,True
c2c12_090318_exp1_F0011_Data,6.0000,3,0.0000,6.4109,2.8800,3.6500,1.9773,1.8460,False
c2c12_090318_exp1_F0011_Data,6.0000,3,6.4109,5.3094,6.5300,3.9000,2.4139,1.6157,False
c2c12_090318_exp1_F0011_Data,6.0000,3,11.7202,4.6229,10.4300,0.2500,2.8804,0.0868,False
c2c12_090318_exp1_F0011_Data,6.0000,3,16.3432,4.5496,10.6800,4.3300,2.9103,1.4878,False
c2c12_090318_exp1_F0011_Data,6.0000,3,20.8927,6.9398,15.0100,6.9100,3.4282,2.0156,False
c2c12_090318_exp1_F0011_Data,6.0000,3,27.8326,7.2383,21.9200,3.7800,4.2548,0.8884,False
c2c12_090318_exp1_F0011_Data,6.0000,3,35.0708,6.3199,25.7000,6.3400,4.7069,1.3470,False
c2c12_090318_exp1_F0011_Data,6.0000,3,41.3907,6.6885,32.0400,3.9600,5.4653,0.7246,True
c2c12_090318_exp1_F0011_Data,6.0000,3,48.0792,6.1309,36.0000,5.3900,5.9389,0.9076,True
c2c12_090318_exp1_F0011_Data,6.0000,3,54.2101,7.3052,41.3900,2.6400,6.5837,0.4010,True
c2c12_090318_exp1_F0011_Data,6.0000,3,61.5153,6.9476,44.0300,1.7500,6.8994,0.2536,True
c2c12_090318_exp1_F0011_Data,6.0000,3,68.4629,4.5082,45.7800,3.1300,7.1088,0.4403,True
c2c12_090318_exp1_F0011_Data,6.0000,3,72.9711,7.0722,48.9100,4.5800,7.4832,0.6120,True
c2c12_090318_exp1_F0011_Data,6.0000,3,80.0433,4.6008,53.4900,-4.9700,8.0310,-0.6189,True
c2c12_090318_exp1_F0011_Data,12.0000,1,0.0000,12.8218,2.8800,7.7800,3.4247,2.2717,False
c2c12_090318_exp1_F0011_Data,12.0000,1,12.8218,10.6187,10.6600,6.6900,5.0366,1.3283,False
c2c12_090318_exp1_F0011_Data,12.0000,1,23.4405,9.2458,17.3500,3.6000,6.4226,0.5605,False
c2c12_090318_exp1_F0011_Data,12.0000,1,32.6863,9.0992,20.9500,11.2000,7.1685,1.5624,False
c2c12_090318_exp1_F0011_Data,12.0000,1,41.7855,13.8796,32.1500,11.7900,9.4889,1.2425,True
c2c12_090318_exp1_F0011_Data,12.0000,1,55.6651,14.4765,43.9400,6.1600,11.9315,0.5163,True
c2c12_090318_exp1_F0011_Data,12.0000,1,70.1417,12.6398,50.1000,0.8600,13.2078,0.0651,True
c2c12_090318_exp1_F0011_Data,12.0000,3,0.0000,12.8218,2.8800,7.7800,1.9773,3.9347,False
c2c12_090318_exp1_F0011_Data,12.0000,3,12.8218,10.6187,10.6600,6.6900,2.9079,2.3006,False
c2c12_090318_exp1_F0011_Data,12.0000,3,23.4405,9.2458,17.3500,3.6000,3.7081,0.9708,False
c2c12_090318_exp1_F0011_Data,12.0000,3,32.6863,9.0992,20.9500,11.2000,4.1387,2.7061,False
c2c12_090318_exp1_F0011_Data,12.0000,3,41.7855,13.8796,32.1500,11.7900,5.4784,2.1521,True
c2c12_090318_exp1_F0011_Data,12.0000,3,55.6651,14.4765,43.9400,6.1600,6.8887,0.8942,True
c2c12_090318_exp1_F0011_Data,12.0000,3,70.1417,12.6398,50.1000,0.8600,7.6255,0.1128,True
c2c12_090318_exp1_F0013_Data,6.0000,1,0.0000,6.4109,4.3300,4.1600,3.7251,1.1167,False
c2c12_090318_exp1_F0013_Data,6.0000,1,6.4109,5.3094,8.4900,3.9300,4.5870,0.8568,False
c2c12_090318_exp1_F0013_Data,6.0000,1,11.7202,4.6229,12.4200,4.2000,5.4012,0.7776,False
c2c12_090318_exp1_F0013_Data,6.0000,1,16.3432,4.5496,16.6200,0.6000,6.2714,0.0957,False
c2c12_090318_exp1_F0013_Data,6.0000,1,20.8927,6.9398,17.2200,5.2900,6.3957,0.8271,False
c2c12_090318_exp1_F0013_Data,6.0000,1,27.8326,7.2383,22.5100,7.7200,7.4917,1.0305,False
c2c12_090318_exp1_F0013_Data,6.0000,1,35.0708,6.3199,30.2300,6.0500,9.0911,0.6655,True
c2c12_090318_exp1_F0013_Data,6.0000,1,41.3907,6.6885,36.2800,7.7900,10.3446,0.7531,True
c2c12_090318_exp1_F0013_Data,6.0000,1,48.0792,6.1309,44.0700,5.4300,11.9585,0.4541,True
c2c12_090318_exp1_F0013_Data,6.0000,1,54.2101,7.3052,49.5000,2.0100,13.0835,0.1536,True
c2c12_090318_exp1_F0013_Data,6.0000,1,61.5153,6.9476,51.5100,2.5900,13.4999,0.1919,True
c2c12_090318_exp1_F0013_Data,6.0000,1,68.4629,4.5082,54.1000,-0.3500,14.0365,-0.0249,True
c2c12_090318_exp1_F0013_Data,6.0000,1,72.9711,7.0722,53.7500,-0.6500,13.9640,-0.0465,True
c2c12_090318_exp1_F0013_Data,6.0000,1,80.0433,4.6008,53.1000,0.3300,13.8293,0.0239,True
c2c12_090318_exp1_F0013_Data,6.0000,3,0.0000,6.4109,4.3300,4.1600,2.1507,1.9342,False
c2c12_090318_exp1_F0013_Data,6.0000,3,6.4109,5.3094,8.4900,3.9300,2.6483,1.4840,False
c2c12_090318_exp1_F0013_Data,6.0000,3,11.7202,4.6229,12.4200,4.2000,3.1184,1.3468,False
c2c12_090318_exp1_F0013_Data,6.0000,3,16.3432,4.5496,16.6200,0.6000,3.6208,0.1657,False
c2c12_090318_exp1_F0013_Data,6.0000,3,20.8927,6.9398,17.2200,5.2900,3.6926,1.4326,False
c2c12_090318_exp1_F0013_Data,6.0000,3,27.8326,7.2383,22.5100,7.7200,4.3253,1.7848,False
c2c12_090318_exp1_F0013_Data,6.0000,3,35.0708,6.3199,30.2300,6.0500,5.2488,1.1527,True
c2c12_090318_exp1_F0013_Data,6.0000,3,41.3907,6.6885,36.2800,7.7900,5.9724,1.3043,True
c2c12_090318_exp1_F0013_Data,6.0000,3,48.0792,6.1309,44.0700,5.4300,6.9042,0.7865,True
c2c12_090318_exp1_F0013_Data,6.0000,3,54.2101,7.3052,49.5000,2.0100,7.5537,0.2661,True
c2c12_090318_exp1_F0013_Data,6.0000,3,61.5153,6.9476,51.5100,2.5900,7.7942,0.3323,True
c2c12_090318_exp1_F0013_Data,6.0000,3,68.4629,4.5082,54.1000,-0.3500,8.1040,-0.0432,True
c2c12_090318_exp1_F0013_Data,6.0000,3,72.9711,7.0722,53.7500,-0.6500,8.0621,-0.0806,True
c2c12_090318_exp1_F0013_Data,6.0000,3,80.0433,4.6008,53.1000,0.3300,7.9844,0.0413,True
c2c12_090318_exp1_F0013_Data,12.0000,1,0.0000,12.8218,4.3300,9.0400,3.7251,2.4267,False
c2c12_090318_exp1_F0013_Data,12.0000,1,12.8218,10.6187,13.3700,4.9900,5.5981,0.8914,False
c2c12_090318_exp1_F0013_Data,12.0000,1,23.4405,9.2458,18.3600,9.9700,6.6319,1.5033,False
c2c12_090318_exp1_F0013_Data,12.0000,1,32.6863,9.0992,28.3300,9.0600,8.6975,1.0417,False
c2c12_090318_exp1_F0013_Data,12.0000,1,41.7855,13.8796,37.3900,13.8600,10.5745,1.3107,True
c2c12_090318_exp1_F0013_Data,12.0000,1,55.6651,14.4765,51.2500,5.1000,13.4460,0.3793,True
c2c12_090318_exp1_F0013_Data,12.0000,1,70.1417,12.6398,56.3500,-1.4300,14.5027,-0.0986,True
c2c12_090318_exp1_F0013_Data,12.0000,3,0.0000,12.8218,4.3300,9.0400,2.1507,4.2033,False
c2c12_090318_exp1_F0013_Data,12.0000,3,12.8218,10.6187,13.3700,4.9900,3.2320,1.5439,False
c2c12_090318_exp1_F0013_Data,12.0000,3,23.4405,9.2458,18.3600,9.9700,3.8289,2.6039,False
c2c12_090318_exp1_F0013_Data,12.0000,3,32.6863,9.0992,28.3300,9.0600,5.0215,1.8042,False
c2c12_090318_exp1_F0013_Data,12.0000,3,41.7855,13.8796,37.3900,13.8600,6.1052,2.2702,True
c2c12_090318_exp1_F0013_Data,12.0000,3,55.6651,14.4765,51.2500,5.1000,7.7631,0.6570,True
c2c12_090318_exp1_F0013_Data,12.0000,3,70.1417,12.6398,56.3500,-1.4300,8.3731,-0.1708,True
c2c12_090318_exp1_F0016_Data,6.0000,1,0.0000,6.4109,2.6200,1.1100,3.3709,0.3293,False
c2c12_090318_exp1_F0016_Data,6.0000,1,6.4109,5.3094,3.7300,1.0800,3.6008,0.2999,False
c2c12_090318_exp1_F0016_Data,6.0000,1,11.7202,4.6229,4.8100,0.1600,3.8246,0.0418,False
c2c12_090318_exp1_F0016_Data,6.0000,1,16.3432,4.5496,4.9700,0.3500,3.8577,0.0907,False
c2c12_090318_exp1_F0016_Data,6.0000,1,20.8927,6.9398,5.3200,1.2600,3.9303,0.3206,False
c2c12_090318_exp1_F0016_Data,6.0000,1,27.8326,7.2383,6.5800,0.9000,4.1913,0.2147,False
c2c12_090318_exp1_F0016_Data,6.0000,1,35.0708,6.3199,7.4800,0.9700,4.3778,0.2216,False
c2c12_090318_exp1_F0016_Data,6.0000,1,41.3907,6.6885,8.4500,2.3400,4.5787,0.5111,False
c2c12_090318_exp1_F0016_Data,6.0000,1,48.0792,6.1309,10.7900,1.9500,5.0635,0.3851,False
c2c12_090318_exp1_F0016_Data,6.0000,1,54.2101,7.3052,12.7400,-0.0700,5.4675,-0.0128,False
c2c12_090318_exp1_F0016_Data,6.0000,1,61.5153,6.9476,12.6700,0.8500,5.4530,0.1559,False
c2c12_090318_exp1_F0016_Data,6.0000,1,68.4629,4.5082,13.5200,0.6200,5.6291,0.1101,False
c2c12_090318_exp1_F0016_Data,6.0000,1,72.9711,7.0722,14.1400,0.4200,5.7576,0.0729,False
c2c12_090318_exp1_F0016_Data,6.0000,1,80.0433,4.6008,14.5600,1.7700,5.8446,0.3028,False
c2c12_090318_exp1_F0016_Data,6.0000,3,0.0000,6.4109,2.6200,1.1100,1.9462,0.5703,False
c2c12_090318_exp1_F0016_Data,6.0000,3,6.4109,5.3094,3.7300,1.0800,2.0789,0.5195,False
c2c12_090318_exp1_F0016_Data,6.0000,3,11.7202,4.6229,4.8100,0.1600,2.2081,0.0725,False
c2c12_090318_exp1_F0016_Data,6.0000,3,16.3432,4.5496,4.9700,0.3500,2.2273,0.1571,False
c2c12_090318_exp1_F0016_Data,6.0000,3,20.8927,6.9398,5.3200,1.2600,2.2691,0.5553,False
c2c12_090318_exp1_F0016_Data,6.0000,3,27.8326,7.2383,6.5800,0.9000,2.4199,0.3719,False
c2c12_090318_exp1_F0016_Data,6.0000,3,35.0708,6.3199,7.4800,0.9700,2.5275,0.3838,False
c2c12_090318_exp1_F0016_Data,6.0000,3,41.3907,6.6885,8.4500,2.3400,2.6435,0.8852,False
c2c12_090318_exp1_F0016_Data,6.0000,3,48.0792,6.1309,10.7900,1.9500,2.9234,0.6670,False
c2c12_090318_exp1_F0016_Data,6.0000,3,54.2101,7.3052,12.7400,-0.0700,3.1567,-0.0222,False
c2c12_090318_exp1_F0016_Data,6.0000,3,61.5153,6.9476,12.6700,0.8500,3.1483,0.2700,False
c2c12_090318_exp1_F0016_Data,6.0000,3,68.4629,4.5082,13.5200,0.6200,3.2500,0.1908,False
c2c12_090318_exp1_F0016_Data,6.0000,3,72.9711,7.0722,14.1400,0.4200,3.3241,0.1263,False
c2c12_090318_exp1_F0016_Data,6.0000,3,80.0433,4.6008,14.5600,1.7700,3.3744,0.5245,False
c2c12_090318_exp1_F0016_Data,12.0000,1,0.0000,12.8218,2.6200,1.7900,3.3709,0.5310,False
c2c12_090318_exp1_F0016_Data,12.0000,1,12.8218,10.6187,4.4100,-0.2400,3.7417,-0.0641,False
c2c12_090318_exp1_F0016_Data,12.0000,1,23.4405,9.2458,4.1700,3.7700,3.6920,1.0211,False
c2c12_090318_exp1_F0016_Data,12.0000,1,32.6863,9.0992,7.9400,0.9300,4.4731,0.2079,False
c2c12_090318_exp1_F0016_Data,12.0000,1,41.7855,13.8796,8.8700,3.7400,4.6657,0.8016,False
c2c12_090318_exp1_F0016_Data,12.0000,1,55.6651,14.4765,12.6100,1.3700,5.4406,0.2518,False
c2c12_090318_exp1_F0016_Data,12.0000,1,70.1417,12.6398,13.9800,1.9700,5.7244,0.3441,False
c2c12_090318_exp1_F0016_Data,12.0000,3,0.0000,12.8218,2.6200,1.7900,1.9462,0.9198,False
c2c12_090318_exp1_F0016_Data,12.0000,3,12.8218,10.6187,4.4100,-0.2400,2.1603,-0.1111,False
c2c12_090318_exp1_F0016_Data,12.0000,3,23.4405,9.2458,4.1700,3.7700,2.1316,1.7686,False
c2c12_090318_exp1_F0016_Data,12.0000,3,32.6863,9.0992,7.9400,0.9300,2.5825,0.3601,False
c2c12_090318_exp1_F0016_Data,12.0000,3,41.7855,13.8796,8.8700,3.7400,2.6938,1.3884,False
c2c12_090318_exp1_F0016_Data,12.0000,3,55.6651,14.4765,12.6100,1.3700,3.1411,0.4361,False
c2c12_090318_exp1_F0016_Data,12.0000,3,70.1417,12.6398,13.9800,1.9700,3.3050,0.5961,False
c2c12_090325_exp1_F0003_Data,6.0000,1,0.0000,6.4109,2.5100,1.4200,3.3481,0.4241,False
c2c12_090325_exp1_F0003_Data,6.0000,1,6.4109,5.3094,3.9300,1.7500,3.6423,0.4805,False
c2c12_090325_exp1_F0003_Data,6.0000,1,11.7202,4.6229,5.6800,-0.7200,4.0048,-0.1798,False
c2c12_090325_exp1_F0003_Data,6.0000,1,16.3432,4.5496,4.9600,3.9300,3.8557,1.0193,False
c2c12_090325_exp1_F0003_Data,6.0000,1,20.8927,6.9398,8.8900,3.7900,4.6699,0.8116,False
c2c12_090325_exp1_F0003_Data,6.0000,1,27.8326,7.2383,12.6800,1.8300,5.4551,0.3355,False
c2c12_090325_exp1_F0003_Data,6.0000,1,35.0708,6.3199,14.5100,0.5800,5.8342,0.0994,False
c2c12_090325_exp1_F0003_Data,6.0000,1,41.3907,6.6885,15.0900,9.4800,5.9544,1.5921,False
c2c12_090325_exp1_F0003_Data,6.0000,1,48.0792,6.1309,24.5700,3.7200,7.9185,0.4698,False
c2c12_090325_exp1_F0003_Data,6.0000,1,54.2101,7.3052,28.2900,3.2800,8.6892,0.3775,False
c2c12_090325_exp1_F0003_Data,6.0000,1,61.5153,6.9476,31.5700,7.1700,9.3687,0.7653,True
c2c12_090325_exp1_F0003_Data,6.0000,1,68.4629,4.5082,38.7400,2.6800,10.8542,0.2469,True
c2c12_090325_exp1_F0003_Data,6.0000,1,72.9711,7.0722,41.4200,5.9000,11.4095,0.5171,True
c2c12_090325_exp1_F0003_Data,6.0000,1,80.0433,4.6008,47.3200,3.1700,12.6318,0.2510,True
c2c12_090325_exp1_F0003_Data,6.0000,3,0.0000,6.4109,2.5100,1.4200,1.9330,0.7346,False
c2c12_090325_exp1_F0003_Data,6.0000,3,6.4109,5.3094,3.9300,1.7500,2.1029,0.8322,False
c2c12_090325_exp1_F0003_Data,6.0000,3,11.7202,4.6229,5.6800,-0.7200,2.3122,-0.3114,False
c2c12_090325_exp1_F0003_Data,6.0000,3,16.3432,4.5496,4.9600,3.9300,2.2261,1.7654,False
c2c12_090325_exp1_F0003_Data,6.0000,3,20.8927,6.9398,8.8900,3.7900,2.6962,1.4057,False
c2c12_090325_exp1_F0003_Data,6.0000,3,27.8326,7.2383,12.6800,1.8300,3.1495,0.5810,False
c2c12_090325_exp1_F0003_Data,6.0000,3,35.0708,6.3199,14.5100,0.5800,3.3684,0.1722,False
c2c12_090325_exp1_F0003_Data,6.0000,3,41.3907,6.6885,15.0900,9.4800,3.4378,2.7576,False
c2c12_090325_exp1_F0003_Data,6.0000,3,48.0792,6.1309,24.5700,3.7200,4.5717,0.8137,False
c2c12_090325_exp1_F0003_Data,6.0000,3,54.2101,7.3052,28.2900,3.2800,5.0167,0.6538,False
c2c12_090325_exp1_F0003_Data,6.0000,3,61.5153,6.9476,31.5700,7.1700,5.4090,1.3256,True
c2c12_090325_exp1_F0003_Data,6.0000,3,68.4629,4.5082,38.7400,2.6800,6.2667,0.4277,True
c2c12_090325_exp1_F0003_Data,6.0000,3,72.9711,7.0722,41.4200,5.9000,6.5873,0.8957,True
c2c12_090325_exp1_F0003_Data,6.0000,3,80.0433,4.6008,47.3200,3.1700,7.2930,0.4347,True
c2c12_090325_exp1_F0003_Data,12.0000,1,0.0000,12.8218,2.5100,3.5600,3.3481,1.0633,False
c2c12_090325_exp1_F0003_Data,12.0000,1,12.8218,10.6187,6.0700,4.2400,4.0856,1.0378,False
c2c12_090325_exp1_F0003_Data,12.0000,1,23.4405,9.2458,10.3100,5.1000,4.9641,1.0274,False
c2c12_090325_exp1_F0003_Data,12.0000,1,32.6863,9.0992,15.4100,3.4800,6.0207,0.5780,False
c2c12_090325_exp1_F0003_Data,12.0000,1,41.7855,13.8796,18.8900,10.9900,6.7417,1.6302,False
c2c12_090325_exp1_F0003_Data,12.0000,1,55.6651,14.4765,29.8800,9.9700,9.0186,1.1055,False
c2c12_090325_exp1_F0003_Data,12.0000,1,70.1417,12.6398,39.8500,8.6200,11.0842,0.7777,True
c2c12_090325_exp1_F0003_Data,12.0000,3,0.0000,12.8218,2.5100,3.5600,1.9330,1.8417,False
c2c12_090325_exp1_F0003_Data,12.0000,3,12.8218,10.6187,6.0700,4.2400,2.3588,1.7975,False
c2c12_090325_exp1_F0003_Data,12.0000,3,23.4405,9.2458,10.3100,5.1000,2.8660,1.7795,False
c2c12_090325_exp1_F0003_Data,12.0000,3,32.6863,9.0992,15.4100,3.4800,3.4761,1.0011,False
c2c12_090325_exp1_F0003_Data,12.0000,3,41.7855,13.8796,18.8900,10.9900,3.8923,2.8235,False
c2c12_090325_exp1_F0003_Data,12.0000,3,55.6651,14.4765,29.8800,9.9700,5.2069,1.9148,False
c2c12_090325_exp1_F0003_Data,12.0000,3,70.1417,12.6398,39.8500,8.6200,6.3995,1.3470,True
c2c12_090325_exp1_F0007_Data,6.0000,1,0.0000,6.4109,3.4200,1.4700,3.5366,0.4157,False
c2c12_090325_exp1_F0007_Data,6.0000,1,6.4109,5.3094,4.8900,1.7500,3.8412,0.4556,False
c2c12_090325_exp1_F0007_Data,6.0000,1,11.7202,4.6229,6.6400,0.7700,4.2037,0.1832,False
c2c12_090325_exp1_F0007_Data,6.0000,1,16.3432,4.5496,7.4100,0.2200,4.3633,0.0504,False
c2c12_090325_exp1_F0007_Data,6.0000,1,20.8927,6.9398,7.6300,1.6200,4.4088,0.3674,False
c2c12_090325_exp1_F0007_Data,6.0000,1,27.8326,7.2383,9.2500,1.5100,4.7445,0.3183,False
c2c12_090325_exp1_F0007_Data,6.0000,1,35.0708,6.3199,10.7600,3.0300,5.0573,0.5991,False
c2c12_090325_exp1_F0007_Data,6.0000,1,41.3907,6.6885,13.7900,0.9300,5.6851,0.1636,False
c2c12_090325_exp1_F0007_Data,6.0000,1,48.0792,6.1309,14.7200,4.3800,5.8777,0.7452,False
c2c12_090325_exp1_F0007_Data,6.0000,1,54.2101,7.3052,19.1000,1.8200,6.7852,0.2682,False
c2c12_090325_exp1_F0007_Data,6.0000,1,61.5153,6.9476,20.9200,2.2300,7.1623,0.3114,False
c2c12_090325_exp1_F0007_Data,6.0000,1,68.4629,4.5082,23.1500,2.8600,7.6243,0.3751,False
c2c12_090325_exp1_F0007_Data,6.0000,1,72.9711,7.0722,26.0100,1.9800,8.2168,0.2410,False
c2c12_090325_exp1_F0007_Data,6.0000,1,80.0433,4.6008,27.9900,1.9600,8.6270,0.2272,False
c2c12_090325_exp1_F0007_Data,6.0000,3,0.0000,6.4109,3.4200,1.4700,2.0419,0.7199,False
c2c12_090325_exp1_F0007_Data,6.0000,3,6.4109,5.3094,4.8900,1.7500,2.2177,0.7891,False
c2c12_090325_exp1_F0007_Data,6.0000,3,11.7202,4.6229,6.6400,0.7700,2.4270,0.3173,False
c2c12_090325_exp1_F0007_Data,6.0000,3,16.3432,4.5496,7.4100,0.2200,2.5191,0.0873,False
c2c12_090325_exp1_F0007_Data,6.0000,3,20.8927,6.9398,7.6300,1.6200,2.5454,0.6364,False
c2c12_090325_exp1_F0007_Data,6.0000,3,27.8326,7.2383,9.2500,1.5100,2.7392,0.5513,False
c2c12_090325_exp1_F0007_Data,6.0000,3,35.0708,6.3199,10.7600,3.0300,2.9198,1.0377,False
c2c12_090325_exp1_F0007_Data,6.0000,3,41.3907,6.6885,13.7900,0.9300,3.2823,0.2833,False
c2c12_090325_exp1_F0007_Data,6.0000,3,48.0792,6.1309,14.7200,4.3800,3.3935,1.2907,False
c2c12_090325_exp1_F0007_Data,6.0000,3,54.2101,7.3052,19.1000,1.8200,3.9174,0.4646,False
c2c12_090325_exp1_F0007_Data,6.0000,3,61.5153,6.9476,20.9200,2.2300,4.1351,0.5393,False
c2c12_090325_exp1_F0007_Data,6.0000,3,68.4629,4.5082,23.1500,2.8600,4.4019,0.6497,False
c2c12_090325_exp1_F0007_Data,6.0000,3,72.9711,7.0722,26.0100,1.9800,4.7440,0.4174,False
c2c12_090325_exp1_F0007_Data,6.0000,3,80.0433,4.6008,27.9900,1.9600,4.9808,0.3935,False
c2c12_090325_exp1_F0007_Data,12.0000,1,0.0000,12.8218,3.4200,3.5000,3.5366,0.9896,False
c2c12_090325_exp1_F0007_Data,12.0000,1,12.8218,10.6187,6.9200,1.1900,4.2617,0.2792,False
c2c12_090325_exp1_F0007_Data,12.0000,1,23.4405,9.2458,8.1100,2.4500,4.5083,0.5434,False
c2c12_090325_exp1_F0007_Data,12.0000,1,32.6863,9.0992,10.5600,3.3900,5.0159,0.6759,False
c2c12_090325_exp1_F0007_Data,12.0000,1,41.7855,13.8796,13.9500,5.3600,5.7182,0.9374,False
c2c12_090325_exp1_F0007_Data,12.0000,1,55.6651,14.4765,19.3100,4.1500,6.8287,0.6077,False
c2c12_090325_exp1_F0007_Data,12.0000,1,70.1417,12.6398,23.4600,5.7200,7.6885,0.7440,False
c2c12_090325_exp1_F0007_Data,12.0000,3,0.0000,12.8218,3.4200,3.5000,2.0419,1.7141,False
c2c12_090325_exp1_F0007_Data,12.0000,3,12.8218,10.6187,6.9200,1.1900,2.4605,0.4836,False
c2c12_090325_exp1_F0007_Data,12.0000,3,23.4405,9.2458,8.1100,2.4500,2.6029,0.9413,False
c2c12_090325_exp1_F0007_Data,12.0000,3,32.6863,9.0992,10.5600,3.3900,2.8959,1.1706,False
c2c12_090325_exp1_F0007_Data,12.0000,3,41.7855,13.8796,13.9500,5.3600,3.3014,1.6235,False
c2c12_090325_exp1_F0007_Data,12.0000,3,55.6651,14.4765,19.3100,4.1500,3.9426,1.0526,False
c2c12_090325_exp1_F0007_Data,12.0000,3,70.1417,12.6398,23.4600,5.7200,4.4390,1.2886,False
c2c12_090325_exp1_F0011_Data,6.0000,1,0.0000,6.4109,2.3300,2.4600,3.3108,0.7430,False
c2c12_090325_exp1_F0011_Data,6.0000,1,6.4109,5.3094,4.7900,1.7200,3.8205,0.4502,False
c2c12_090325_exp1_F0011_Data,6.0000,1,11.7202,4.6229,6.5100,1.6200,4.1768,0.3879,False
c2c12_090325_exp1_F0011_Data,6.0000,1,16.3432,4.5496,8.1300,0.5200,4.5124,0.1152,False
c2c12_090325_exp1_F0011_Data,6.0000,1,20.8927,6.9398,8.6500,2.2300,4.6202,0.4827,False
c2c12_090325_exp1_F0011_Data,6.0000,1,27.8326,7.2383,10.8800,4.4300,5.0822,0.8717,False
c2c12_090325_exp1_F0011_Data,6.0000,1,35.0708,6.3199,15.3100,0.0200,6.0000,0.0033,False
c2c12_090325_exp1_F0011_Data,6.0000,1,41.3907,6.6885,15.3300,5.2400,6.0041,0.8727,False
c2c12_090325_exp1_F0011_Data,6.0000,1,48.0792,6.1309,20.5700,5.8700,7.0898,0.8280,False
c2c12_090325_exp1_F0011_Data,6.0000,1,54.2101,7.3052,26.4400,8.7500,8.3059,1.0535,False
c2c12_090325_exp1_F0011_Data,6.0000,1,61.5153,6.9476,35.1900,1.9600,10.1187,0.1937,True
c2c12_090325_exp1_F0011_Data,6.0000,1,68.4629,4.5082,37.1500,3.8600,10.5248,0.3668,True
c2c12_090325_exp1_F0011_Data,6.0000,1,72.9711,7.0722,41.0100,3.9600,11.3245,0.3497,True
c2c12_090325_exp1_F0011_Data,6.0000,1,80.0433,4.6008,44.9700,-1.1600,12.1449,-0.0955,True
c2c12_090325_exp1_F0011_Data,6.0000,3,0.0000,6.4109,2.3300,2.4600,1.9115,1.2870,False
c2c12_090325_exp1_F0011_Data,6.0000,3,6.4109,5.3094,4.7900,1.7200,2.2057,0.7798,False
c2c12_090325_exp1_F0011_Data,6.0000,3,11.7202,4.6229,6.5100,1.6200,2.4115,0.6718,False
c2c12_090325_exp1_F0011_Data,6.0000,3,16.3432,4.5496,8.1300,0.5200,2.6053,0.1996,False
c2c12_090325_exp1_F0011_Data,6.0000,3,20.8927,6.9398,8.6500,2.2300,2.6675,0.8360,False
c2c12_090325_exp1_F0011_Data,6.0000,3,27.8326,7.2383,10.8800,4.4300,2.9342,1.5098,False
c2c12_090325_exp1_F0011_Data,6.0000,3,35.0708,6.3199,15.3100,0.0200,3.4641,0.0058,False
c2c12_090325_exp1_F0011_Data,6.0000,3,41.3907,6.6885,15.3300,5.2400,3.4665,1.5116,False
c2c12_090325_exp1_F0011_Data,6.0000,3,48.0792,6.1309,20.5700,5.8700,4.0933,1.4341,False
c2c12_090325_exp1_F0011_Data,6.0000,3,54.2101,7.3052,26.4400,8.7500,4.7954,1.8247,False
c2c12_090325_exp1_F0011_Data,6.0000,3,61.5153,6.9476,35.1900,1.9600,5.8420,0.3355,True
c2c12_090325_exp1_F0011_Data,6.0000,3,68.4629,4.5082,37.1500,3.8600,6.0765,0.6352,True
c2c12_090325_exp1_F0011_Data,6.0000,3,72.9711,7.0722,41.0100,3.9600,6.5382,0.6057,True
c2c12_090325_exp1_F0011_Data,6.0000,3,80.0433,4.6008,44.9700,-1.1600,7.0119,-0.1654,True
c2c12_090325_exp1_F0011_Data,12.0000,1,0.0000,12.8218,2.3300,4.7600,3.3108,1.4377,False
c2c12_090325_exp1_F0011_Data,12.0000,1,12.8218,10.6187,7.0900,1.7300,4.2970,0.4026,False
c2c12_090325_exp1_F0011_Data,12.0000,1,23.4405,9.2458,8.8200,6.0700,4.6554,1.3039,False
c2c12_090325_exp1_F0011_Data,12.0000,1,32.6863,9.0992,14.8900,1.9800,5.9130,0.3349,False
c2c12_090325_exp1_F0011_Data,12.0000,1,41.7855,13.8796,16.8700,11.3000,6.3232,1.7871,False
c2c12_090325_exp1_F0011_Data,12.0000,1,55.6651,14.4765,28.1700,11.1100,8.6643,1.2823,False
c2c12_090325_exp1_F0011_Data,12.0000,1,70.1417,12.6398,39.2800,4.1300,10.9661,0.3766,True
c2c12_090325_exp1_F0011_Data,12.0000,3,0.0000,12.8218,2.3300,4.7600,1.9115,2.4902,False
c2c12_090325_exp1_F0011_Data,12.0000,3,12.8218,10.6187,7.0900,1.7300,2.4809,0.6973,False
c2c12_090325_exp1_F0011_Data,12.0000,3,23.4405,9.2458,8.8200,6.0700,2.6878,2.2584,False
c2c12_090325_exp1_F0011_Data,12.0000,3,32.6863,9.0992,14.8900,1.9800,3.4139,0.5800,False
c2c12_090325_exp1_F0011_Data,12.0000,3,41.7855,13.8796,16.8700,11.3000,3.6507,3.0953,False
c2c12_090325_exp1_F0011_Data,12.0000,3,55.6651,14.4765,28.1700,11.1100,5.0023,2.2210,False
c2c12_090325_exp1_F0011_Data,12.0000,3,70.1417,12.6398,39.2800,4.1300,6.3313,0.6523,True
c2c12_090325_exp1_F0013_Data,6.0000,1,0.0000,6.4109,2.1800,1.8200,3.2797,0.5549,False
c2c12_090325_exp1_F0013_Data,6.0000,1,6.4109,5.3094,4.0000,2.3000,3.6568,0.6290,False
c2c12_090325_exp1_F0013_Data,6.0000,1,11.7202,4.6229,6.3000,0.8300,4.1333,0.2008,False
c2c12_090325_exp1_F0013_Data,6.0000,1,16.3432,4.5496,7.1300,1.7200,4.3053,0.3995,False
c2c12_090325_exp1_F0013_Data,6.0000,1,20.8927,6.9398,8.8500,2.4500,4.6616,0.5256,False
c2c12_090325_exp1_F0013_Data,6.0000,1,27.8326,7.2383,11.3000,5.0900,5.1692,0.9847,False
c2c12_090325_exp1_F0013_Data,6.0000,1,35.0708,6.3199,16.3900,1.5000,6.2237,0.2410,False
c2c12_090325_exp1_F0013_Data,6.0000,1,41.3907,6.6885,17.8900,5.5600,6.5345,0.8509,False
c2c12_090325_exp1_F0013_Data,6.0000,1,48.0792,6.1309,23.4500,3.8800,7.6864,0.5048,False
c2c12_090325_exp1_F0013_Data,6.0000,1,54.2101,7.3052,27.3300,3.7000,8.4903,0.4358,False
c2c12_090325_exp1_F0013_Data,6.0000,1,61.5153,6.9476,31.0300,4.1500,9.2569,0.4483,True
c2c12_090325_exp1_F0013_Data,6.0000,1,68.4629,4.5082,35.1800,2.8700,10.1167,0.2837,True
c2c12_090325_exp1_F0013_Data,6.0000,1,72.9711,7.0722,38.0500,4.0400,10.7113,0.3772,True
c2c12_090325_exp1_F0013_Data,6.0000,1,80.0433,4.6008,42.0900,0.0100,11.5483,0.0009,True
c2c12_090325_exp1_F0013_Data,6.0000,3,0.0000,6.4109,2.1800,1.8200,1.8935,0.9612,False
c2c12_090325_exp1_F0013_Data,6.0000,3,6.4109,5.3094,4.0000,2.3000,2.1112,1.0894,False
c2c12_090325_exp1_F0013_Data,6.0000,3,11.7202,4.6229,6.3000,0.8300,2.3864,0.3478,False
c2c12_090325_exp1_F0013_Data,6.0000,3,16.3432,4.5496,7.1300,1.7200,2.4856,0.6920,False
c2c12_090325_exp1_F0013_Data,6.0000,3,20.8927,6.9398,8.8500,2.4500,2.6914,0.9103,False
c2c12_090325_exp1_F0013_Data,6.0000,3,27.8326,7.2383,11.3000,5.0900,2.9844,1.7055,False
c2c12_090325_exp1_F0013_Data,6.0000,3,35.0708,6.3199,16.3900,1.5000,3.5933,0.4174,False
c2c12_090325_exp1_F0013_Data,6.0000,3,41.3907,6.6885,17.8900,5.5600,3.7727,1.4737,False
c2c12_090325_exp1_F0013_Data,6.0000,3,48.0792,6.1309,23.4500,3.8800,4.4378,0.8743,False
c2c12_090325_exp1_F0013_Data,6.0000,3,54.2101,7.3052,27.3300,3.7000,4.9019,0.7548,False
c2c12_090325_exp1_F0013_Data,6.0000,3,61.5153,6.9476,31.0300,4.1500,5.3444,0.7765,True
c2c12_090325_exp1_F0013_Data,6.0000,3,68.4629,4.5082,35.1800,2.8700,5.8409,0.4914,True
c2c12_090325_exp1_F0013_Data,6.0000,3,72.9711,7.0722,38.0500,4.0400,6.1841,0.6533,True
c2c12_090325_exp1_F0013_Data,6.0000,3,80.0433,4.6008,42.0900,0.0100,6.6674,0.0015,True
c2c12_090325_exp1_F0013_Data,12.0000,1,0.0000,12.8218,2.1800,3.5700,3.2797,1.0885,False
c2c12_090325_exp1_F0013_Data,12.0000,1,12.8218,10.6187,5.7500,4.1100,4.0193,1.0226,False
c2c12_090325_exp1_F0013_Data,12.0000,1,23.4405,9.2458,9.8600,4.0800,4.8709,0.8376,False
c2c12_090325_exp1_F0013_Data,12.0000,1,32.6863,9.0992,13.9400,4.3800,5.7161,0.7663,False
c2c12_090325_exp1_F0013_Data,12.0000,1,41.7855,13.8796,18.3200,10.5900,6.6236,1.5988,False
c2c12_090325_exp1_F0013_Data,12.0000,1,55.6651,14.4765,28.9100,7.8800,8.8176,0.8937,False
c2c12_090325_exp1_F0013_Data,12.0000,1,70.1417,12.6398,36.7900,4.4800,10.4502,0.4287,True
c2c12_090325_exp1_F0013_Data,12.0000,3,0.0000,12.8218,2.1800,3.5700,1.8935,1.8854,False
c2c12_090325_exp1_F0013_Data,12.0000,3,12.8218,10.6187,5.7500,4.1100,2.3206,1.7711,False
c2c12_090325_exp1_F0013_Data,12.0000,3,23.4405,9.2458,9.8600,4.0800,2.8122,1.4508,False
c2c12_090325_exp1_F0013_Data,12.0000,3,32.6863,9.0992,13.9400,4.3800,3.3002,1.3272,False
c2c12_090325_exp1_F0013_Data,12.0000,3,41.7855,13.8796,18.3200,10.5900,3.8241,2.7693,False
c2c12_090325_exp1_F0013_Data,12.0000,3,55.6651,14.4765,28.9100,7.8800,5.0909,1.5479,False
c2c12_090325_exp1_F0013_Data,12.0000,3,70.1417,12.6398,36.7900,4.4800,6.0334,0.7425,True
c2c12_090325_exp1_F0018_Data,6.0000,1,0.0000,6.4109,2.3600,0.6700,3.3170,0.2020,False
c2c12_090325_exp1_F0018_Data,6.0000,1,6.4109,5.3094,3.0300,2.1000,3.4558,0.6077,False
c2c12_090325_exp1_F0018_Data,6.0000,1,11.7202,4.6229,5.1300,0.5000,3.8909,0.1285,False
c2c12_090325_exp1_F0018_Data,6.0000,1,16.3432,4.5496,5.6300,1.3400,3.9945,0.3355,False
c2c12_090325_exp1_F0018_Data,6.0000,1,20.8927,6.9398,6.9700,1.9900,4.2721,0.4658,False
c2c12_090325_exp1_F0018_Data,6.0000,1,27.8326,7.2383,8.9600,0.0200,4.6844,0.0043,False
c2c12_090325_exp1_F0018_Data,6.0000,1,35.0708,6.3199,8.9800,3.5700,4.6885,0.7614,False
c2c12_090325_exp1_F0018_Data,6.0000,1,41.3907,6.6885,12.5500,2.7200,5.4282,0.5011,False
c2c12_090325_exp1_F0018_Data,6.0000,1,48.0792,6.1309,15.2700,1.5900,5.9917,0.2654,False
c2c12_090325_exp1_F0018_Data,6.0000,1,54.2101,7.3052,16.8600,1.7200,6.3211,0.2721,False
c2c12_090325_exp1_F0018_Data,6.0000,1,61.5153,6.9476,18.5800,2.2600,6.6775,0.3385,False
c2c12_090325_exp1_F0018_Data,6.0000,1,68.4629,4.5082,20.8400,3.1800,7.1457,0.4450,False
c2c12_090325_exp1_F0018_Data,6.0000,1,72.9711,7.0722,24.0200,2.0900,7.8045,0.2678,False
c2c12_090325_exp1_F0018_Data,6.0000,1,80.0433,4.6008,26.1100,3.1600,8.2375,0.3836,False
c2c12_090325_exp1_F0018_Data,6.0000,3,0.0000,6.4109,2.3600,0.6700,1.9151,0.3499,False
c2c12_090325_exp1_F0018_Data,6.0000,3,6.4109,5.3094,3.0300,2.1000,1.9952,1.0525,False
c2c12_090325_exp1_F0018_Data,6.0000,3,11.7202,4.6229,5.1300,0.5000,2.2464,0.2226,False
c2c12_090325_exp1_F0018_Data,6.0000,3,16.3432,4.5496,5.6300,1.3400,2.3062,0.5810,False
c2c12_090325_exp1_F0018_Data,6.0000,3,20.8927,6.9398,6.9700,1.9900,2.4665,0.8068,False
c2c12_090325_exp1_F0018_Data,6.0000,3,27.8326,7.2383,8.9600,0.0200,2.7045,0.0074,False
c2c12_090325_exp1_F0018_Data,6.0000,3,35.0708,6.3199,8.9800,3.5700,2.7069,1.3188,False
c2c12_090325_exp1_F0018_Data,6.0000,3,41.3907,6.6885,12.5500,2.7200,3.1340,0.8679,False
c2c12_090325_exp1_F0018_Data,6.0000,3,48.0792,6.1309,15.2700,1.5900,3.4593,0.4596,False
c2c12_090325_exp1_F0018_Data,6.0000,3,54.2101,7.3052,16.8600,1.7200,3.6495,0.4713,False
c2c12_090325_exp1_F0018_Data,6.0000,3,61.5153,6.9476,18.5800,2.2600,3.8552,0.5862,False
c2c12_090325_exp1_F0018_Data,6.0000,3,68.4629,4.5082,20.8400,3.1800,4.1256,0.7708,False
c2c12_090325_exp1_F0018_Data,6.0000,3,72.9711,7.0722,24.0200,2.0900,4.5059,0.4638,False
c2c12_090325_exp1_F0018_Data,6.0000,3,80.0433,4.6008,26.1100,3.1600,4.7559,0.6644,False
c2c12_090325_exp1_F0018_Data,12.0000,1,0.0000,12.8218,2.3600,2.8900,3.3170,0.8713,False
c2c12_090325_exp1_F0018_Data,12.0000,1,12.8218,10.6187,5.2500,1.5100,3.9158,0.3856,False
c2c12_090325_exp1_F0018_Data,12.0000,1,23.4405,9.2458,6.7600,1.0300,4.2286,0.2436,False
c2c12_090325_exp1_F0018_Data,12.0000,1,32.6863,9.0992,7.7900,4.5400,4.4420,1.0221,False
c2c12_090325_exp1_F0018_Data,12.0000,1,41.7855,13.8796,12.3300,4.1100,5.3826,0.7636,False
c2c12_090325_exp1_F0018_Data,12.0000,1,55.6651,14.4765,16.4400,4.8900,6.2341,0.7844,False
c2c12_090325_exp1_F0018_Data,12.0000,1,70.1417,12.6398,21.3300,7.7600,7.2472,1.0708,False
c2c12_090325_exp1_F0018_Data,12.0000,3,0.0000,12.8218,2.3600,2.8900,1.9151,1.5091,False
c2c12_090325_exp1_F0018_Data,12.0000,3,12.8218,10.6187,5.2500,1.5100,2.2608,0.6679,False
c2c12_090325_exp1_F0018_Data,12.0000,3,23.4405,9.2458,6.7600,1.0300,2.4414,0.4219,False
c2c12_090325_exp1_F0018_Data,12.0000,3,32.6863,9.0992,7.7900,4.5400,2.5646,1.7703,False
c2c12_090325_exp1_F0018_Data,12.0000,3,41.7855,13.8796,12.3300,4.1100,3.1076,1.3225,False
c2c12_090325_exp1_F0018_Data,12.0000,3,55.6651,14.4765,16.4400,4.8900,3.5993,1.3586,False
c2c12_090325_exp1_F0018_Data,12.0000,3,70.1417,12.6398,21.3300,7.7600,4.1842,1.8546,False
