experiment,base_sequence_id,n,v02,v03,gap_pp
090303,c2c12_090303_exp1_F0003_Data,85,95.3,3.5,91.8
090303,c2c12_090303_exp1_F0014_Data,85,89.4,1.2,88.2
090318,c2c12_090318_exp1_F0001_Data,89,97.8,9.0,88.8
090318,c2c12_090318_exp1_F0003_Data,89,96.6,16.9,79.8
090318,c2c12_090318_exp1_F0005_Data,89,89.9,2.2,87.6
090318,c2c12_090318_exp1_F0007_Data,89,91.0,13.5,77.5
090318,c2c12_090318_exp1_F0011_Data,89,88.8,2.2,86.5
090318,c2c12_090318_exp1_F0013_Data,89,96.6,4.5,92.1
090318,c2c12_090318_exp1_F0016_Data,89,100.0,68.5,31.5
090325,c2c12_090325_exp1_F0003_Data,87,97.7,3.4,94.3
090325,c2c12_090325_exp1_F0007_Data,87,96.6,4.6,92.0
090325,c2c12_090325_exp1_F0011_Data,87,93.1,2.3,90.8
090325,c2c12_090325_exp1_F0013_Data,87,97.7,3.4,94.3
090325,c2c12_090325_exp1_F0018_Data,87,100.0,3.4,96.6
